hour	m_C	l_C	u_C	m_B	l_B	u_B	m_CO2	l_CO2	u_CO2	m_Enz	l_Enz	u_Enz	m_Exu	l_Exu	u_Exu	m_Waste	l_Waste	u_Waste	m_deadB	l_deadB	u_deadB
1	100	100	100	0.1	0.1	0.1	0	0	0	0	0	0	0	0	0	0	0	0	0	0	0
2	99.99210286	99.97971857	99.99779362	0.10110257	0.089602872	0.112418092	0.006421484	0.00061509	0.017143468	0.000187019	4.14915E-05	0.000541172	7.21699E-05	1.62887E-06	0.000441397	7.45781E-05	1.64934E-06	0.000456284	3.93234E-05	5.99976E-06	0.00013708
3	99.98392286	99.95714246	99.99563959	0.103639867	0.086150348	0.124418102	0.011681287	0.001287475	0.03014728	0.000380605	8.11761E-05	0.00112198	0.000145502	3.22541E-06	0.000897264	0.000150469	3.32422E-06	0.000925199	7.94062E-05	1.20485E-05	0.000277932
4	99.9754269	99.93275442	99.99347928	0.106346925	0.08523162	0.134298367	0.017075346	0.002115564	0.042947855	0.000581547	0.000121798	0.001737815	0.000220472	4.88385E-06	0.001366418	0.000228285	5.07695E-06	0.001404023	0.000120522	1.82332E-05	0.000423193
5	99.96662709	99.9070056	99.99128013	0.108939518	0.085357235	0.143156823	0.022876116	0.003344939	0.057434444	0.000789556	0.000162323	0.002394916	0.000297008	6.5846E-06	0.001826499	0.000308053	6.87592E-06	0.001886469	0.000162657	2.46813E-05	0.000568291
6	99.95752669	99.87947323	99.98906736	0.111505564	0.085819051	0.151988073	0.028992644	0.00494094	0.073413725	0.001004548	0.000202895	0.003068911	0.000375034	8.38269E-06	0.002292634	0.000389739	8.67762E-06	0.002395754	0.000205779	3.13612E-05	0.000718138
7	99.94811761	99.85027184	99.98688201	0.114117433	0.086438964	0.161196936	0.035360459	0.006692647	0.091769145	0.001226701	0.000244378	0.003789095	0.000454546	1.02144E-05	0.002774091	0.000473359	1.05083E-05	0.002923724	0.000249892	3.78782E-05	0.00087759
8	99.9383859	99.81937692	99.984701	0.116808017	0.087013455	0.170511104	0.041960188	0.008488517	0.112145601	0.001456329	0.00028575	0.004584354	0.000535578	1.20438E-05	0.003272348	0.000558965	1.2311E-05	0.003459789	0.000295019	4.44892E-05	0.001034439
9	99.92831431	99.78669658	99.98251439	0.119593745	0.087625213	0.180494635	0.048792122	0.010284912	0.133148593	0.001693819	0.000327471	0.005415064	0.000618183	1.38906E-05	0.003774118	0.000646626	1.42143E-05	0.004008591	0.000341193	5.10071E-05	0.001195941
10	99.9178831	99.7518111	99.98029881	0.12248519	0.088198659	0.191021036	0.055864807	0.01211799	0.154665483	0.001939614	0.000369211	0.006280277	0.000702419	1.57493E-05	0.004281198	0.000736419	1.61352E-05	0.004572454	0.000388452	5.79604E-05	0.00136336
11	99.90707022	99.71487651	99.97803451	0.125491067	0.088806139	0.202669928	0.06319089	0.014056224	0.179209448	0.002194207	0.000411422	0.00716051	0.000788355	1.77663E-05	0.004794988	0.00082843	1.80321E-05	0.005163254	0.000436836	6.4914E-05	0.001535333
12	99.8958512	99.67506065	99.97575841	0.12861997	0.089465977	0.215254374	0.070785489	0.015944394	0.204322605	0.002458142	0.000453968	0.00814031	0.000876061	1.9726E-05	0.005302214	0.000922752	2.00505E-05	0.005723993	0.00048639	7.20758E-05	0.001708472
13	99.88419883	99.63341222	99.9734777	0.131881078	0.090012615	0.22780465	0.078665809	0.017718611	0.231415143	0.002732023	0.000496228	0.009174501	0.000965615	2.17775E-05	0.005851984	0.001019484	2.21105E-05	0.00635513	0.00053716	7.98934E-05	0.001887168
14	99.87208275	99.58961691	99.9712141	0.135284499	0.090597105	0.241920474	0.086851199	0.019481717	0.260346504	0.003016521	0.000539269	0.01026551	0.001057101	2.36992E-05	0.006430273	0.001118732	2.42586E-05	0.006945541	0.000589198	8.71957E-05	0.002069704
15	99.85946908	99.54233681	99.96896526	0.138841492	0.091168175	0.256356105	0.095363267	0.021344918	0.290326667	0.00331238	0.000583375	0.011420674	0.001150611	2.58717E-05	0.006985321	0.001220613	2.65209E-05	0.007622249	0.000642557	9.44245E-05	0.002263486
16	99.8463198	99.4917264	99.96672919	0.142564679	0.091743505	0.271431181	0.104226291	0.023257372	0.322145657	0.003620435	0.000627737	0.012692059	0.001246242	2.80409E-05	0.007540169	0.001325251	2.8692E-05	0.008268557	0.000697296	0.000101848	0.002474654
17	99.83259241	99.4390372	99.96448316	0.146468213	0.092271801	0.287115753	0.1134674	0.024977036	0.356626158	0.003941614	0.00067229	0.013943227	0.001344103	3.01538E-05	0.008118399	0.001432784	3.07708E-05	0.008896886	0.000753479	0.000109717	0.002680254
18	99.81823925	99.38084302	99.9621591	0.150567945	0.092814389	0.304336181	0.123117012	0.026861488	0.395256895	0.004276954	0.000716606	0.015332907	0.001444311	3.22851E-05	0.008732573	0.001543359	3.29562E-05	0.00958421	0.000811172	0.000118192	0.002887356
19	99.80320711	99.3208956	99.95985199	0.154881519	0.093323599	0.322530395	0.133209173	0.028602035	0.435143022	0.004627611	0.000759345	0.016743428	0.001546995	3.44628E-05	0.009365598	0.00165714	3.51962E-05	0.010266399	0.000870452	0.000126099	0.003085671
20	99.78743701	99.25955094	99.95751766	0.159428357	0.093856485	0.342106981	0.143781769	0.0303388	0.475593685	0.004994869	0.000803131	0.018311337	0.001652296	3.6687E-05	0.009977926	0.001774304	3.74636E-05	0.011018866	0.000931398	0.000134054	0.00332332
21	99.77086429	99.19477738	99.9552195	0.164229469	0.094425735	0.36204465	0.154876595	0.032014952	0.518966774	0.005380134	0.00084632	0.019955124	0.001760369	3.87574E-05	0.010697314	0.001895048	3.96397E-05	0.011820901	0.000994099	0.000142181	0.003577552
22	99.75341957	99.12432318	99.95289265	0.169306864	0.094927132	0.384000276	0.166539025	0.033840213	0.567792057	0.005784925	0.000891348	0.02163169	0.001871384	4.12054E-05	0.011419375	0.002019585	4.20117E-05	0.012650237	0.00105865	0.000150839	0.003818303
23	99.73503114	99.04963295	99.95056323	0.174682288	0.095439885	0.407167927	0.178816914	0.035751069	0.613847607	0.006210827	0.000935898	0.023318456	0.001985527	4.36619E-05	0.012073028	0.002148152	4.44444E-05	0.013455085	0.001125155	0.000159992	0.004071176
24	99.71562977	98.97068526	99.94820731	0.180374846	0.095935791	0.431504998	0.191758252	0.037670172	0.666336761	0.006659406	0.000982208	0.025062619	0.002102998	4.60139E-05	0.012769261	0.002281002	4.68446E-05	0.014262469	0.001193727	0.000168543	0.00431524
25	99.6951579	98.88872213	99.94582055	0.186396655	0.096566702	0.458053835	0.205406519	0.039362416	0.724272614	0.007132024	0.001029566	0.026922817	0.002224011	4.84414E-05	0.013587127	0.002418409	4.92345E-05	0.015145586	0.001264484	0.000177568	0.004608373
26	99.6735861	98.79953009	99.94345041	0.192745216	0.097009936	0.486597971	0.219792196	0.041194105	0.783601778	0.007629507	0.001077087	0.028877324	0.002348783	5.08846E-05	0.014250377	0.002560653	5.18758E-05	0.015984519	0.00133755	0.00018644	0.004854346
27	99.65094222	98.70772602	99.94101793	0.199390163	0.097520102	0.516388674	0.23491755	0.042943915	0.84154959	0.008151509	0.001122326	0.030929957	0.002477523	5.34223E-05	0.014991555	0.002707997	5.4386E-05	0.016873755	0.001413042	0.000195236	0.005143555
28	99.62736055	98.60811346	99.93858733	0.206251616	0.098043567	0.548362082	0.250730392	0.044812617	0.908254502	0.008695359	0.001169131	0.033200546	0.002610395	5.58627E-05	0.015708765	0.00286063	5.69685E-05	0.017826346	0.001491053	0.00020437	0.005443736
29	99.60312306	98.50154176	99.93621458	0.213192606	0.098548065	0.581920468	0.267091734	0.046577034	0.972805553	0.00925497	0.001215558	0.035541708	0.002747467	5.83914E-05	0.016569036	0.00301855	5.97245E-05	0.018798726	0.001571613	0.0002137	0.005749484
30	99.57842817	98.39275333	99.93375802	0.220184089	0.099023334	0.617835639	0.283836752	0.04855773	1.046194932	0.009826037	0.001260869	0.038108863	0.002888708	6.11024E-05	0.017215492	0.003181556	6.24734E-05	0.019690595	0.001654685	0.000222785	0.00612292
31	99.55302063	98.27264991	99.93127961	0.227455311	0.099410257	0.656135846	0.30098847	0.050376783	1.121803853	0.010414596	0.001309696	0.0409075	0.003033175	6.39037E-05	0.018067202	0.003347515	6.52103E-05	0.020707681	0.001740307	0.00023258	0.006459511
32	99.52660154	98.13959534	99.92883862	0.235134959	0.099856129	0.695262057	0.318709544	0.052027812	1.20321507	0.011027489	0.001358561	0.043751291	0.003181101	6.66776E-05	0.018759324	0.003516728	6.79961E-05	0.021900554	0.001828642	0.000242798	0.006864104
33	99.49903692	98.00513774	99.92635939	0.243218509	0.100328711	0.73671154	0.337131054	0.053790601	1.290230852	0.011667726	0.001408513	0.046725293	0.003333922	6.94142E-05	0.019685556	0.003691995	7.09239E-05	0.023120338	0.001919877	0.000252203	0.00724927
34	99.47026365	97.85748078	99.92386274	0.251687852	0.100808176	0.780621004	0.356332029	0.055611268	1.382409458	0.012336813	0.001458553	0.050036154	0.003491811	7.22398E-05	0.020683181	0.003873654	7.38216E-05	0.024322779	0.002014186	0.000263173	0.007646032
35	99.44022039	97.70635816	99.92140058	0.260549106	0.101368389	0.827135048	0.376366675	0.057321836	1.48125673	0.01303625	0.001508936	0.05385495	0.003653915	7.52354E-05	0.021717467	0.004061925	7.67639E-05	0.025421556	0.002111737	0.000274544	0.008021166
36	99.40880385	97.53714701	99.91889451	0.269838993	0.101898787	0.878657172	0.397296892	0.059097164	1.588981246	0.0137684	0.001558649	0.057716053	0.003821801	7.84678E-05	0.022690292	0.004257357	7.98969E-05	0.026743204	0.002212704	0.000285381	0.008501278
37	99.37587419	97.36001961	99.9163204	0.279611946	0.102403841	0.937118707	0.419204046	0.060830741	1.699093746	0.014536376	0.001602309	0.061596285	0.003995806	8.19581E-05	0.023615514	0.004460365	8.32525E-05	0.028111402	0.002317268	0.000296635	0.009008672
38	99.34129437	97.18491383	99.91375277	0.28991342	0.102873592	0.999439005	0.442175635	0.06279995	1.813399648	0.015343266	0.001652448	0.065658387	0.004176301	8.48346E-05	0.024526615	0.004671393	8.6787E-05	0.02939164	0.002425619	0.000306037	0.009389899
39	99.30495684	96.99189317	99.91122438	0.30076977	0.103316026	1.063343212	0.466290014	0.064771752	1.93451376	0.016191611	0.0017034	0.069776943	0.00436309	8.78715E-05	0.025370242	0.00489072	9.0082E-05	0.030728124	0.002537959	0.00031621	0.009898399
40	99.26678937	96.79326809	99.90867131	0.312189835	0.103835309	1.129342421	0.491607563	0.066610451	2.069161118	0.017083288	0.001754779	0.074463427	0.004556613	9.08853E-05	0.026403988	0.005118844	9.34032E-05	0.031973647	0.002654488	0.000327225	0.010400009
41	99.2267533	96.58300487	99.90611049	0.324170852	0.104249962	1.19940561	0.518166685	0.06840062	2.20871803	0.01801953	0.001806024	0.079386838	0.004757789	9.3627E-05	0.027438709	0.005356429	9.67778E-05	0.033559701	0.00277541	0.000337783	0.0109528
42	99.18483967	96.34686139	99.90353933	0.336702989	0.10471505	1.273778691	0.545984481	0.070324581	2.358007172	0.019000993	0.001855231	0.084067302	0.004966976	9.71873E-05	0.028765826	0.005603968	9.99854E-05	0.034831508	0.002900926	0.000348108	0.011552234
43	99.14106485	96.10026204	99.90101589	0.349771267	0.105070462	1.352680071	0.575058398	0.072233789	2.512274296	0.020027814	0.001908798	0.089623559	0.005184489	0.000100481	0.029781576	0.005861945	0.000103008	0.036226426	0.003031236	0.000358128	0.012086478
44	99.09547437	95.85815893	99.89836448	0.363352599	0.105538758	1.433729791	0.60536563	0.074153238	2.674360574	0.021099493	0.001959507	0.095626964	0.005410561	0.000103368	0.031109296	0.006130808	0.000106383	0.037518524	0.003166543	0.000368927	0.012651338
45	99.04814893	95.58059046	99.89575725	0.37741123	0.105877998	1.522809554	0.636861937	0.076255042	2.843466995	0.022214652	0.002004872	0.101885458	0.005645275	0.000107269	0.032429598	0.006410931	0.000110115	0.039465895	0.00330705	0.000380852	0.013314285
46	98.99912489	95.30658332	99.89313668	0.391938763	0.106399522	1.613683688	0.669519839	0.078291368	3.022598751	0.023372395	0.002059358	0.107648087	0.005888547	0.000110874	0.033815107	0.006702607	0.000113771	0.041164462	0.003452964	0.000391328	0.01402857
47	98.94824667	95.00042839	99.89050379	0.407022031	0.106903588	1.711487376	0.703409713	0.080206522	3.220034155	0.024574922	0.002111649	0.11464207	0.006137639	0.000114932	0.035252217	0.007004519	0.000117767	0.042968167	0.003604505	0.000402395	0.014647278
48	98.89528538	94.67198169	99.88785679	0.422769403	0.107446427	1.812874996	0.738660929	0.081723476	3.421684347	0.025825038	0.002163598	0.122528758	0.006384894	0.00011816	0.036663402	0.007312434	0.0001219	0.045032449	0.00376192	0.000415439	0.015469471
49	98.84010102	94.33549592	99.88532174	0.439197162	0.107993373	1.920156635	0.775380929	0.08358976	3.630291199	0.027123778	0.002214297	0.130847817	0.006639436	0.000121426	0.038119592	0.007632206	0.000125539	0.047079327	0.003925466	0.000429512	0.016225062
50	98.78261353	93.97974908	99.8825722	0.456313169	0.108259519	2.034247106	0.813637048	0.085425659	3.862288839	0.02847221	0.002265867	0.139989234	0.006903043	0.000124729	0.039409706	0.007965598	0.000129363	0.048888698	0.004095397	0.000441283	0.017031636
51	98.7227724	93.6036027	99.87985548	0.474122993	0.108725139	2.155283173	0.85347113	0.087341372	4.108522475	0.029871884	0.002317866	0.148816285	0.007176257	0.000128403	0.041135535	0.008313371	0.000132874	0.050771129	0.004271967	0.000454816	0.017958332
52	98.66055877	93.20595856	99.87720648	0.49262817	0.109208286	2.283420575	0.894902363	0.089248864	4.369485427	0.031323735	0.00237003	0.158253494	0.007455683	0.000132572	0.042770593	0.008675844	0.000136599	0.053233793	0.004455432	0.000468562	0.018876911
53	98.59594554	92.77750657	99.87446628	0.511834721	0.109668193	2.419062998	0.937946275	0.091374927	4.645537283	0.032828889	0.002422521	0.167744878	0.007744659	0.000136069	0.044248067	0.009053877	0.000140139	0.055619195	0.004646043	0.000480704	0.019844088
54	98.528876	92.3239097	99.87191845	0.531764674	0.110067939	2.562635466	0.982633629	0.09308425	4.946525743	0.034389344	0.002478305	0.177244028	0.008044183	0.00014063	0.045646747	0.009448116	0.00014421	0.057993822	0.004844058	0.000493318	0.02084322
55	98.4593101	91.8506227	99.86916486	0.552431473	0.110669593	2.714584886	1.028994098	0.094850066	5.252643419	0.03600656	0.002528114	0.187335433	0.008349596	0.00014522	0.047374421	0.009858436	0.000147404	0.060274855	0.005049733	0.000505801	0.021837729
56	98.38724879	91.35339925	99.86641746	0.573814284	0.111197673	2.875381084	1.077041215	0.09695709	5.575617962	0.037680481	0.002581347	0.198093196	0.008665902	0.000149089	0.049707571	0.010285999	0.000151236	0.062704477	0.005263326	0.000518187	0.022954497
57	98.31269258	90.83947738	99.86364766	0.595910171	0.111651658	3.045517952	1.126778282	0.098371689	5.932171474	0.039410022	0.002635263	0.210599141	0.008992669	0.000153513	0.051870753	0.010731183	0.000155296	0.06554487	0.005485091	0.000531174	0.024222021
58	98.23560247	90.27581664	99.86086156	0.618743531	0.11189703	3.229110034	1.178219098	0.100472668	6.312704439	0.04119363	0.002691039	0.22276546	0.009331353	0.000158108	0.053983815	0.01119464	0.000159058	0.067534137	0.005715274	0.000543602	0.025564557
59	98.1559209	89.6764544	99.85823018	0.642343636	0.112462144	3.422886033	1.231394416	0.102344583	6.725655424	0.043029423	0.00274655	0.235796772	0.009681812	0.000162814	0.055570016	0.011675699	0.000163053	0.070087548	0.005954119	0.00055652	0.026875534
60	98.07355458	89.04646695	99.85572393	0.66675054	0.112957523	3.624789628	1.286354307	0.104249933	7.139122835	0.04491797	0.002802399	0.249077285	0.01004506	0.00016667	0.058154638	0.012175661	0.000166686	0.072685285	0.00620188	0.000569953	0.028187359
61	97.98834002	88.37015058	99.85303918	0.692042176	0.113575564	3.843912547	1.343185588	0.106038738	7.576371691	0.046864847	0.002856372	0.263288391	0.010418128	0.000171838	0.060509917	0.01269039	0.000170639	0.075386969	0.006458855	0.000584363	0.029730733
62	97.90012683	87.6588565	99.85035702	0.718264149	0.114010467	4.075790073	1.401986379	0.108103628	8.038933552	0.048875889	0.002915117	0.278390821	0.010800712	0.000176387	0.062896364	0.013220648	0.000174482	0.077811973	0.006725397	0.000599003	0.030954783
63	97.80883891	86.90625022	99.84754996	0.745412449	0.114393241	4.321092849	1.462826546	0.11002213	8.527586063	0.05095378	0.002973338	0.294137314	0.011197429	0.000180967	0.065102387	0.013769004	0.000178705	0.081560571	0.007001879	0.00061161	0.032460288
64	97.71445932	86.11067951	99.84489853	0.773466232	0.114646475	4.576292965	1.525739311	0.112224475	9.043630705	0.053099067	0.003035965	0.312369165	0.011609152	0.000185252	0.067133815	0.014338245	0.000182419	0.085034782	0.00728867	0.00062449	0.034309879
65	97.61700902	85.26918089	99.84196902	0.802400025	0.115023316	4.842090274	1.590727026	0.114161305	9.613861221	0.055311448	0.003094947	0.331844677	0.012036569	0.000189449	0.069910297	0.014929777	0.000186357	0.08837867	0.007586133	0.000640764	0.036434032
66	97.51653558	84.37925934	99.83902319	0.8321857	0.115520695	5.122320863	1.657771689	0.116100014	10.25219376	0.057590412	0.003152314	0.351153214	0.012479087	0.000193996	0.073007598	0.015542913	0.000189954	0.091848605	0.007894622	0.000653456	0.03833551
67	97.41310142	83.43835844	99.83610931	0.862789758	0.1160781	5.417632877	1.726841982	0.118269824	10.88795216	0.059935497	0.003213982	0.372966281	0.012938044	0.000198866	0.075718398	0.016178814	0.000194408	0.09682274	0.008214481	0.000666037	0.040044995
68	97.30675578	82.46519716	99.8333112	0.89420013	0.116354102	5.730543269	1.797904688	0.120333344	11.49271757	0.062346557	0.003271245	0.395101207	0.013410501	0.000203152	0.079171951	0.0168363	0.000199036	0.100317329	0.008546045	0.000681499	0.042137642
69	97.19752628	81.44516422	99.83037	0.926410702	0.116953277	6.067453618	1.87093723	0.12211726	12.20790381	0.064823627	0.003328794	0.417579569	0.013897029	0.000207951	0.083256938	0.017515489	0.000203861	0.103669748	0.008889641	0.000696233	0.044204801
70	97.08546112	80.37059562	99.82740979	0.959398253	0.117532665	6.422366731	1.94591541	0.124198696	12.92017606	0.067365997	0.003379258	0.441435615	0.01439727	0.000212851	0.085808251	0.018216359	0.000209639	0.107589972	0.009245587	0.00071091	0.046125089
71	96.97065525	79.23906198	99.82446117	0.993107072	0.117943034	6.795973594	2.02279766	0.126361334	13.66447552	0.06997174	0.003439862	0.466455272	0.014915606	0.000217983	0.089375684	0.018938497	0.000215254	0.11177559	0.009614179	0.000725324	0.048144952
72	96.85321762	78.04810019	99.82151367	1.027497154	0.118537018	7.188945803	2.101524779	0.12855093	14.44868673	0.07263858	0.003503171	0.492782655	0.015451089	0.000222781	0.092585011	0.01967508	0.000219675	0.117233064	0.009995694	0.000739992	0.050416935
73	96.733185	76.78977604	99.81856663	1.062578746	0.119052892	7.601925101	2.182059759	0.130749616	15.2712311	0.075365957	0.003561878	0.520590359	0.016002551	0.000226962	0.096964673	0.020417589	0.000223831	0.121557363	0.010390399	0.000755951	0.052994224
74	96.61049381	75.40883311	99.81578039	1.098387552	0.1195684	8.035510859	2.264411781	0.132760748	16.13231744	0.07815561	0.003620879	0.552404688	0.016572198	0.000232303	0.100946541	0.021180487	0.000229181	0.125033188	0.010798565	0.000771959	0.055279605
75	96.48507716	74.01693084	99.81286954	1.134947955	0.120133421	8.490207758	2.348625257	0.134688254	17.03754222	0.081009205	0.003682723	0.583448175	0.017159627	0.00023759	0.105156548	0.021960316	0.000234613	0.130809709	0.011220477	0.000787657	0.057805707
76	96.35693965	72.55927728	99.80983881	1.172244266	0.120717983	8.966491873	2.434715628	0.136566642	17.98867151	0.083926598	0.003753516	0.618687178	0.017761468	0.000242663	0.109061245	0.022755965	0.000239761	0.136784296	0.011656428	0.000803502	0.060479655
77	96.22616233	71.03325969	99.80673673	1.210220147	0.121193786	9.464198182	2.522656682	0.138563271	18.98746557	0.086905749	0.003817668	0.655747959	0.018376453	0.000247706	0.113720207	0.023571938	0.000245621	0.142643554	0.012106704	0.000819242	0.063839838
78	96.09286933	69.43665061	99.8035399	1.248812972	0.121782219	9.983950624	2.612386441	0.140467117	20.03566342	0.089943423	0.003881632	0.694676566	0.019008901	0.000253006	0.117100885	0.024407362	0.000251592	0.146719861	0.012571576	0.000833099	0.06708139
79	95.95715364	67.76806556	99.80049	1.287999014	0.122277346	10.52593166	2.703837945	0.142635254	21.13496442	0.093036896	0.003948524	0.735510488	0.019660289	0.000259301	0.120767323	0.025260918	0.000256202	0.152602364	0.013051294	0.000849979	0.070352174
80	95.81898978	66.02640524	99.79742989	1.327827747	0.122635844	11.09005267	2.796988852	0.144767357	22.28700623	0.096186167	0.004010349	0.778265452	0.020330822	0.00026698	0.125361212	0.026130522	0.000261886	0.159412812	0.013546112	0.000868757	0.073337327
81	95.67824408	64.21091671	99.79444565	1.368383882	0.12311071	11.68696664	2.891884216	0.146535407	23.4933384	0.099394044	0.004067823	0.822947782	0.021019168	0.000272459	0.129595128	0.027018304	0.000267898	0.166494611	0.014056305	0.000886383	0.077114933
82	95.53479929	62.32126229	99.79132417	1.409710779	0.123755803	12.28321348	2.988587838	0.148854628	24.75539172	0.102663583	0.004125082	0.855294622	0.021726403	0.00027881	0.134584055	0.027929944	0.000274633	0.172591782	0.014582165	0.000902519	0.081577106
83	95.3886324	60.34058622	99.78818491	1.451806157	0.124142045	12.91079083	3.087134592	0.151023499	26.0744416	0.105996264	0.004194604	0.90175064	0.022444741	0.000284368	0.139793116	0.02886186	0.000279509	0.180919132	0.015123986	0.000919659	0.085842606
84	95.23981886	58.26165831	99.78504636	1.494631822	0.124613889	13.56018587	3.18750279	0.153466503	27.45953549	0.109391327	0.004261557	0.935202374	0.023175872	0.000289879	0.145016993	0.029797283	0.000285544	0.185210993	0.015682047	0.000936849	0.09048464
85	95.08850021	56.10022141	99.78185617	1.538112183	0.125218857	14.22456168	3.289627811	0.155585304	28.90306108	0.112846153	0.004330384	0.985073776	0.023923788	0.000296377	0.14957196	0.030733246	0.000291406	0.193186792	0.016256612	0.000952214	0.09457921
86	94.93483807	53.80984621	99.77867007	1.582145387	0.125584804	14.97750653	3.393423068	0.157644776	30.39376595	0.116357378	0.004389764	1.031993016	0.024693272	0.000302934	0.154790035	0.031694928	0.000297178	0.199872631	0.0168479	0.000970787	0.098924579
87	94.77897496	51.52782073	99.77569232	1.626677971	0.126165872	15.73126905	3.498796441	0.160055782	31.93807013	0.119921906	0.004445639	1.081474951	0.02548597	0.000308352	0.160203859	0.032686654	0.000304238	0.207266894	0.0174561	0.000987674	0.103793602
88	94.62100065	49.11359753	99.77251131	1.671699989	0.126722979	16.57145667	3.605668399	0.162249497	33.55236683	0.123537723	0.004505301	1.129690816	0.026301315	0.000314184	0.165973704	0.033710546	0.000310695	0.214656368	0.018081379	0.001005834	0.109389585
89	94.46094175	46.46743942	99.76971039	1.717232913	0.127307225	17.31260362	3.713994622	0.164427298	35.23792189	0.127204149	0.004571296	1.181740155	0.027137185	0.000322128	0.171276006	0.034765482	0.000317401	0.220710065	0.018723898	0.001026664	0.114814146
90	94.2987893	44.04756265	99.76710536	1.763296904	0.127938774	18.00899258	3.823762491	0.166143776	37.08023442	0.130921278	0.004633538	1.233954836	0.027994795	0.000328415	0.177029091	0.035851411	0.000323929	0.229493007	0.019383822	0.001045483	0.120479548
91	94.13452821	41.29474366	99.7638733	1.809913524	0.128326971	18.70699242	3.934973742	0.168455034	38.97718124	0.134689412	0.004691166	1.274354093	0.028867614	0.000335946	0.183801369	0.036966169	0.000330811	0.239758216	0.020061328	0.001063769	0.126391088
92	93.96815082	38.28419515	99.76062262	1.857083405	0.1286484	19.38590645	4.047635516	0.170778892	40.920043	0.138508817	0.004755839	1.300960823	0.029754803	0.000341905	0.189792188	0.038110026	0.00033592	0.247823242	0.020756617	0.001081036	0.132040156
93	93.79966482	35.19433854	99.75735608	1.904801921	0.129182679	20.10722914	4.161747645	0.173114827	42.61816305	0.142379551	0.004826607	1.349053122	0.030654132	0.000348875	0.196321021	0.039282039	0.000341777	0.258582099	0.021469897	0.001102168	0.137691527
94	93.62909219	32.69728942	99.75407359	1.953038175	0.129651567	20.57249911	4.277309349	0.175419695	44.3662564	0.14630146	0.004886438	1.388134187	0.031574019	0.00035428	0.204619938	0.040483429	0.000348252	0.269275722	0.022201379	0.001122049	0.144384908
95	93.45646074	30.09549826	99.75112267	2.0017667	0.13007919	21.23694219	4.39430967	0.177775417	46.31864639	0.150274309	0.004953561	1.433826534	0.032519051	0.000359555	0.209261873	0.041718266	0.000354666	0.277685736	0.022951265	0.00114176	0.151315658
96	93.28179913	27.57839165	99.7478364	2.050980351	0.130376453	21.92363148	4.512736266	0.180144128	48.05349497	0.154297805	0.005025803	1.479121215	0.033485107	0.000369084	0.216896325	0.042981595	0.000361141	0.28522722	0.023719751	0.001165516	0.158540083
97	93.10513595	25.09989614	99.74452747	2.100675873	0.130886365	22.39669076	4.632571434	0.18220982	49.72793178	0.158371517	0.005098512	1.522126373	0.034471239	0.000377479	0.223437703	0.044266962	0.000367271	0.293385566	0.024507028	0.001185025	0.165771625
98	92.92649407	22.49947967	99.74120258	2.15086793	0.131517504	22.70640066	4.753801856	0.184485399	51.36976366	0.162494911	0.005171062	1.55075512	0.035475853	0.000382824	0.232072156	0.045552092	0.000372639	0.300426606	0.025313288	0.00120435	0.173046332
99	92.74587171	19.47172045	99.73829315	2.201543625	0.132151684	23.02863309	4.876426964	0.18635652	52.52107198	0.166667597	0.005232661	1.569919285	0.036502933	0.000390329	0.238683473	0.046848444	0.000378811	0.308868335	0.026138725	0.001222831	0.180209966
100	92.56322107	16.80962675	99.73577501	2.252731463	0.13266672	23.24667585	5.000453984	0.188699908	54.11610272	0.17088975	0.005301332	1.613810744	0.037547642	0.000396333	0.244572281	0.048172563	0.000385498	0.323411232	0.02698353	0.001244043	0.188853831
101	92.37845077	14.77437396	99.73249938	2.304480642	0.133234227	23.45008429	5.125918224	0.190975143	55.74517759	0.175162477	0.005373126	1.65567417	0.038611347	0.000403522	0.250367369	0.049528638	0.000391385	0.332190032	0.027847905	0.001265641	0.197213207
102	92.19146682	12.83626639	99.72920046	2.356847219	0.133636284	23.78714762	5.252871635	0.193102269	57.21321759	0.179487329	0.005439881	1.717030742	0.039684141	0.000408965	0.260230851	0.050910786	0.000397368	0.345128654	0.02873207	0.001288167	0.201914721
103	92.00222482	10.80963506	99.72598423	2.409815913	0.134254338	24.27662089	5.3813556	0.195466582	58.48191318	0.183864917	0.005517845	1.767221748	0.040777556	0.000416084	0.268081248	0.052324938	0.000403468	0.358314885	0.029636252	0.001307654	0.211482277
104	91.81073782	8.981101434	99.72253613	2.463365318	0.134877237	24.66908003	5.511383415	0.197839759	59.38924407	0.18829462	0.005586952	1.789914326	0.041896112	0.000424516	0.27478075	0.053762049	0.000410638	0.372573003	0.030560666	0.001328744	0.220506343
105	91.61705002	7.375805717	99.71946689	2.51746494	0.135506594	24.97541385	5.642940419	0.200222622	60.18123554	0.192775458	0.005654766	1.800157916	0.043034511	0.000432535	0.282676946	0.055229134	0.000416711	0.384286165	0.031505515	0.001349345	0.230182218
106	91.42123469	5.763674042	99.71611323	2.572084579	0.136138884	25.40283381	5.775988375	0.202621145	60.90841156	0.197306091	0.005731515	1.841017248	0.044188194	0.000441257	0.291551614	0.056727079	0.000423018	0.393254939	0.03247099	0.001373496	0.238100228
107	91.22340838	4.5128878	99.71344443	2.627152573	0.136774122	25.68034118	5.910468933	0.205029705	61.51558243	0.201884108	0.005808802	1.872358722	0.045368267	0.000448605	0.301416897	0.058260487	0.000429423	0.403185121	0.033457253	0.001395098	0.244848804
108	91.02371271	3.515154365	99.7101759	2.682609173	0.137412321	25.91879336	6.04630446	0.207267316	61.7950452	0.206506262	0.005884315	1.895036062	0.046576202	0.000457457	0.309260933	0.059826755	0.000437534	0.414546334	0.034464435	0.001412894	0.254748095
109	90.8222756	2.569342754	99.70688051	2.738409664	0.138042631	26.07854492	6.183413307	0.209499295	62.15598437	0.21116933	0.0059625	1.918915176	0.047814694	0.000466069	0.319557836	0.061424772	0.000445432	0.428512264	0.035492633	0.001432034	0.265212276
110	90.61919265	1.851943576	99.70341437	2.794537133	0.138590231	26.27600072	6.321723863	0.211747992	62.50992525	0.21587063	0.006031254	1.938706348	0.049078302	0.000473461	0.330214144	0.063055505	0.000452591	0.441090708	0.03654192	0.001451423	0.275398131
111	90.41453845	1.315071241	99.69977033	2.850969953	0.139140002	26.50623144	6.461181291	0.214007228	63.05848252	0.220607959	0.006090662	1.95516829	0.050368762	0.000481767	0.340506058	0.064721228	0.000460416	0.450670552	0.03761236	0.001472676	0.286142921
112	90.20838164	0.960315138	99.6961031	2.907691993	0.139691951	26.74482622	6.601739217	0.216385191	63.29606244	0.225379382	0.00616736	1.972093701	0.051683814	0.000491528	0.350105954	0.066419943	0.000469257	0.465987438	0.038704005	0.001494895	0.295509599
113	90.00078502	0.678909011	99.6924153	2.964684535	0.140262312	27.02172403	6.743354418	0.219057737	63.48672565	0.230183289	0.006239779	1.991028578	0.053023461	0.000501024	0.361682153	0.068152376	0.000478254	0.480866229	0.039816904	0.001522862	0.306152625
114	89.79179284	0.52193662	99.68870681	3.021944294	0.140831487	27.15207308	6.885989335	0.221485281	63.79613566	0.235018712	0.006316061	2.019826101	0.054382414	0.000511789	0.373807912	0.069921303	0.000484018	0.495185931	0.040951104	0.001547638	0.315346588
115	89.58141733	0.374828442	99.6849775	3.079484412	0.141359048	27.38667291	7.029622784	0.223631124	64.05536524	0.239885572	0.006392791	2.031907693	0.05575786	0.000520142	0.383468651	0.071725379	0.000488604	0.511319313	0.042106658	0.001573199	0.327886646
116	89.36963095	0.288066014	99.68122726	3.137309638	0.141912876	27.5989102	7.174267765	0.226185104	64.30913881	0.244784677	0.006469973	2.055355475	0.057155025	0.000526697	0.392291667	0.073568314	0.000496269	0.523216822	0.043283634	0.001594639	0.338395242
117	89.15636332	0.211423926	99.67860891	3.195460954	0.142473348	27.79528195	7.31995345	0.228628846	64.65324347	0.249717742	0.006525804	2.072590173	0.058575191	0.000533328	0.40411024	0.075447223	0.000502319	0.536981118	0.044482117	0.00161816	0.35048409
118	88.94151158	0.158348574	99.67588997	3.253985606	0.143120503	27.90925686	7.466732788	0.231019003	65.05410725	0.254687198	0.006580848	2.09566894	0.060020312	0.000540797	0.414346066	0.077360298	0.000511556	0.55080549	0.04570222	0.001651242	0.359209939
119	88.72495994	0.122493132	99.67236141	3.312938272	0.143790026	28.02515984	7.614674864	0.233337682	65.21019399	0.25969577	0.006650764	2.117989607	0.061481348	0.000548082	0.429030401	0.079305719	0.000517645	0.560923442	0.046944086	0.001674217	0.367607804
120	88.50659624	0.081250695	99.6688156	3.372356906	0.14446267	28.25030925	7.763855043	0.235455412	65.50207753	0.264746126	0.00672521	2.142938367	0.062964622	0.000557923	0.440111894	0.081273181	0.000526651	0.578195319	0.048207884	0.001700454	0.379798909
121	88.28632414	0.060202682	99.66523437	3.432248185	0.145140027	28.3289177	7.914343411	0.237916435	65.87118618	0.26984063	0.006804086	2.164491593	0.064475436	0.000566201	0.454482213	0.083274395	0.000536806	0.595899521	0.049493799	0.001722698	0.38822041
122	88.06407234	0.043062698	99.66195926	3.492633019	0.145587605	28.37738037	8.066193498	0.240397246	66.10531035	0.274981131	0.006887585	2.171929994	0.066005332	0.000574965	0.464319816	0.085312654	0.000548061	0.613608668	0.050802022	0.001750184	0.3990376
123	87.83979805	0.031569519	99.65833347	3.553517152	0.146093362	28.50095229	8.219443201	0.242877517	66.28807099	0.280168855	0.006974996	2.188521684	0.067558779	0.000584992	0.481302312	0.087381206	0.000557024	0.628529768	0.052132756	0.001767717	0.411654742
124	87.61348485	0.024787397	99.65466786	3.61491733	0.146747334	28.69082919	8.374114065	0.245374737	66.48160735	0.285404431	0.007063126	2.212650022	0.069134596	0.000595622	0.497061418	0.089458514	0.00056499	0.639297992	0.053486218	0.001790562	0.424691543
125	87.38513857	0.019060803	99.65098535	3.676799036	0.147404155	28.80367222	8.530215891	0.247894092	66.59659549	0.290687968	0.007146104	2.222642129	0.070732888	0.000605407	0.513290182	0.09156303	0.000573028	0.657042984	0.054862619	0.001818011	0.432081836
126	87.15478324	0.013761138	99.64728588	3.739134478	0.14810058	28.96957638	8.687733699	0.250428467	66.73281663	0.296019154	0.007232493	2.256763242	0.072353922	0.000615815	0.526927601	0.093713352	0.0005806	0.667851969	0.056262157	0.001843122	0.441063337
127	86.92245699	0.010106915	99.64400197	3.80195989	0.148822358	29.01367914	8.846647215	0.253185973	66.83811526	0.301397351	0.007309941	2.266961608	0.073992193	0.000626372	0.539678576	0.095861335	0.000586613	0.689429501	0.057685033	0.00186138	0.452361558
128	86.68820843	0.007181295	99.64030589	3.865220654	0.149317283	29.04319653	9.006929947	0.25605997	67.06765483	0.30682168	0.007374642	2.280979717	0.075648794	0.000637078	0.553131484	0.098039047	0.000591935	0.709364337	0.059131446	0.001884978	0.463793058
129	86.45209308	0.005208633	99.63645801	3.928879983	0.149896686	29.17251089	9.168547088	0.258565466	67.22842778	0.312291103	0.007443329	2.296284548	0.077331523	0.000647936	0.571966892	0.100255639	0.000598524	0.730577594	0.060601581	0.001907153	0.47814637
130	86.21417009	0.003754838	99.63328852	3.992927527	0.150598853	29.3446768	9.331458141	0.261169108	67.33929475	0.317804482	0.007515846	2.317387067	0.079035579	0.000658948	0.586197707	0.102508561	0.000607093	0.752315533	0.062095615	0.001932143	0.494025423
131	85.97450008	0.002702345	99.63055828	4.057373742	0.151307118	29.42529247	9.495611997	0.263646035	67.49059717	0.323360619	0.007585198	2.333173809	0.08074617	0.000670116	0.591161196	0.104793668	0.000615408	0.759127122	0.063613727	0.001962071	0.512683113
132	85.73314494	0.001848393	99.62701516	4.122196151	0.152020826	29.43093464	9.660962533	0.266803585	67.55123325	0.328958235	0.007654744	2.341754387	0.082463349	0.000679767	0.600422466	0.107118697	0.00062221	0.77491036	0.065156095	0.001985173	0.528016321
133	85.49016929	0.001401217	99.62302696	4.187369324	0.152733639	29.51001502	9.827465876	0.269404425	67.78447047	0.334595911	0.007730361	2.359447904	0.084193652	0.000687872	0.616706437	0.109483058	0.000633353	0.798053666	0.066722891	0.002004603	0.543022122
134	85.24564256	0.000986817	99.619012	4.25285039	0.153414295	29.56905176	9.995084668	0.271873109	67.98762706	0.340272001	0.007810253	2.366462812	0.0859458	0.000702599	0.634326986	0.111890304	0.000642264	0.822078641	0.068314274	0.002031801	0.558035996
135	84.99964084	0.000707176	99.61491687	4.318610777	0.15409906	29.62617136	10.16377143	0.274121945	68.03741417	0.345984551	0.007890877	2.381694575	0.087724797	0.000714028	0.637141946	0.11433721	0.000651392	0.836906692	0.069930395	0.002056709	0.570400465
136	84.7522474	0.00048807	99.61079842	4.384635972	0.154731883	29.72090698	10.3334855	0.276827669	68.11494438	0.351731253	0.007976413	2.405484534	0.089528095	0.0007214	0.649578514	0.116800376	0.000661429	0.861955551	0.071571402	0.00208102	0.581083536
137	84.50355121	0.000360277	99.60665652	4.450896311	0.155185537	29.79842409	10.50417212	0.279323786	68.27027876	0.357509481	0.008057164	2.43381997	0.091342347	0.000733475	0.663730813	0.119291097	0.000671816	0.879560187	0.073237427	0.002108213	0.59478664
138	84.25364231	0.000280863	99.60249103	4.517352096	0.155640507	29.92831828	10.67576688	0.281817864	68.42955717	0.363316467	0.008143459	2.459271257	0.093176528	0.000743942	0.681131737	0.121817129	0.000683572	0.898613081	0.074928582	0.002136181	0.607220729
139	84.00260365	0.00021703	99.59901274	4.583981813	0.156368417	30.00050894	10.84820706	0.284409075	68.56185105	0.369149705	0.008216747	2.474518326	0.095031039	0.000752522	0.695802066	0.124381761	0.000694064	0.911832767	0.076644971	0.00216195	0.62235521
140	83.75050348	0.000159484	99.59582561	4.650774529	0.157109086	30.13940862	11.02143466	0.287310554	68.76499666	0.375007373	0.008299151	2.483985841	0.096910264	0.000769034	0.700117925	0.126982996	0.000703341	0.926379561	0.078386699	0.002187723	0.634126861
141	83.4973984	0.000115988	99.5919381	4.717744318	0.157854259	30.24336097	11.19540393	0.290351808	68.93273163	0.380888202	0.008381846	2.496595003	0.098809638	0.000781844	0.718575625	0.129601657	0.000712838	0.948574051	0.080153855	0.002213952	0.648165524
142	83.24334274	8.43762E-05	99.58791856	4.784879224	0.158553002	30.35323277	11.37007756	0.293435111	69.13652719	0.386790946	0.008465372	2.51059984	0.100734725	0.000792926	0.730771317	0.132228285	0.000723249	0.958880812	0.081946514	0.002240166	0.661546252
143	82.98839061	5.90415E-05	99.58385326	4.852171332	0.159146562	30.35099926	11.54541908	0.296389583	69.24209007	0.392714223	0.008557009	2.528261298	0.102670574	0.000802956	0.74898849	0.134869442	0.000731923	0.976603753	0.083764745	0.002266799	0.677697752
144	82.73259259	4.12798E-05	99.57976728	4.919588964	0.159743284	30.37166853	11.72138925	0.298421196	69.35313446	0.398656681	0.008650584	2.537189069	0.104622367	0.000815889	0.765148615	0.13754155	0.000744398	1.003356401	0.085608602	0.002302142	0.690728749
145	82.47599418	2.88203E-05	99.57575575	4.987120629	0.160343162	30.40234309	11.89795065	0.300812095	69.3839105	0.404617167	0.008744784	2.574766372	0.106590613	0.000827064	0.772459057	0.140248639	0.00075138	1.027655144	0.087478123	0.002340263	0.70559033
146	82.21863672	2.01231E-05	99.57224243	5.054769702	0.160943049	30.48835779	12.07506914	0.303602958	69.56940173	0.410594794	0.008839671	2.582547313	0.108570181	0.000836102	0.791443929	0.142986122	0.000761266	1.047441892	0.089373338	0.002371458	0.721227791
147	81.96055994	1.43242E-05	99.5687203	5.122541242	0.161542994	30.59489369	12.25272071	0.306225051	69.80523496	0.41658892	0.008935332	2.604350021	0.110555914	0.000847729	0.803773255	0.145738994	0.000771973	1.061167356	0.091294283	0.002403436	0.736226308
148	81.7018057	1.11756E-05	99.56478177	5.190418682	0.162177873	30.71362062	12.43086806	0.308871653	69.87287095	0.422598979	0.009031769	2.621894348	0.112555063	0.000858656	0.816990693	0.148512535	0.000784591	1.082022106	0.093240972	0.002429465	0.75023351
149	81.4424218	7.94944E-06	99.56104019	5.25838688	0.162749904	30.74158751	12.60948216	0.312168105	69.96232316	0.428624295	0.009126924	2.627008159	0.114575262	0.000872823	0.840719907	0.151296197	0.000796878	1.107771344	0.095213405	0.002458903	0.761216427
150	81.18246352	4.94094E-06	99.55767629	5.326423022	0.163377629	30.82749832	12.78852678	0.314879968	70.05170672	0.43466399	0.009206327	2.638915194	0.116613597	0.000886282	0.8568654	0.15409751	0.000802141	1.137305397	0.097211579	0.002482942	0.774522263
151	80.9219944	3.67236E-06	99.5546194	5.394492446	0.164158268	30.87493491	12.96795474	0.317730862	70.1182676	0.440716967	0.00930796	2.652719986	0.118667822	0.000898248	0.880818209	0.156938143	0.0008122	1.14928637	0.099235482	0.00250896	0.795410087
152	80.66108506	2.76774E-06	99.5509311	5.462572726	0.164943157	30.97035958	13.14772609	0.320590918	70.19730038	0.446781947	0.009373086	2.667724023	0.120752052	0.00091095	0.892711303	0.159797032	0.000822705	1.168282242	0.101285087	0.002536704	0.81252728
153	80.39980833	1.83693E-06	99.54750664	5.530650293	0.165653011	30.99283931	13.32779604	0.323464838	70.34359675	0.452857559	0.00947248	2.678437007	0.122861473	0.000924875	0.907821037	0.162665953	0.000833314	1.183848465	0.103360357	0.002563865	0.831440936
154	80.13822975	1.27188E-06	99.54380608	5.598730938	0.166426554	31.00945356	13.50812596	0.326352687	70.4032091	0.458942506	0.009581708	2.684383466	0.124994888	0.000937992	0.919499577	0.165514707	0.00084403	1.210887855	0.105461243	0.002591271	0.846476043
155	79.87640077	8.17361E-07	99.5400039	5.666781367	0.167000527	31.03459289	13.68867008	0.329249712	70.46300358	0.465035699	0.009674444	2.70307183	0.127145001	0.000948362	0.93347425	0.168379396	0.00085427	1.22764873	0.107587692	0.002615244	0.859966013
156	79.61436205	5.74698E-07	99.53570468	5.734774258	0.167510736	31.10849933	13.86938666	0.332012694	70.57377021	0.471136226	0.009763311	2.720046685	0.129314578	0.000962036	0.956103716	0.171286585	0.000865197	1.23717389	0.109739642	0.002637306	0.872562764
157	79.3521487	4.04156E-07	99.53139423	5.802713138	0.168023591	31.14386146	14.05024723	0.335127947	70.6822697	0.477243282	0.009863318	2.739179364	0.131498674	0.00097383	0.964740576	0.17423194	0.000876656	1.244020687	0.111917037	0.002668411	0.894396193
158	79.08979094	3.08458E-07	99.52722676	5.870601022	0.168542218	31.19529824	14.23122923	0.337806166	70.92072167	0.483356178	0.009963244	2.748272172	0.133700089	0.000984274	0.980409259	0.177202718	0.000886111	1.270256809	0.114119828	0.002690606	0.904121856
159	78.82731248	2.35375E-07	99.52381686	5.938411597	0.169202791	31.22654429	14.41231861	0.341042156	70.99971922	0.489474375	0.010051148	2.763132017	0.135926925	0.000994913	1.006977238	0.180208042	0.000899117	1.289615244	0.116347972	0.002719079	0.921779154
160	78.56472897	1.6581E-07	99.51968891	6.006141423	0.169946828	31.30620952	14.59350845	0.344008072	71.15300329	0.495597521	0.010140609	2.774627309	0.138176099	0.001010902	1.025383615	0.18324611	0.000910434	1.297826621	0.11860142	0.002750777	0.933093154
161	78.30204813	1.25231E-07	99.51553795	6.073798477	0.170481984	31.34380419	14.77479192	0.346988268	71.32561045	0.501725453	0.010233246	2.790135268	0.140438729	0.00102708	1.044113729	0.186317152	0.000918693	1.318087885	0.120880131	0.002776966	0.947675572
162	78.03927209	9.45818E-08	99.51121192	6.141398943	0.171017044	31.38387132	14.95616295	0.349845869	71.3619128	0.507858145	0.010341687	2.813295357	0.142718134	0.001043649	1.063144469	0.189405669	0.000924471	1.337379829	0.123184069	0.002807417	0.961920176
163	77.77640149	7.24439E-08	99.50685176	6.208923129	0.171553778	31.4298704	15.13762226	0.352299704	71.48148944	0.513995618	0.010423782	2.833080733	0.145008708	0.001060487	1.090875253	0.192535595	0.000939763	1.34682642	0.125513201	0.002838797	0.978995249
164	77.51343952	5.47301E-08	99.50246348	6.276384327	0.172093436	31.42321082	15.31916372	0.354769692	71.55915601	0.520137835	0.0105006	2.848630494	0.147308074	0.001074804	1.107397598	0.195699015	0.000955145	1.373578803	0.127867517	0.002874709	0.989485553
165	77.25039535	4.1371E-08	99.49805411	6.343766162	0.172732297	31.44136219	15.50078927	0.357237775	71.65090306	0.526284608	0.01057759	2.85911283	0.14962764	0.001094591	1.122190137	0.198889988	0.000969005	1.396302594	0.130246985	0.002904749	1.00161841
166	76.98728661	2.87096E-08	99.49355414	6.41104985	0.173373517	31.46272532	15.68249569	0.359690895	71.71115485	0.532435509	0.010654751	2.862176251	0.151972169	0.001108087	1.134381766	0.202108605	0.000981648	1.425618308	0.132651573	0.002931853	1.014011498
167	76.72414071	2.11459E-08	99.48918889	6.478227518	0.174017104	31.45476004	15.86426702	0.362386687	71.75641948	0.538589807	0.010732168	2.871682233	0.154335935	0.001118991	1.14864113	0.205357776	0.000993301	1.438809509	0.135081234	0.00296513	1.028889189
168	76.46099299	1.58928E-08	99.48471792	6.545311339	0.174663066	31.4461261	16.04607857	0.365366148	71.80020183	0.544746492	0.010838857	2.882935438	0.156702335	0.001129966	1.171047743	0.208632344	0.001004406	1.456836157	0.137535923	0.002997212	1.049494595
169	76.19787768	1.20914E-08	99.48022548	6.6123139	0.175313197	31.48787008	16.2279014	0.36837167	71.83083041	0.550904463	0.010953388	2.889694312	0.159060224	0.001141058	1.190685332	0.211926735	0.001017699	1.478817152	0.140015601	0.003027829	1.063109683
170	75.93481723	8.88473E-09	99.47604662	6.67921521	0.175967543	31.53573689	16.40971867	0.371391402	71.95656337	0.557062785	0.011067147	2.895580274	0.161416632	0.001153523	1.211925071	0.215249252	0.001030586	1.506905539	0.142520217	0.003061815	1.07562115
171	75.67182445	7.19204E-09	99.47148314	6.746002963	0.176624315	31.5748915	16.59152667	0.374425408	72.04814039	0.563220679	0.011157873	2.908715525	0.163783564	0.001164239	1.221023787	0.218591958	0.001042165	1.530104984	0.145049714	0.003094875	1.090507707
172	75.40891087	5.40946E-09	99.46727832	6.81267282	0.177283524	31.62894238	16.77330869	0.376600712	72.11189822	0.569377402	0.01125197	2.909520797	0.166155692	0.001178498	1.233293177	0.221970505	0.001049337	1.547515959	0.147604023	0.003128374	1.104285333
173	75.14608728	4.10591E-09	99.46331033	6.879226182	0.177945178	31.63976575	16.95505407	0.379610283	72.20455254	0.575532262	0.011338404	2.933177308	0.168540129	0.001190336	1.260349212	0.225377007	0.001058629	1.569689477	0.150183071	0.003159294	1.117767039
174	74.88336067	3.04087E-09	99.45902075	6.945637676	0.178609286	31.63292364	17.1367651	0.382648034	72.24055471	0.581684707	0.011442644	2.934235504	0.170946129	0.001207029	1.283213011	0.228818934	0.001069889	1.592546244	0.152786779	0.003189657	1.14149757
175	74.62073273	2.25709E-09	99.45476616	7.01191898	0.179275856	31.69470757	17.31844192	0.385698886	72.28137174	0.587834366	0.011552706	2.963182161	0.173369799	0.001228017	1.300213268	0.23228713	0.001083313	1.630305244	0.155415066	0.003211108	1.156186131
176	74.35820023	1.53119E-09	99.45014531	7.07807886	0.179944899	31.69000158	17.50008793	0.387341337	72.36171486	0.593981038	0.011663555	2.976201268	0.175813271	0.001243576	1.326608619	0.235770806	0.001092947	1.66038161	0.158067859	0.003243547	1.171172483
177	74.09575639	1.18502E-09	99.44549848	7.144112737	0.180616422	31.72433562	17.68171044	0.389760462	72.37069291	0.600124672	0.011767093	2.98960255	0.178282343	0.001258154	1.354917064	0.239268321	0.001104678	1.6867319	0.160745091	0.003291532	1.189501695
178	73.83339241	8.89893E-10	99.44082939	7.210037033	0.181292616	31.7795371	17.86330921	0.393227795	72.48102222	0.606265324	0.011855629	3.004051827	0.180766416	0.001277874	1.37392484	0.242782911	0.001121099	1.707952357	0.163446687	0.00332131	1.202471434
179	73.57109915	6.69843E-10	99.43613794	7.275850984	0.182079836	31.77531346	18.04488711	0.396713993	72.57516289	0.612403115	0.011962754	3.017671061	0.183265283	0.001299651	1.379053534	0.246321777	0.001126334	1.73331566	0.166172583	0.003364858	1.218612714
180	73.3088686	3.80566E-10	99.431424	7.341561905	0.182849718	31.7862844	18.2264531	0.399510807	72.61782144	0.618538191	0.012070498	3.027250596	0.185775042	0.001318162	1.400620508	0.249880441	0.001140111	1.77719612	0.168922711	0.003400295	1.23075235
181	73.04669484	2.22477E-10	99.42668749	7.407182154	0.183467245	31.77902888	18.40801773	0.401767675	72.65247388	0.624670689	0.012107615	3.031202523	0.18829367	0.001335974	1.408727957	0.253443907	0.001152728	1.796053836	0.171697011	0.003420885	1.245879259
182	72.7845741	1.50388E-10	99.42192828	7.472702056	0.184262496	31.80737838	18.58959238	0.403703969	72.72636735	0.630800723	0.012178995	3.037293167	0.190823009	0.001353513	1.427530853	0.257012312	0.001170304	1.826207745	0.174495417	0.003461623	1.263066855
183	72.52250425	1.05679E-10	99.41729466	7.538104483	0.185092572	31.83009475	18.77117337	0.406720539	72.76266663	0.63692839	0.012264229	3.051367091	0.193363781	0.001368562	1.436392048	0.26060786	0.001182073	1.860418249	0.177317862	0.003498964	1.279793616
184	72.26048378	8.26132E-11	99.41324325	7.603378198	0.185930151	31.85584175	18.95275435	0.410083231	72.87635125	0.643053784	0.012364713	3.066313074	0.195927522	0.001387416	1.456742492	0.264238092	0.001197149	1.886772303	0.18016428	0.003534041	1.292727634
185	71.9985107	6.42799E-11	99.40848844	7.668598161	0.186771502	31.85837889	19.13433151	0.413472904	72.91740613	0.649177018	0.012467724	3.077716338	0.198498438	0.001413394	1.471709429	0.267849548	0.001208004	1.918112027	0.183034626	0.003565671	1.318576161
186	71.73658174	4.2098E-11	99.40425379	7.7337373	0.187616643	31.84388765	19.31590906	0.416864406	72.96853095	0.655298252	0.012571136	3.101030813	0.20108771	0.001431015	1.482476457	0.271457072	0.001225241	1.945953544	0.185928867	0.003604156	1.339510226
187	71.4746923	3.16794E-11	99.39949135	7.798791263	0.188465591	31.8567005	19.49749111	0.420145271	73.05467164	0.661417694	0.012651769	3.111083903	0.203686808	0.001447964	1.499772359	0.275073865	0.001244336	1.970747282	0.18884696	0.003643381	1.350461598
188	71.21283726	2.41489E-11	99.3953967	7.863757325	0.189318363	31.88927726	19.67908195	0.423725654	73.10006407	0.667535584	0.01276859	3.131544163	0.206296246	0.001460831	1.522435098	0.278702764	0.001254415	2.000960546	0.191788871	0.003678386	1.378886841
189	70.95101256	1.47778E-11	99.39053943	7.928660647	0.190174975	31.89190751	19.86069012	0.427180504	73.11308697	0.673652152	0.012885173	3.133477204	0.208926292	0.001473223	1.548804883	0.282303648	0.001265603	2.030220662	0.194754576	0.003713829	1.397894623
190	70.6892174	1.09347E-11	99.38565943	7.993457642	0.19097018	31.95967107	20.04231181	0.430104396	73.26024826	0.679767556	0.012993805	3.135081032	0.211567219	0.001491626	1.557075624	0.285934326	0.00127489	2.057006803	0.19774404	0.00376749	1.412902907
191	70.42745506	7.38027E-12	99.38075659	8.05819057	0.191679497	31.96905753	20.22394145	0.433151989	73.27124323	0.68588185	0.013114459	3.140762706	0.214213577	0.001513478	1.574165128	0.289560273	0.001284125	2.086338215	0.200757221	0.003803545	1.428340999
192	70.16573264	5.61859E-12	99.37583079	8.122857367	0.192414276	31.9757142	20.40557163	0.436971729	73.28761613	0.691994974	0.013235908	3.149374785	0.216866604	0.001535479	1.59215442	0.29318269	0.001302185	2.108359746	0.20379409	0.003849898	1.452646376
193	69.90405989	4.32872E-12	99.37087531	8.187440018	0.193137478	31.9512868	20.5871988	0.440588018	73.34726219	0.698106792	0.013358178	3.167592785	0.21953143	0.001554676	1.619867567	0.296808455	0.001321831	2.131540021	0.206854612	0.003891162	1.477006351
194	69.64244845	3.33262E-12	99.36554588	8.251914988	0.193868741	31.99212061	20.76881573	0.443930478	73.36988096	0.704217104	0.01342955	3.17065177	0.222197293	0.001569872	1.623374591	0.300467688	0.001341812	2.145727701	0.209938742	0.003921991	1.49780808
195	69.38091168	2.52977E-12	99.36060583	8.316319372	0.19460276	31.9963075	20.95040729	0.447288662	73.40800326	0.710325664	0.013546637	3.185952478	0.224862445	0.001583392	1.636813535	0.304127113	0.001356967	2.180403095	0.213046436	0.003952498	1.518056394
196	69.1194653	1.88819E-12	99.35558422	8.380652849	0.195411888	31.99548834	21.13196798	0.450656659	73.47923714	0.716432169	0.013636356	3.198276809	0.227529254	0.001595629	1.65427146	0.307774788	0.001370739	2.186931242	0.21617766	0.003986855	1.528974768
197	68.85812795	1.40858E-12	99.35066647	8.444846212	0.196158677	32.01146368	21.31348988	0.453997504	73.5426432	0.722536245	0.013768025	3.218646986	0.23021215	0.001610175	1.664130001	0.3114552	0.001384622	2.214802021	0.219332362	0.004025617	1.551769251
198	68.59692064	1.05085E-12	99.34566175	8.508906906	0.196812876	32.02277834	21.49495691	0.457458291	73.59720694	0.728637468	0.013862614	3.225683653	0.232907949	0.001628927	1.667716193	0.315159646	0.001400422	2.24474121	0.222510477	0.004068863	1.563304476
199	68.33586612	7.84469E-13	99.34063441	8.572817747	0.197665356	32.09347346	21.67635452	0.460875279	73.62926983	0.734735365	0.01396588	3.240376228	0.235618738	0.001647715	1.68306431	0.318895565	0.001412481	2.259666537	0.225711938	0.004108192	1.589936332
200	68.07498858	5.58277E-13	99.33558434	8.636584292	0.198554149	32.10438772	21.85766822	0.463211949	73.72395109	0.740829429	0.014077094	3.246691443	0.238338649	0.001666893	1.694639044	0.32265415	0.001419593	2.282160398	0.228936682	0.004138178	1.608112605
201	67.81431375	3.54312E-13	99.33052005	8.700187461	0.199446937	32.10285475	22.03888574	0.466383831	73.73375783	0.74691911	0.014188894	3.263823928	0.241073604	0.001686345	1.703730873	0.326435693	0.001429037	2.314569691	0.232184646	0.004159769	1.637417173
202	67.55386885	2.37589E-13	99.32545686	8.763624042	0.200343737	32.09751644	22.21998815	0.470062669	73.74392218	0.753003819	0.014308093	3.272698095	0.243825844	0.001710635	1.720725874	0.330233538	0.001441552	2.331414878	0.235455762	0.004195412	1.655444092
203	67.29368226	2.12653E-13	99.32033597	8.826906363	0.201046611	32.12990593	22.40094695	0.474246613	73.76493402	0.759082931	0.014412564	3.280859921	0.246577434	0.001725932	1.740581584	0.3340541	0.001449771	2.337578489	0.238749967	0.004228087	1.668634021
204	67.03378326	1.88548E-13	99.31519191	8.8900116	0.201709239	32.12143457	22.58174331	0.478158901	73.83710325	0.765155797	0.014525087	3.291299957	0.249341797	0.001754117	1.761197192	0.33789703	0.001472161	2.371452327	0.242067199	0.004258399	1.684755315
205	66.77420176	1.80193E-13	99.31002457	8.952931708	0.202375925	32.11272883	22.76236357	0.481677751	73.85216548	0.771221753	0.014638893	3.294889467	0.252125508	0.001778793	1.781097728	0.341748312	0.001488466	2.395644124	0.245407386	0.0042918	1.707111052
206	66.51496792	1.32508E-13	99.30483385	9.015661125	0.203138209	32.15774803	22.94279099	0.485213146	73.88169058	0.777280129	0.014753263	3.305587766	0.254928717	0.001799089	1.79336215	0.345600658	0.001499321	2.424027807	0.24877046	0.004325791	1.723996731
207	66.25611199	1.21477E-13	99.29961964	9.07816945	0.203815703	32.12253092	23.12300722	0.488765163	73.88693437	0.78333026	0.0148682	3.307460176	0.257746759	0.001820545	1.825560395	0.349477971	0.001506478	2.448083243	0.252156341	0.004366318	1.741181655
208	65.997663	1.04472E-13	99.29438184	9.140472175	0.204495451	32.119805	23.30298237	0.492339065	73.93039788	0.789371504	0.014983707	3.317519459	0.260563225	0.001843735	1.84661019	0.353382769	0.001529941	2.469544217	0.255564959	0.004423649	1.764494743
209	65.73964601	1.02909E-13	99.28912033	9.202574602	0.205179735	32.11470328	23.48269313	0.496727984	73.95630432	0.795403288	0.015087332	3.326433532	0.263381611	0.001860835	1.860952526	0.357305119	0.001549298	2.504771049	0.258996246	0.004471144	1.781107098
210	65.48207961	8.45824E-14	99.28383404	9.264441375	0.205905024	32.12140864	23.66212904	0.50038318	74.02335934	0.801425145	0.015177405	3.331202404	0.266217655	0.001883149	1.864065756	0.361257049	0.001563087	2.533004484	0.262450126	0.004507419	1.798192348
211	65.22497618	7.727E-14	99.27852308	9.32609026	0.206679067	32.11281971	23.84127795	0.50337703	74.04272983	0.807436716	0.015274324	3.340129319	0.269070109	0.001902909	1.875458056	0.365222275	0.001582952	2.558303683	0.265926513	0.004543397	1.819694223
212	64.96834516	7.56492E-14	99.27303292	9.387521621	0.207456029	32.12320105	24.02013392	0.507250071	74.08047574	0.813437708	0.01541176	3.34854799	0.271940259	0.001924182	1.912281779	0.369196015	0.001594148	2.584708197	0.269425322	0.004590293	1.83914093
213	64.71219599	7.15012E-14	99.2676905	9.448707448	0.208240809	32.10634445	24.19869682	0.511142118	74.11562455	0.819427854	0.015537782	3.358140912	0.274834883	0.001945664	1.924097123	0.373190536	0.001604281	2.615340292	0.272946465	0.004623838	1.852363988
214	64.45653902	6.25871E-14	99.26214588	9.509677653	0.209028542	32.1024411	24.3769626	0.514407408	74.12262151	0.825406903	0.015631764	3.35944446	0.277732654	0.001967626	1.946360105	0.377191318	0.001618028	2.625699316	0.276489856	0.004648725	1.869134143
215	64.20138509	6.25875E-14	99.25657433	9.570442792	0.209918525	32.10973664	24.55492596	0.518096774	74.1297109	0.83137462	0.015757253	3.367607497	0.280633119	0.00199636	1.965807145	0.381183002	0.001632142	2.645060938	0.280055419	0.00468807	1.893788859
216	63.94674513	6.16483E-14	99.25097571	9.630981877	0.210816255	32.10994828	24.73257243	0.521629377	74.13670259	0.837330791	0.015884178	3.372399017	0.283540665	0.002016576	1.993539331	0.385186036	0.001654086	2.680560935	0.283643072	0.00473055	1.915825162
217	63.69262908	5.5303E-14	99.24565993	9.691310693	0.211717801	32.110423	24.9098983	0.525862682	74.18056195	0.843275231	0.015997174	3.378248017	0.286461543	0.002040727	2.026495003	0.389172423	0.001672939	2.697513398	0.28725273	0.004775741	1.938979723
218	63.43904492	5.52528E-14	99.24070968	9.751431006	0.212623179	32.0983097	25.08689564	0.529602388	74.27042738	0.849207807	0.016093351	3.380299358	0.289385045	0.002056829	2.04508382	0.393151259	0.001686785	2.723970877	0.290884315	0.004807667	1.957494413
219	63.18599869	5.18869E-14	99.235218	9.811334319	0.213490746	32.09988486	25.2635552	0.53354694	74.30064471	0.855128439	0.016199327	3.388140218	0.292313338	0.002084159	2.065168952	0.397132274	0.001702181	2.740022999	0.294537735	0.004856196	1.97878784
220	62.93349472	4.64579E-14	99.22970499	9.871027942	0.214224787	32.09920687	25.43987913	0.537314539	74.30347023	0.861037104	0.016321481	3.402268519	0.295241409	0.00211613	2.090221245	0.401106803	0.001727186	2.758106364	0.298212899	0.004901754	1.995040346
221	62.68153611	4.56596E-14	99.2241672	9.93051007	0.214961333	32.10855824	25.61586353	0.540211999	74.31808082	0.866933832	0.016442196	3.41347627	0.298164392	0.0021422	2.116788516	0.40508235	0.00174037	2.802733572	0.301909718	0.00491382	2.011739024
222	62.43012487	4.16341E-14	99.21860454	9.989767069	0.215701312	32.12927386	25.79149631	0.544182768	74.3446847	0.872818704	0.016564579	3.419489527	0.30108613	0.002171681	2.127469802	0.409078817	0.001757338	2.850974451	0.305628098	0.004956188	2.029426974
223	62.17926199	4.04621E-14	99.21301689	10.04880197	0.216443843	32.13762086	25.96677366	0.548188031	74.36050743	0.878691835	0.016679346	3.419551864	0.304007724	0.002191969	2.1437084	0.413094881	0.001776247	2.885417744	0.309367945	0.005008164	2.047972516
224	61.9289476	3.97556E-14	99.20760238	10.10760134	0.217188914	32.18252978	26.14170026	0.55221276	74.38928727	0.884553353	0.016790394	3.432064227	0.306937127	0.002218338	2.147872319	0.417131153	0.001801211	2.938673512	0.313129165	0.005055534	2.066155304
225	61.67918145	3.74679E-14	99.20225702	10.16616202	0.218010177	32.16880535	26.31628243	0.556150265	74.41445914	0.890403379	0.016901779	3.437769851	0.309875896	0.002237111	2.165455221	0.421183164	0.001827439	2.964177788	0.316911666	0.005093429	2.086221732
226	61.42996323	3.34638E-14	99.19961259	10.22451494	0.218871904	32.18129948	26.49051585	0.559406633	74.46458907	0.896242011	0.017029062	3.450607615	0.312805223	0.002268275	2.168532345	0.425243404	0.001844081	3.018105852	0.32071535	0.005131517	2.102092979
227	61.18129311	2.90737E-14	99.19368199	10.28263062	0.219812834	32.20182426	26.66440249	0.563268449	74.47317397	0.902069315	0.01714895	3.458639027	0.31574104	0.002295733	2.177683589	0.429323311	0.001861836	3.038230951	0.324540123	0.005169797	2.120253447
228	60.9331722	2.64491E-14	99.18764134	10.3404903	0.220763182	32.19970728	26.83794502	0.567109802	74.49305641	0.907885315	0.017276578	3.463375797	0.318692871	0.002331973	2.210960589	0.433428409	0.001884705	3.054067175	0.32838589	0.005219339	2.138075709
229	60.68560273	2.49441E-14	99.18156435	10.39810838	0.221717622	32.19598754	27.01114311	0.570395894	74.54044486	0.913689997	0.017410012	3.472984739	0.321659437	0.002355109	2.222532687	0.437543791	0.001902612	3.074890238	0.332252549	0.005275686	2.161464717
230	60.43858802	2.15486E-14	99.17545616	10.45550698	0.22267617	32.21179998	27.18399179	0.573742477	74.54868203	0.919483305	0.017536371	3.479050485	0.324637113	0.002382953	2.248108366	0.441652775	0.001919482	3.127787556	0.336140017	0.005318623	2.180980784
231	60.19213245	1.91814E-14	99.16967788	10.51266004	0.223461865	32.20930106	27.35648902	0.578046818	74.58537643	0.925265145	0.017664363	3.49054975	0.327633631	0.002399238	2.268309551	0.445771514	0.001942852	3.134419597	0.340048201	0.005364107	2.198554046
232	59.9462411	1.7897E-14	99.16415845	10.56958544	0.224234266	32.20883281	27.528628	0.582252013	74.60163352	0.931035394	0.017758481	3.49771971	0.33064039	0.00242558	2.287683643	0.449892667	0.001954777	3.167870508	0.343977017	0.005413813	2.212954082
233	59.7009194	1.55369E-14	99.15919848	10.62630376	0.22500931	32.19582538	27.70040289	0.586053462	74.60960869	0.936793903	0.017861848	3.507697092	0.333657834	0.002461891	2.304399912	0.453995823	0.001972458	3.205039812	0.347926388	0.005473561	2.230621229
234	59.45617264	1.45814E-14	99.15364042	10.68281321	0.225872106	32.17852307	27.87180921	0.589869842	74.61765695	0.942540512	0.017976258	3.520258174	0.336680389	0.002493927	2.323923655	0.458087802	0.001990681	3.217218043	0.351896244	0.005524429	2.24835092
235	59.21200574	1.21605E-14	99.14755553	10.73908489	0.226760119	32.18714438	28.04284232	0.593701231	74.62117884	0.948275052	0.018111334	3.52116224	0.33971564	0.002515303	2.340702917	0.462189853	0.002015744	3.253497265	0.355886505	0.00557054	2.273825006
236	58.96842296	1.06162E-14	99.14280277	10.79512402	0.227651614	32.18753256	28.21349803	0.597547686	74.63485269	0.953997358	0.018264396	3.521165412	0.342765587	0.002536599	2.374450884	0.466294943	0.002036921	3.275554404	0.35989709	0.005626531	2.299077157
237	58.7254278	8.60492E-15	99.13714808	10.85094532	0.228546604	32.17629514	28.38377135	0.601409266	74.64879238	0.959707274	0.018367829	3.521626148	0.345821692	0.002557892	2.401490249	0.470398632	0.002058353	3.314911717	0.363927924	0.005676082	2.327725883
238	58.48302334	7.30725E-15	99.13108139	10.9065168	0.229445102	32.18445396	28.55366075	0.605484613	74.6593164	0.965404644	0.01847257	3.525383076	0.348893958	0.002579325	2.436429271	0.474521589	0.002073903	3.349349438	0.367978926	0.00573298	2.344176301
239	58.24121269	6.38707E-15	99.12503491	10.96186255	0.230347123	32.20677581	28.72315937	0.609751001	74.66866677	0.971089308	0.018627332	3.535570304	0.351962972	0.002600951	2.467203907	0.478663095	0.002092082	3.3855365	0.372050016	0.00577847	2.367100666
240	57.99999935	5.62584E-15	99.11936541	11.01697477	0.231253048	32.26135999	28.8922625	0.614013419	74.67537548	0.976761098	0.018768977	3.540067307	0.355036725	0.002627684	2.477910018	0.482824434	0.002117973	3.407241958	0.376141122	0.005822329	2.389263854
241	57.75938763	4.47503E-15	99.11368765	11.07184739	0.232012315	32.26148783	29.06097141	0.617130135	74.68410141	0.982419828	0.018861182	3.54359517	0.35812157	0.002648015	2.490930272	0.487000006	0.002144188	3.444007445	0.380252168	0.005866863	2.408371385
242	57.51938259	4.10717E-15	99.10798772	11.126492	0.23276346	32.28030369	29.22928549	0.620870837	74.70330174	0.988065302	0.018953514	3.550899119	0.361213368	0.00267075	2.517518305	0.491178167	0.00216932	3.488072098	0.384383085	0.005910703	2.423461031
243	57.27998996	3.60888E-15	99.10354851	11.18094327	0.233519575	32.32826965	29.39719985	0.624650768	74.7249221	0.99369733	0.019045975	3.559452255	0.364301073	0.00270209	2.532235503	0.4953347	0.002192166	3.520562796	0.388533813	0.0059557	2.443845666
244	57.04121603	3.38031E-15	99.09867882	11.2351529	0.234329369	32.33187557	29.56470898	0.628558903	74.76332658	0.999315733	0.019138564	3.563273647	0.367394402	0.002746223	2.545530722	0.499507657	0.002215226	3.528305771	0.392704298	0.00600264	2.466598074
245	56.80306763	2.67916E-15	99.09247409	11.28911458	0.235352352	32.32977249	29.73180873	0.632400632	74.77669764	1.004920341	0.019271571	3.564218167	0.370496638	0.002774453	2.564794723	0.503697614	0.002236787	3.56219237	0.396894459	0.006046476	2.485000258
246	56.56555211	2.43726E-15	99.08623492	11.34282556	0.236380247	32.31290861	29.89849511	0.635867972	74.79032706	1.010510996	0.019411338	3.564510758	0.373602821	0.002809593	2.580627584	0.507909198	0.002257143	3.601194344	0.40110421	0.006090542	2.501214431
247	56.32867729	2.02489E-15	99.07993659	11.39629214	0.237419073	32.30226675	30.0647647	0.6387472	74.81692769	1.016087536	0.019569919	3.568018191	0.376715258	0.002850168	2.59304206	0.512129622	0.002284931	3.620943012	0.405333463	0.006135234	2.518814282
248	56.09245134	2.01734E-15	99.07360857	11.44952273	0.238462451	32.29313612	30.23061058	0.643220186	74.82535839	1.021649789	0.019737751	3.569404941	0.379836854	0.002883007	2.598372136	0.516346569	0.00230877	3.650580724	0.40958214	0.006180895	2.542225837
249	55.85688239	1.6656E-15	99.06734611	11.50250362	0.239359131	32.32057402	30.39602361	0.647356573	74.83848512	1.027197579	0.019906762	3.569912243	0.382963986	0.002908046	2.608260723	0.520578652	0.002332926	3.697939279	0.413850159	0.006223832	2.557903449
250	55.62197794	1.29207E-15	99.06142857	11.55523894	0.240103432	32.32118374	30.56099802	0.649371354	74.84091869	1.032730734	0.020076961	3.573694566	0.386095052	0.002934359	2.624130314	0.524821891	0.002349841	3.70309376	0.418137431	0.006272974	2.573729365
251	55.38774427	1.00354E-15	99.05548758	11.60773534	0.241020817	32.33314341	30.72552311	0.65459183	74.85742652	1.0382491	0.020248356	3.579567295	0.389230044	0.002960874	2.640589536	0.529074267	0.002366847	3.733674032	0.422443866	0.006322234	2.599348546
252	55.1541861	7.74197E-16	99.04952304	11.66000474	0.242070682	32.3226056	30.88959797	0.658726132	74.87854869	1.043752547	0.020420956	3.579998768	0.392373137	0.002993179	2.64724107	0.533316122	0.002386376	3.756033596	0.426769375	0.006380406	2.618640217
253	54.92130688	5.80288E-16	99.04353487	11.71203283	0.24312511	32.32174954	31.05321997	0.662548361	74.91952959	1.04924097	0.020475386	3.580611575	0.395521795	0.003023266	2.652652931	0.537563679	0.002414037	3.77368887	0.43111387	0.006424666	2.641952717
254	54.68910913	4.43916E-16	99.03752296	11.76380119	0.244188626	32.3219276	31.21638676	0.666391112	74.92335746	1.054714277	0.020553071	3.580611575	0.398675565	0.003059123	2.656230292	0.54183581	0.00243682	3.81557521	0.435477263	0.006473032	2.660862326
255	54.45759493	3.39907E-16	99.03152202	11.81531598	0.245258516	32.31216477	31.37909475	0.670676761	74.94886814	1.060172379	0.020696315	3.583923374	0.401834606	0.003085932	2.660199903	0.5461279	0.002453613	3.852520149	0.439859457	0.006538418	2.695938658
256	54.22676626	2.60332E-16	99.02603525	11.86659578	0.246277315	32.30024606	31.54134355	0.674643048	74.9780344	1.065615186	0.020841658	3.588785649	0.404997388	0.00311294	2.669275383	0.550421459	0.002477823	3.888456601	0.44426037	0.006593593	2.725605903
257	53.99662542	1.99434E-16	99.01943614	11.91761879	0.247249341	32.30846711	31.70313158	0.678512324	74.98350269	1.071042598	0.020989295	3.598370986	0.408167855	0.003140264	2.700888951	0.554733843	0.002502795	3.905108028	0.448679911	0.00664511	2.747328293
258	53.76717497	1.52819E-16	99.01332709	11.96840543	0.24822519	32.31317912	31.86445732	0.682696907	74.99717361	1.076454507	0.021137697	3.602976139	0.411336936	0.003172828	2.7334565	0.559052846	0.002531457	3.913528781	0.453117992	0.006707785	2.766003739
259	53.53841777	1.17128E-16	99.00719381	12.01893869	0.249204877	32.30569114	32.0253158	0.686265257	75.00666342	1.081850803	0.021286868	3.607064635	0.414519853	0.003207078	2.750924731	0.563382554	0.002562734	3.919196119	0.457574524	0.00677814	2.7884419
260	53.31035684	8.97956E-17	99.0010524	12.06921539	0.250188418	32.34672875	32.18570302	0.69017601	75.04076402	1.087231376	0.021436813	3.607207197	0.417711557	0.003241736	2.79356016	0.567732401	0.002595104	3.959694077	0.462049416	0.006840647	2.804625306
261	53.0829951	6.88585E-17	98.99487879	12.11925842	0.251175827	32.36865787	32.345614	0.694617149	75.04744838	1.092596127	0.021588278	3.607207197	0.420898768	0.003276575	2.799269418	0.572094992	0.002625065	4.015206279	0.466542587	0.006903657	2.8288416
262	52.85633524	5.28163E-17	98.98822115	12.16905971	0.25216712	32.35948669	32.50504722	0.699630903	75.05995008	1.097944973	0.021740553	3.613100985	0.424084815	0.003312035	2.823226674	0.576474085	0.00265053	4.062174089	0.471053957	0.006952775	2.854874634
263	52.63037942	4.05719E-17	98.98147998	12.21860281	0.253162311	32.37391242	32.66400862	0.704671802	75.07867571	1.103277856	0.021893625	3.615057355	0.427275078	0.003364876	2.843785417	0.580872783	0.002666222	4.081007057	0.475583439	0.007003099	2.876229363
264	52.40512915	3.11799E-17	98.97539216	12.26788389	0.254161417	32.35853547	32.82249929	0.708836421	75.08757211	1.108594745	0.022047499	3.615337449	0.430475795	0.00342039	2.874008462	0.585286191	0.002686399	4.109739773	0.480130937	0.007048298	2.894982412
265	52.18058493	2.38995E-17	98.96928179	12.31693487	0.255129059	32.37451977	32.98051567	0.713115247	75.09648753	1.113895645	0.022141353	3.61621503	0.433672026	0.003455694	2.901020143	0.589700499	0.002712619	4.123822517	0.484696364	0.007096271	2.913534796
266	51.95674612	1.74895E-17	98.9631488	12.36574814	0.256022464	32.34576187	33.13805238	0.717776349	75.11380302	1.119180602	0.022252782	3.623251982	0.43686776	0.003504747	2.911038656	0.594125365	0.00273044	4.144825558	0.489279633	0.00714684	2.932061988
267	51.73361119	1.37745E-17	98.9569931	12.41431408	0.256918993	32.33964105	33.29511109	0.722482091	75.14141102	1.124449691	0.022322718	3.62449935	0.440069894	0.003533158	2.941444864	0.598563404	0.002745966	4.180336075	0.493880652	0.007200162	2.961936818
268	51.51117787	1.08122E-17	98.9508146	12.46262523	0.257818657	32.35312569	33.45169471	0.727242707	75.157325	1.129703018	0.022398823	3.625357287	0.443282785	0.003574054	2.944932208	0.603017071	0.002770452	4.212855883	0.498499325	0.007258411	2.987317238
269	51.28944351	8.31884E-18	98.94461324	12.51069242	0.258721468	32.3296084	33.60780563	0.73093911	75.17891739	1.134940702	0.022550827	3.626733482	0.446498976	0.003623427	2.948412936	0.6074832	0.002791348	4.271468951	0.503135559	0.007319501	3.010067053
270	51.06840562	6.40248E-18	98.93830374	12.5584987	0.259717202	32.35939845	33.76344673	0.73670859	75.18411627	1.140162867	0.022704019	3.631728756	0.449730019	0.00366993	2.960113628	0.611966807	0.0028273	4.275114944	0.507789257	0.007382819	3.03077758
271	50.84806224	5.02945E-18	98.93189759	12.60606405	0.260778347	32.37210746	33.91861811	0.74152057	75.21525832	1.145369625	0.022831687	3.633404011	0.452961705	0.003724069	2.967467756	0.616463953	0.002848406	4.296304616	0.512460323	0.007446137	3.045637767
272	50.62841212	3.88998E-18	98.92546006	12.65338027	0.26171528	32.38320708	34.07331801	0.74604189	75.22263175	1.150561071	0.022962704	3.637258665	0.45620289	0.003766041	3.01002613	0.62097698	0.002873257	4.303677265	0.517148662	0.007497844	3.060424709
273	50.40945492	2.91285E-18	98.91856719	12.7004669	0.262640164	32.37270699	34.22754252	0.750488256	75.22632162	1.155737273	0.023146903	3.637262112	0.459444288	0.003808937	3.018905937	0.625499917	0.002890537	4.356043213	0.521854185	0.007556324	3.077348668
274	50.19119124	2.23869E-18	98.91145662	12.74731157	0.263568301	32.3428635	34.38129486	0.754952092	75.23994004	1.160898269	0.023267821	3.637265238	0.462691804	0.003852494	3.038950695	0.630035462	0.002911709	4.382752537	0.526576802	0.007633885	3.102631392
275	49.97362236	1.6496E-18	98.9043121	12.79394956	0.2644997	32.3574437	34.53457249	0.759433468	75.24964981	1.166044072	0.023377261	3.639218777	0.465936938	0.003874728	3.042408615	0.63455814	0.002933124	4.395395646	0.531316435	0.007680859	3.122573156
276	49.75675027	1.17938E-18	98.89713346	12.84037066	0.265434374	32.35869834	34.68737969	0.76393245	75.26941246	1.171174667	0.023507734	3.642516155	0.46918359	0.003911557	3.062534538	0.639068119	0.002963337	4.427875023	0.536073007	0.007732762	3.14189949
277	49.54057745	8.73399E-19	98.88991901	12.88655416	0.266372334	32.34025672	34.83971507	0.768449108	75.29797173	1.176290013	0.023647515	3.648945038	0.472431337	0.003948969	3.066485298	0.643585539	0.002983015	4.435508115	0.540846429	0.007786576	3.163994223
278	49.32510679	6.41469E-19	98.88258775	12.93248899	0.267313592	32.36502713	34.99157772	0.772829047	75.32472795	1.18139005	0.023803379	3.653432105	0.475682359	0.003988802	3.090421463	0.648117493	0.002998065	4.442647409	0.545636608	0.007835928	3.187080639
279	49.11034144	4.90551E-19	98.87541378	12.97817056	0.268258158	32.34742191	35.14296383	0.777506062	75.34146966	1.186474697	0.02396	3.660167544	0.478937475	0.004035227	3.10444315	0.652668555	0.003034375	4.44978116	0.550443449	0.00788573	3.206053454
280	48.89628479	3.75522E-19	98.86870626	13.0236126	0.269206044	32.35082587	35.29386779	0.782043177	75.34808669	1.191543855	0.024117381	3.665517094	0.482195144	0.004067885	3.149012305	0.65722897	0.003071585	4.474932928	0.555266853	0.007934047	3.22651113
281	48.68294037	2.87552E-19	98.86229731	13.06880781	0.270157263	32.34410187	35.44429282	0.786618727	75.35647088	1.196597412	0.024275525	3.668845074	0.485461494	0.004120369	3.169514911	0.661793361	0.003081253	4.480670479	0.560106725	0.007994735	3.255973246
282	48.47031197	2.20576E-19	98.85586554	13.11375215	0.271111825	32.3618862	35.59424284	0.791218901	75.37285208	1.201635243	0.024425611	3.669162154	0.4887319	0.004156458	3.21624194	0.666362934	0.003090913	4.50585751	0.564962972	0.008053634	3.275173811
283	48.2584036	1.69292E-19	98.84940108	13.15844086	0.272069742	32.36351221	35.74371424	0.795837114	75.39899178	1.206657207	0.024582999	3.672448597	0.492006772	0.004192827	3.231246465	0.67094182	0.003113918	4.51762495	0.569835495	0.008108173	3.309504129
284	48.04721962	1.29971E-19	98.84280527	13.20287666	0.273031025	32.34605415	35.892702	0.800473435	75.41331984	1.211663155	0.024743401	3.672448597	0.495287545	0.004229676	3.261720979	0.675526818	0.003153969	4.571720613	0.574724195	0.008151857	3.326878148
285	47.83676484	9.98129E-20	98.83561883	13.24705043	0.273995688	32.31968504	36.04120231	0.805458201	75.43881196	1.216652924	0.024882585	3.677709296	0.498574558	0.004269782	3.26983177	0.680125967	0.003179314	4.630835876	0.579628974	0.008203422	3.348247328
286	47.62704451	7.88986E-20	98.82840063	13.29096485	0.27496374	32.28557628	36.1892102	0.810552325	75.44937653	1.221626343	0.025064417	3.677958353	0.50186108	0.004320233	3.286727077	0.684743285	0.003200363	4.651460965	0.584549734	0.008256698	3.368263178
287	47.41806441	6.29432E-20	98.82115052	13.33461294	0.275936032	32.29990555	36.33671698	0.815004358	75.45912371	1.226583229	0.025214211	3.688523583	0.505152789	0.004371247	3.301414327	0.689383274	0.003221184	4.688621164	0.589486377	0.008328169	3.384629462
288	47.20983075	5.02295E-20	98.81386623	13.37800214	0.276916377	32.3087105	36.48371842	0.820066693	75.46934166	1.231523392	0.025312755	3.688775049	0.508451041	0.004404711	3.323684104	0.694035441	0.003228361	4.706687804	0.594438805	0.008366489	3.403779059
289	47.00235006	4.00946E-20	98.806535	13.42116843	0.277900189	32.29152419	36.63021329	0.825282047	75.48354089	1.236446635	0.025411376	3.696801319	0.511746334	0.004432485	3.328283842	0.698668312	0.003246021	4.714947596	0.599406934	0.00843538	3.421115579
290	46.79562909	2.94946E-20	98.79917122	13.4640916	0.279030765	32.29726414	36.77619746	0.830523871	75.49753261	1.241352757	0.025510073	3.699773557	0.515040982	0.004488014	3.346196759	0.703297421	0.003268545	4.751934428	0.604390696	0.008489631	3.433559328
291	46.58967477	2.05255E-20	98.79177477	13.50674964	0.280121041	32.34426897	36.92166882	0.833358581	75.51338629	1.246241551	0.025611342	3.700394913	0.518336088	0.004536177	3.374936404	0.707939121	0.003297072	4.787921388	0.609390003	0.008553225	3.452721582
292	46.38449407	1.5702E-20	98.78434549	13.54913724	0.281106003	32.35564785	37.06662269	0.83813255	75.52540549	1.25111281	0.025765151	3.711496901	0.521635643	0.004579836	3.381672864	0.712592788	0.003324912	4.794576084	0.614404761	0.008620243	3.468504614
293	46.18009381	1.20462E-20	98.77730137	13.5912736	0.282094357	32.34201169	37.21105282	0.842923113	75.5352762	1.255966325	0.025988234	3.715163536	0.524940946	0.00462405	3.395000947	0.717237628	0.003339766	4.845974438	0.619434877	0.008708939	3.484274349
294	45.97648052	9.24587E-21	98.77076853	13.63316843	0.283086114	32.35415946	37.35494657	0.847706526	75.54060367	1.26080189	0.026188892	3.715163541	0.5282371	0.004664686	3.421956265	0.721885207	0.003368576	4.893004515	0.624480275	0.008798665	3.504657822
295	45.77366056	7.09976E-21	98.76421416	13.67479781	0.284081285	32.35135558	37.4982998	0.852508383	75.54789602	1.265619304	0.026318344	3.725768298	0.531536596	0.004719191	3.442827811	0.726545062	0.003388216	4.913073574	0.62954087	0.008863364	3.524257106
296	45.57164004	5.45412E-21	98.75763634	13.7161487	0.285079881	32.34297833	37.64110901	0.857365053	75.5537071	1.270418365	0.026448234	3.727025252	0.534847014	0.004770449	3.460378427	0.731220299	0.003411772	4.928774092	0.634616566	0.008925382	3.550218072
297	45.37042494	4.19165E-21	98.75079859	13.75721439	0.286081915	32.36252496	37.7833693	0.863090764	75.55932405	1.275198874	0.026578477	3.737622397	0.53816751	0.00481604	3.470183441	0.735917732	0.003438315	4.970057923	0.639707262	0.008987751	3.581906425
298	45.17002106	3.22269E-21	98.74301031	13.79799745	0.287087396	32.3599294	37.92507769	0.87050785	75.56469997	1.279960635	0.026709075	3.743907843	0.541500153	0.004855679	3.480837149	0.740630156	0.003461354	4.990156502	0.644812852	0.009050474	3.609753759
299	44.97043412	2.4787E-21	98.73518576	13.83849858	0.288096337	32.35853496	38.06623203	0.877678202	75.57137615	1.28470345	0.026830456	3.746157732	0.5448448	0.004893188	3.49517008	0.745353796	0.003485741	5.049059447	0.649933232	0.009086601	3.631586802
300	44.77166978	1.90903E-21	98.72742662	13.87872747	0.289108748	32.3461346	38.20683	0.883455945	75.58620126	1.289427121	0.026969547	3.752543063	0.548194453	0.004944352	3.507404144	0.750082886	0.003522682	5.090049074	0.655068293	0.009126772	3.645884332
301	44.57373351	1.47078E-21	98.71979185	13.91873538	0.290124642	32.38440452	38.34686997	0.889263243	75.58914808	1.294131452	0.027134356	3.752559806	0.551549612	0.00499618	3.546653856	0.754762128	0.003554665	5.140147602	0.660217945	0.009213115	3.665634823
302	44.37663074	1.13338E-21	98.7121198	13.95847668	0.291144675	32.37483628	38.4863483	0.895101572	75.59600188	1.298816244	0.027324234	3.755080601	0.554911827	0.005030401	3.556265091	0.759434118	0.003584293	5.154970931	0.665382095	0.009283183	3.683913571
303	44.1803667	8.73576E-22	98.70439856	13.99796183	0.292170507	32.35614504	38.62526059	0.900949306	75.59995945	1.303481305	0.027516313	3.755643044	0.558279977	0.00507344	3.571219064	0.764088946	0.00361414	5.163607496	0.670560654	0.009339719	3.701218844
304	43.98494649	6.7353E-22	98.69663185	14.03715723	0.29334197	32.34313758	38.76360538	0.905112301	75.61857278	1.308126448	0.027709501	3.760312817	0.561657295	0.005139582	3.578901432	0.768753641	0.003639187	5.188369673	0.675753523	0.009418693	3.720031512
305	43.79037479	5.19453E-22	98.68882716	14.07609125	0.294575324	32.3618592	38.90137797	0.908624928	75.62279144	1.312751499	0.02787714	3.760813493	0.565032088	0.005186349	3.605446406	0.773411812	0.003659983	5.196807882	0.680960592	0.009497797	3.736184393
306	43.59665581	4.00727E-22	98.68098823	14.11478232	0.295814801	32.34034009	39.0385738	0.912141337	75.63619396	1.317356311	0.028026617	3.769269198	0.568409802	0.005226626	3.63273109	0.778040192	0.003681093	5.217056464	0.686181763	0.00954204	3.750494558
307	43.40379304	3.09217E-22	98.67311491	14.1531952	0.296855958	32.32531301	39.17518701	0.915661532	75.64285628	1.321940767	0.028208924	3.769513688	0.571790021	0.005265536	3.637376789	0.78267703	0.003710973	5.250996802	0.69141694	0.009583654	3.763356432
308	43.21178915	2.38697E-22	98.66520707	14.19134057	0.297869415	32.33425267	39.31121439	0.919780963	75.65778352	1.326504792	0.028411731	3.769513738	0.575169967	0.005317288	3.648260546	0.787315121	0.003744594	5.282032713	0.696666013	0.009625349	3.777557484
309	43.020646	1.8438E-22	98.66020006	14.22919665	0.298885777	32.3426658	39.44665809	0.924628093	75.6903906	1.331048344	0.02861576	3.780214553	0.578554979	0.005361625	3.665940972	0.791967075	0.003791858	5.307213198	0.701928869	0.009680224	3.804869104
310	42.8303648	1.42463E-22	98.65255063	14.26677862	0.299905047	32.33178848	39.58151618	0.930730701	75.71290866	1.335571413	0.028797949	3.782910111	0.581937036	0.00540204	3.683113732	0.79662657	0.003830426	5.352785536	0.707205388	0.009737505	3.82516183
311	42.64094626	1.03116E-22	98.64412743	14.30407555	0.300962873	32.32914868	39.71579032	0.936456864	75.71784922	1.340074	0.028997151	3.78291371	0.585323154	0.005459433	3.686790686	0.801295265	0.003862443	5.435806038	0.712495451	0.009795687	3.841639666
312	42.45239083	7.39323E-23	98.63565201	14.34107855	0.302091633	32.3097072	39.84947986	0.942083206	75.7220328	1.344556115	0.029197491	3.782916791	0.588722989	0.005500812	3.700714011	0.805972712	0.003894701	5.495145899	0.717798935	0.009854368	3.858064912
313	42.26469857	5.24951E-23	98.62713545	14.37780373	0.303224575	32.32212201	39.98258045	0.947734793	75.73374686	1.349017771	0.029398977	3.787371229	0.592123907	0.00555274	3.745688754	0.810659834	0.003932439	5.501888617	0.723115731	0.009930939	3.874212672
314	42.07786893	3.72953E-23	98.61857756	14.41430397	0.304361716	32.31505922	40.11509303	0.953411736	75.75269451	1.353458988	0.029601614	3.789965143	0.595525526	0.005601916	3.759554723	0.81530381	0.003970768	5.515668175	0.72844574	0.009996377	3.891282262
315	41.8919008	2.65127E-23	98.60997811	14.45054324	0.30550428	32.30147592	40.24701864	0.959114148	75.76235498	1.357879792	0.02980541	3.789965286	0.598927906	0.005633617	3.790326003	0.819940756	0.003992007	5.562554188	0.733788863	0.010072433	3.90833242
316	41.7067925	1.88598E-23	98.60133693	14.48650614	0.306655163	32.28941344	40.37835859	0.964846891	75.77200347	1.362280216	0.030004738	3.791696908	0.6023302	0.00568005	3.806576737	0.824587375	0.004024393	5.568311606	0.739144979	0.010148995	3.939660514
317	41.52254172	1.4139E-23	98.59656529	14.52219222	0.307810343	32.27808602	40.50911805	0.970627801	75.78308917	1.366660304	0.030202316	3.797454935	0.605730976	0.005740093	3.814884987	0.829242757	0.00405776	5.591793187	0.74451397	0.010226064	3.961066013
318	41.33914575	1.09307E-23	98.59140704	14.55760268	0.308969836	32.27240979	40.63929868	0.97643486	75.79719075	1.371020106	0.030400944	3.799644055	0.609134773	0.005806563	3.832254642	0.833902304	0.004091416	5.623996372	0.749895713	0.010275423	3.978618428
319	41.15660155	8.3521E-24	98.58590351	14.59276127	0.310133657	32.26201589	40.7689017	0.982268184	75.84356881	1.375359677	0.030600625	3.804860509	0.612535192	0.005867999	3.846964364	0.838550524	0.004125656	5.633460469	0.755290093	0.010313872	3.99402954
320	40.97490598	5.78618E-24	98.57794143	14.6276494	0.311298855	32.24689764	40.89793177	0.988127891	75.86325235	1.379679074	0.030801366	3.805663147	0.615931206	0.005909632	3.853513695	0.843205562	0.004162142	5.64291562	0.760696995	0.010352567	4.009100701
321	40.79405605	3.94376E-24	98.56988382	14.66228088	0.312466731	32.2672605	41.02639071	0.9940141	75.87125824	1.383978352	0.031003172	3.808598864	0.619329083	0.005976953	3.879984596	0.847848618	0.004193974	5.658134274	0.766116308	0.010412298	4.042909261
322	40.61404902	3.03124E-24	98.5617609	14.69666017	0.313638949	32.25491526	41.15428595	0.999926929	75.8794766	1.388257561	0.031150787	3.809297601	0.622726768	0.006029113	3.90735339	0.85247262	0.004229762	5.670130411	0.771547918	0.010464962	4.057941356
323	40.43488246	2.4067E-24	98.55360407	14.73080283	0.314815525	32.2516404	41.28161668	1.004730668	75.88659413	1.392516746	0.031345496	3.815335673	0.626114721	0.006078105	3.928757612	0.857074853	0.004261805	5.707689652	0.776991709	0.010542621	4.077674001
324	40.25655437	1.81996E-24	98.54808457	14.76469529	0.315996475	32.27296078	41.40838097	1.010279201	75.89380729	1.396755944	0.031553778	3.820320803	0.629501727	0.006137989	3.941304194	0.861664137	0.004286126	5.714701939	0.782447571	0.010621451	4.09378023
325	40.07906305	1.47317E-24	98.54136146	14.79834413	0.317181815	32.26855483	41.53458129	1.016481709	75.89997861	1.400975185	0.03173925	3.820483668	0.632896343	0.006202191	3.970824385	0.866224611	0.00431298	5.732614323	0.787915392	0.0106879	4.109471695
326	39.90240717	1.19317E-24	98.53282787	14.83173063	0.318371561	32.25924973	41.66021756	1.021828931	75.90798867	1.405174494	0.031798848	3.820527216	0.636292004	0.006232698	3.975039292	0.870783084	0.004352189	5.754028095	0.793395056	0.010764833	4.129407406
327	39.72658554	9.54958E-25	98.52425628	14.86487022	0.319565728	32.25152605	41.78528486	1.027200218	75.92349924	1.409353893	0.031969277	3.820527217	0.639679189	0.006274631	3.978472402	0.875339849	0.004391856	5.775575914	0.798886449	0.010831923	4.149739458
328	39.55159713	7.58814E-25	98.51564653	14.89773497	0.320764334	32.22881495	41.90978754	1.032590907	75.93222459	1.413513402	0.032102592	3.830950577	0.643072407	0.006356058	3.981902381	0.879905093	0.0044296	5.825374942	0.804389455	0.010888455	4.175820727
329	39.37744095	5.33144E-25	98.50699844	14.93031807	0.321967394	32.2266518	42.0337301	1.03907661	75.94100045	1.417653039	0.032309415	3.831032098	0.646476829	0.006406745	4.016435644	0.884477062	0.004471111	5.844687611	0.809903952	0.010989472	4.192630065
330	39.20411598	3.7369E-25	98.4991511	14.96262533	0.323174925	32.21805506	42.15711244	1.045942598	75.9548532	1.421772826	0.032519859	3.839521478	0.64989176	0.006464095	4.044738238	0.889051847	0.004511182	5.852866554	0.815429815	0.011064066	4.21198089
331	39.03162101	2.6203E-25	98.49283175	14.99465939	0.324386942	32.20516461	42.27993361	1.052814826	75.96196196	1.42587279	0.032730494	3.841050744	0.653311504	0.006533452	4.051802799	0.893634773	0.004546146	5.900466711	0.820966923	0.011163965	4.232190691
332	38.85995467	1.85219E-25	98.48541862	15.02642712	0.325603463	32.20123201	42.4021958	1.058509418	75.97132342	1.429952961	0.032918218	3.846824386	0.656731864	0.006590398	4.057097858	0.898222419	0.004574734	5.925406218	0.826515158	0.011248897	4.252382282
333	38.68911541	1.42314E-25	98.47745414	15.05795215	0.326824503	32.18809868	42.52389682	1.064226497	75.97612394	1.434013376	0.033023491	3.853778841	0.660137608	0.006656358	4.071874572	0.902810234	0.004613833	5.973341696	0.832074409	0.011326288	4.276277186
334	38.51910151	1.09543E-25	98.46854931	15.08923032	0.328050079	32.17501178	42.64503478	1.069983937	75.9841716	1.438054077	0.033129566	3.862988956	0.66353267	0.006721273	4.086919478	0.907402073	0.004638641	6.026198639	0.837644572	0.011404403	4.30179532
335	38.3499112	8.43588E-26	98.46002824	15.12024346	0.329280207	32.16203837	42.76561303	1.075769566	75.99270754	1.442075108	0.033360012	3.86498041	0.666931032	0.006788467	4.102766435	0.912000633	0.004664866	6.078882289	0.843225533	0.011487192	4.327283355
336	38.18154263	6.30621E-26	98.45147182	15.15100962	0.330514905	32.14594523	42.88563571	1.081578225	75.99794949	1.446076519	0.033489576	3.868323497	0.670331104	0.006841115	4.128661798	0.916587218	0.004717583	6.131613807	0.84881719	0.011561344	4.342227508
337	38.01399389	4.6252E-26	98.4428799	15.18151482	0.331754188	32.14419015	43.00510405	1.087410005	76.00378908	1.450058361	0.033584668	3.869974021	0.673731552	0.006895074	4.134093839	0.921177894	0.004755991	6.165938709	0.854419434	0.01164141	4.35582195
338	37.84726291	3.39361E-26	98.43495507	15.21178009	0.332998074	32.13688806	43.12402019	1.093264997	76.00897505	1.454020691	0.033679731	3.870966367	0.677128769	0.006975784	4.14209008	0.925755189	0.004799257	6.201573886	0.860032156	0.011720124	4.391308744
339	37.68134754	2.56447E-26	98.42830278	15.24178954	0.334246579	32.12670598	43.24238421	1.099143293	76.01834149	1.45796357	0.033812374	3.87153163	0.680527969	0.007041983	4.165342874	0.930331914	0.004844896	6.210655849	0.865655253	0.011795202	4.406735768
340	37.51624546	1.97416E-26	98.4216354	15.27155029	0.33549972	32.12107648	43.3601983	1.105044987	76.02736801	1.461887066	0.034026328	3.873910433	0.68393197	0.007098715	4.202658448	0.934898292	0.004890948	6.223722463	0.871288628	0.011882059	4.421923541
341	37.35195414	1.52025E-26	98.41448019	15.30106548	0.336757514	32.11708171	43.47746302	1.111415009	76.03873593	1.465791251	0.034242296	3.875569355	0.687338061	0.007156026	4.2174883	0.939455861	0.004931953	6.244076354	0.876932181	0.011959957	4.434250977
342	37.18847078	1.16576E-26	98.40570457	15.33034197	0.338019977	32.12691611	43.59418418	1.11803477	76.04529811	1.469676205	0.034461548	3.877678933	0.690740316	0.007213758	4.230648179	0.944000731	0.004962499	6.270167369	0.882585808	0.012003981	4.454247562
343	37.02579229	8.92015E-27	98.3965544	15.35936734	0.339291524	32.11663771	43.71036096	1.12468587	76.05275359	1.473542013	0.034682294	3.884124395	0.694145464	0.007271914	4.234482135	0.948542512	0.005007285	6.299695971	0.888249416	0.012126964	4.474565843
344	36.86391531	6.96487E-27	98.3866378	15.38813536	0.340568954	32.10938689	43.82599281	1.131368455	76.05902561	1.477388766	0.034904223	3.887032153	0.697554912	0.007319567	4.241782265	0.953089942	0.005022322	6.305953295	0.893922896	0.012202248	4.49458533
345	36.70283616	5.69406E-27	98.37667081	15.41666958	0.341851147	32.10390485	43.94107891	1.138117999	76.07494009	1.48121656	0.035063234	3.88981371	0.700955914	0.007389513	4.253972847	0.957636735	0.005052186	6.31220513	0.89960614	0.012283724	4.514586763
346	36.54255085	4.6586E-27	98.36665318	15.44496324	0.343138121	32.11215184	44.05562482	1.144904495	76.08528025	1.485025494	0.035169425	3.890439136	0.704352766	0.007448961	4.257456505	0.962183779	0.005091802	6.318451478	0.90529905	0.012334784	4.534673443
347	36.38305525	3.66928E-27	98.35658466	15.47300569	0.344429892	32.0955534	44.1696378	1.151723421	76.09560734	1.488815671	0.035370953	3.891639284	0.707752122	0.007515663	4.26971295	0.966731936	0.005122356	6.332969205	0.911001523	0.012386583	4.554858494
348	36.22434508	2.56757E-27	98.34646498	15.50080191	0.345726479	32.07798253	44.28311955	1.15928775	76.10419637	1.492587189	0.035603434	3.8917752	0.711154732	0.007571935	4.29117215	0.971278088	0.005143493	6.367090409	0.916713453	0.0124387	4.574851745
349	36.066416	1.92569E-27	98.3368574	15.5283561	0.347027899	32.06396495	44.39607441	1.167043302	76.11262806	1.496340147	0.035839884	3.892463553	0.714560021	0.007629299	4.323574992	0.975818577	0.005173573	6.396272656	0.922434737	0.012493307	4.592949542
350	35.90926374	1.5026E-27	98.32777726	15.55566856	0.34833417	32.05644736	44.50850297	1.172603887	76.11999945	1.50007464	0.036077716	3.892894902	0.717964503	0.007687978	4.334854952	0.980360312	0.005204426	6.406698281	0.928165272	0.012545526	4.614928693
351	35.75288415	1.09484E-27	98.31865939	15.58275503	0.349645309	32.06084371	44.62040678	1.179213907	76.12449461	1.503790757	0.036316903	3.894164293	0.721369303	0.007739184	4.349457842	0.984889023	0.005235777	6.475665487	0.933904957	0.01262136	4.630937851
352	35.59727334	8.30319E-28	98.30970495	15.60960088	0.350961334	32.05656754	44.7317889	1.186180964	76.12988579	1.50748858	0.036557453	3.894748452	0.724778238	0.007792504	4.370456354	0.989416364	0.005267283	6.513350266	0.939653696	0.012717543	4.654938181
353	35.44242772	6.34938E-28	98.304594	15.63621055	0.352282263	32.0374006	44.8426531	1.193189937	76.140304	1.511168184	0.036799372	3.897218509	0.728187562	0.007857746	4.399894151	0.993941479	0.005298144	6.523129761	0.945411397	0.012814386	4.673717303
354	35.28834409	4.85102E-28	98.29512509	15.66258553	0.353608114	32.03336882	44.95300177	1.200609656	76.14364869	1.514829634	0.037042834	3.899633689	0.731590091	0.007938133	4.446171358	0.998470927	0.005312972	6.551315939	0.951177965	0.012911893	4.688268212
355	35.13501953	3.70509E-28	98.28492061	15.6887552	0.354938904	32.02889165	45.06283401	1.207250297	76.14699003	1.518472992	0.03725148	3.901906981	0.734976527	0.008001257	4.473437215	1.002988425	0.005330672	6.557517633	0.956953318	0.013010069	4.709886389
356	34.98245139	2.83195E-28	98.27631031	15.71472365	0.356274653	32.04918544	45.17214851	1.214307784	76.15308911	1.522098312	0.037391358	3.90409413	0.738355818	0.008064842	4.490725935	1.007484949	0.005348692	6.598985614	0.962737374	0.013108919	4.735070492
357	34.83063729	2.16839E-28	98.26794694	15.74047661	0.357615377	32.03461066	45.28094877	1.220369448	76.16258256	1.525705647	0.037531481	3.905003608	0.741732421	0.008128889	4.499605414	1.011969219	0.005389082	6.61781023	0.968530046	0.013155791	4.754844102
358	34.67957508	1.67534E-28	98.25955535	15.7659884	0.358961095	32.01453266	45.38923738	1.226123507	76.17276329	1.529295045	0.037671848	3.905046883	0.745108784	0.008193404	4.508566922	1.016464064	0.005449544	6.638629523	0.974331237	0.013197958	4.77459988
359	34.52926271	1.29631E-28	98.25113544	15.79126004	0.360443143	32.00078941	45.49701787	1.231896285	76.18285049	1.532866553	0.037914364	3.905086436	0.748488424	0.008258388	4.5230128	1.020963561	0.005480446	6.656263624	0.980140848	0.013303715	4.790204836
360	34.37969808	1.0006E-28	98.24264572	15.81631179	0.361933484	31.9831042	45.60429518	1.237687843	76.19021408	1.536420226	0.038168681	3.905122587	0.751862586	0.008314874	4.531840432	1.025453356	0.005500144	6.689675101	0.985958783	0.013411444	4.804669721
361	34.23087903	7.71648E-29	98.23863692	15.84113179	0.363429956	31.96453444	45.71107288	1.243525069	76.1975599	1.539956119	0.038426074	3.905155633	0.755233994	0.008365638	4.545089006	1.029941226	0.005520117	6.713476363	0.991784955	0.013518078	4.819119553
362	34.08280334	5.92762E-29	98.22954994	15.86570551	0.364932584	31.95960883	45.81734947	1.249392945	76.20861765	1.543474293	0.038684984	3.906085401	0.75860721	0.008417788	4.57055585	1.034440909	0.005567827	6.720547877	0.997619266	0.013595778	4.833554347
363	33.93546862	4.54649E-29	98.22034921	15.8900604	0.366441394	31.97326576	45.92312449	1.256460421	76.21793878	1.546974818	0.038889658	3.914591639	0.761976886	0.008513995	4.594413035	1.038933174	0.005619083	6.767555277	1.003461624	0.013674776	4.84790857
364	33.78887226	3.48151E-29	98.21111236	15.91421812	0.36795641	31.97752046	46.02839631	1.262818089	76.22940455	1.550457769	0.039074999	3.91809137	0.765331702	0.008575267	4.623735825	1.043411903	0.005652452	6.795435494	1.009311942	0.01375436	4.863009229
365	33.64301157	2.66276E-29	98.20183923	15.93815358	0.369477658	31.97070084	46.13317038	1.267933088	76.24370207	1.553923225	0.039301958	3.919553073	0.768682907	0.008636936	4.628593728	1.047888193	0.005686336	6.815101666	1.015170141	0.013858949	4.891222366
366	33.49788381	2.03631E-29	98.19252969	15.96185802	0.371005164	31.9485782	46.23745037	1.273059566	76.25606071	1.557371272	0.0395667	3.920224782	0.772034617	0.0086992	4.645494674	1.052365792	0.005734083	6.823539356	1.021036127	0.013942237	4.91939054
367	33.35348608	1.56233E-29	98.1831836	15.98535047	0.372538951	31.9398537	46.34123764	1.278819654	76.26265019	1.560801997	0.039830629	3.924156716	0.775382358	0.008762514	4.669437019	1.056831647	0.005796017	6.836542708	1.026909804	0.014018484	4.936222154
368	33.20981546	1.20322E-29	98.17380081	16.00861844	0.374079047	31.92897382	46.44453705	1.284743999	76.26783473	1.564215494	0.040023623	3.924276109	0.778727887	0.008826247	4.691705073	1.061294582	0.005858582	6.859713417	1.032791087	0.014098813	4.952434059
369	33.06686895	9.2698E-30	98.16485478	16.03165009	0.375625477	31.91269781	46.54735287	1.290687474	76.28915347	1.567611857	0.04019711	3.92444879	0.78207551	0.008891126	4.721238977	1.065760841	0.005922035	6.92634776	1.038679883	0.01417952	4.968598395
370	32.92464352	7.14274E-30	98.15492458	16.0544494	0.377178267	31.91658663	46.64968456	1.296650138	76.29452998	1.570991181	0.040371073	3.927102055	0.785429079	0.008978785	4.763000669	1.070226174	0.005986174	6.939112163	1.044576098	0.014260726	4.984742675
371	32.78313605	5.49522E-30	98.14543085	16.07702172	0.37872598	31.89183913	46.75153352	1.302651699	76.30338292	1.574353566	0.040546329	3.927115092	0.788784939	0.009067901	4.788005609	1.074690565	0.006050968	6.946366353	1.050479641	0.014350466	5.003197762
372	32.64234336	4.20401E-30	98.13589984	16.09939671	0.380067736	31.89196739	46.85289827	1.308441047	76.30929966	1.577699111	0.040722628	3.927127406	0.792133839	0.009145835	4.798315563	1.079138279	0.006116421	6.967810573	1.056390424	0.01443328	5.023678163
373	32.50226217	3.24142E-30	98.12633143	16.12157818	0.381414214	31.90340421	46.95377836	1.312836015	76.31464981	1.58102792	0.040952055	3.93047098	0.795477896	0.009200304	4.814390343	1.083567095	0.006167514	7.012774337	1.062308373	0.014516488	5.044135867
374	32.36288917	2.61985E-30	98.11672546	16.14354245	0.382765432	31.87610396	47.05417849	1.319548494	76.32285473	1.584340093	0.041187863	3.933182601	0.798825543	0.009246158	4.829322347	1.087990851	0.006204355	7.066530105	1.068233406	0.014603771	5.064570899
375	32.22422102	2.07907E-30	98.1068542	16.16529677	0.384121404	31.85330743	47.1541021	1.326287416	76.3309302	1.587635733	0.041424793	3.933182601	0.802166551	0.009292571	4.845133468	1.092412389	0.006241383	7.07324475	1.074165436	0.014701887	5.084959038
376	32.08625422	1.65225E-30	98.09691024	16.18684721	0.385482149	31.85476456	47.25355207	1.332956258	76.33671614	1.590914943	0.041662851	3.933182601	0.805499626	0.009346839	4.864032009	1.096827538	0.006278599	7.114179941	1.080104388	0.014778741	5.104889073
377	31.9489852	1.33001E-30	98.08692534	16.20817912	0.386847682	31.85563129	47.35253051	1.339092129	76.34774482	1.594177826	0.041831149	3.93542005	0.808832134	0.00941385	4.885416129	1.101245027	0.006316004	7.168847132	1.086050178	0.014862839	5.121064042
378	31.81241026	1.07873E-30	98.07689932	16.22930883	0.388218021	31.83612831	47.45103569	1.345255836	76.35671897	1.597424487	0.041997255	3.93542005	0.812158746	0.009491679	4.903596407	1.105659266	0.006353599	7.212612856	1.092002728	0.014938499	5.142369744
379	31.6765255	8.89956E-31	98.06763815	16.25023799	0.389593181	31.84762815	47.54907307	1.351439734	76.36906147	1.600655032	0.042165595	3.93542005	0.815482854	0.009576185	4.907808866	1.110063585	0.006391386	7.228621934	1.097961967	0.015020061	5.162733539
380	31.54132688	6.96481E-31	98.05672328	16.27098046	0.390973179	31.85481148	47.64664552	1.357678854	76.3739281	1.603869571	0.042334336	3.93542005	0.818802015	0.009621582	4.912015842	1.114447728	0.006441458	7.260625072	1.103927831	0.015099342	5.178459043
381	31.40681021	5.45355E-31	98.04657291	16.29151991	0.392358033	31.8621177	47.74375773	1.364800447	76.38075377	1.607068211	0.042507426	3.935899922	0.82211771	0.009685703	4.923719596	1.118825989	0.006503346	7.285138857	1.109900245	0.015178296	5.197088284
382	31.27297122	4.70351E-31	98.03638076	16.31186034	0.392699236	31.84777827	47.84041766	1.371951624	76.38977418	1.610251062	0.042667346	3.935959615	0.825434107	0.009754279	4.937680816	1.123186486	0.006539801	7.348667933	1.115879134	0.015258744	5.212550738
383	31.13980557	4.28359E-31	98.02614664	16.33198436	0.394048926	31.82729988	47.93662727	1.379132505	76.39728633	1.613418233	0.042833613	3.941896295	0.828756901	0.009823298	4.965174989	1.127543247	0.006553477	7.354851115	1.121864422	0.015357279	5.229857502
384	31.00730895	3.08799E-31	98.01587039	16.35188719	0.39552802	31.80738741	48.0323873	1.383728232	76.40549259	1.616569831	0.043000326	3.941923603	0.832082017	0.009893654	4.98084733	1.131908685	0.00657963	7.361029455	1.127856025	0.015452802	5.24789366
385	30.87547705	3.15235E-31	98.00555184	16.37157461	0.3970126	31.79649885	48.12769798	1.389355123	76.41287679	1.619705962	0.043170661	3.954287229	0.835409437	0.009965154	5.013000783	1.136281102	0.006618216	7.377684177	1.133853861	0.015547636	5.263670554
386	30.74430568	2.34173E-31	97.99519081	16.39107249	0.398502686	31.78534787	48.22256221	1.396616403	76.41888806	1.622826728	0.043387907	3.957435133	0.838734116	0.010061705	5.057170463	1.14064092	0.006653322	7.403683694	1.139857853	0.015644963	5.280933985
387	30.61379081	2.13967E-31	97.98478714	16.41038124	0.399998298	31.77406189	48.31698376	1.40392437	76.42489087	1.625932225	0.043643635	3.957435135	0.842049634	0.010134356	5.093910599	1.144994395	0.006698088	7.41233386	1.145867931	0.015743094	5.30114613
388	30.48392869	2.09691E-31	97.97434063	16.42950139	0.401499456	31.77860445	48.41096459	1.410215101	76.43082602	1.629022545	0.04385594	3.963309938	0.845359915	0.010236903	5.100600013	1.149338851	0.006734146	7.449572488	1.151884018	0.015853053	5.32230771
389	30.35471587	1.958E-31	97.96385113	16.44844076	0.40300618	31.76063712	48.50450318	1.416384576	76.43906936	1.632097769	0.044029912	3.963731834	0.848660144	0.010359614	5.113600762	1.153676232	0.006793082	7.469411594	1.15790604	0.015940412	5.343413855
390	30.22614928	1.64737E-31	97.9532971	16.46720767	0.40451849	31.7477202	48.59760272	1.422615413	76.44417749	1.635157971	0.044205086	3.964584212	0.851952421	0.010483302	5.146256536	1.157996012	0.006859994	7.487176801	1.163933928	0.01604023	5.362795165
391	30.09822619	1.23691E-31	97.94269896	16.48580524	0.406036406	31.76146372	48.69026613	1.429705245	76.46228437	1.638203219	0.044400351	3.967771899	0.855229246	0.010607739	5.170262862	1.162302356	0.006913015	7.501201668	1.169967612	0.016140695	5.385235984
392	29.97094423	1.32011E-31	97.93205704	16.50423379	0.407559949	31.7500562	48.78249522	1.437700325	76.46867161	1.641233572	0.044726877	3.967771899	0.858493443	0.010692737	5.223130481	1.166592709	0.00696682	7.50729595	1.176007032	0.016257338	5.407040914
393	29.8443014	1.18405E-31	97.92260449	16.52247714	0.409089139	31.73853164	48.87429304	1.445733711	76.47344493	1.644249079	0.045002915	3.967771899	0.861757802	0.010741761	5.236661503	1.170869413	0.007021014	7.51306681	1.182052124	0.016386399	5.428213033
394	29.71829606	1.27522E-31	97.91228167	16.5405296	0.410623997	31.73523929	48.9656604	1.453860026	76.47821461	1.647249784	0.045201991	3.967771899	0.865021138	0.010782595	5.242645951	1.1751402	0.007075509	7.518835223	1.188102816	0.016491149	5.449330537
395	29.59292672	1.14371E-31	97.90092236	16.55840892	0.41214488	31.72427942	49.05659602	1.460609088	76.48796049	1.650235726	0.045401686	3.969936123	0.868268874	0.010796628	5.253877619	1.179404687	0.007129706	7.558224572	1.194159041	0.016565146	5.471417403
396	29.46819208	1.21643E-31	97.88951184	16.57612329	0.413605976	31.71276988	49.14709938	1.466988189	76.49413674	1.653206943	0.045602188	3.969936123	0.871515772	0.010810916	5.266429869	1.183641807	0.007184889	7.56374688	1.200220738	0.016650371	5.497356083
397	29.34409089	1.38691E-31	97.87823764	16.59366741	0.415072215	31.69782467	49.23717328	1.473410165	76.50025382	1.656163469	0.0458038	3.969936123	0.874755037	0.01090062	5.283513359	1.187862069	0.007236629	7.569212878	1.206287845	0.016752932	5.522587078
398	29.22062196	9.28091E-32	97.8673153	16.6110232	0.416543615	31.69168587	49.32681961	1.479654542	76.50636563	1.659105341	0.046006043	3.97250218	0.877995266	0.010966961	5.319722643	1.192074334	0.00726074	7.574668769	1.212360294	0.016856302	5.544432036
399	29.09778412	1.0142E-31	97.8559582	16.62817971	0.418020194	31.68059883	49.41604179	1.485916543	76.51602112	1.662032594	0.046094248	3.976727201	0.881240072	0.011035215	5.325459019	1.196283705	0.007284887	7.580114567	1.218438009	0.016961929	5.568587333
400	28.97557613	1.14322E-31	97.84381282	16.64514243	0.419501969	31.66951559	49.50483935	1.493511914	76.52699075	1.664945264	0.046140276	3.986618751	0.884487037	0.011121114	5.343238818	1.200488873	0.007317419	7.585550288	1.224520917	0.017068145	5.589065623
401	28.8539967	1.24809E-31	97.83175299	16.6619033	0.42098896	31.66247114	49.59321022	1.501451479	76.53278865	1.66784339	0.046389616	3.987354825	0.887736916	0.011206502	5.368083306	1.204700542	0.007367144	7.641625125	1.230608938	0.017190877	5.609848845
402	28.73304447	1.0381E-31	97.82006074	16.67848175	0.422481183	31.65541614	49.68115146	1.509425469	76.53627621	1.670727012	0.04664082	3.987623175	0.89098571	0.011270715	5.39992154	1.208907596	0.007431361	7.649704811	1.236702006	0.017332777	5.630280889
403	28.61271796	9.98037E-32	97.80831599	16.69488056	0.423978658	31.63313628	49.76866358	1.51743403	76.53775496	1.673596173	0.046893574	3.992085413	0.894233636	0.011328358	5.418639347	1.213108039	0.007496155	7.688041254	1.242800051	0.017442161	5.651556161
404	28.49301558	8.31464E-32	97.7965185	16.71111313	0.425481402	31.62177344	49.85574976	1.525477307	76.54274402	1.676450918	0.047046131	3.994255051	0.897473429	0.01139561	5.445338777	1.217294179	0.007521151	7.760131283	1.248903008	0.017541216	5.670717824
405	28.37393562	7.46268E-32	97.78531808	16.72716787	0.426989433	31.61150705	49.94241206	1.533555447	76.54503614	1.679291297	0.047171811	3.999555202	0.90070564	0.011507499	5.448601356	1.221476696	0.007575502	7.789166894	1.255010814	0.017640753	5.689861939
406	28.2554762	8.82418E-32	97.77699813	16.74304349	0.42850277	31.59843838	50.02865408	1.541668596	76.54903448	1.682117359	0.047463579	4.002455852	0.903936231	0.011621851	5.451861253	1.225649236	0.00762366	7.838092293	1.261123399	0.017740772	5.709243983
407	28.13763524	6.59535E-32	97.76725264	16.75874504	0.430021432	31.58412317	50.11447713	1.54969886	76.56057167	1.684929163	0.047757633	4.002455852	0.907165618	0.011684859	5.467078991	1.229807097	0.007640722	7.886525457	1.267240709	0.017841716	5.728979314
408	28.02041042	6.85683E-32	97.75593881	16.77425678	0.431545436	31.57242803	50.19988217	1.556821259	76.56317473	1.687726771	0.048053296	4.011774017	0.910395461	0.011793346	5.477633316	1.233965712	0.007697431	7.955029956	1.273362679	0.017974541	5.75152849
409	27.90379913	7.46468E-32	97.74451797	16.78959527	0.433074801	31.56252753	50.28486847	1.564881941	76.56732933	1.690510251	0.048277785	4.014130067	0.913625419	0.011903823	5.507405142	1.238112227	0.00775726	7.987557202	1.279489238	0.018071398	5.772328863
410	27.78779845	7.58898E-32	97.73304916	16.80475817	0.434609546	31.55992045	50.36943777	1.570450627	76.5756264	1.69327968	0.048488396	4.015076747	0.916855288	0.012014136	5.5154527	1.24225032	0.00777875	7.99580628	1.285620325	0.018154227	5.799736499
411	27.67240516	6.47744E-32	97.72152518	16.81973386	0.436149689	31.57227927	50.45359184	1.576043125	76.58524566	1.696035138	0.048735611	4.016224747	0.920087645	0.012110359	5.554261378	1.246390484	0.007839546	8.011628272	1.291755871	0.018247619	5.827950555
412	27.55761578	6.53233E-32	97.70899702	16.8345279	0.437695249	31.54674696	50.53733202	1.581765881	76.59125037	1.698776716	0.049059956	4.016225107	0.923320802	0.012207314	5.570266891	1.250530978	0.007884044	8.052284659	1.297895808	0.01834944	5.849957914
413	27.44342649	7.24028E-32	97.69641049	16.8491429	0.439246245	31.52682844	50.62066184	1.587709685	76.59733183	1.701504507	0.049372436	4.016225415	0.926552389	0.012304871	5.593497645	1.254671802	0.007927213	8.071329937	1.304040062	0.018452071	5.871498914
414	27.32983323	7.07027E-32	97.68376534	16.86359146	0.440802696	31.50855713	50.70358213	1.597469991	76.60625925	1.70421861	0.04950754	4.016225678	0.929778704	0.012328557	5.605320211	1.258807295	0.007981923	8.088599588	1.310188566	0.018556046	5.893008266
415	27.21683162	5.95641E-32	97.6710613	16.87788385	0.44236462	31.49693561	50.78609058	1.607315103	76.61430168	1.706919132	0.04964272	4.016272311	0.932992644	0.012419712	5.609598604	1.262940918	0.008040062	8.102370562	1.316341253	0.018670491	5.906801167
416	27.10441704	5.7003E-32	97.65829809	16.89200506	0.443932036	31.49372642	50.86819211	1.617244577	76.6208117	1.709606182	0.049777978	4.016470211	0.936203645	0.012550884	5.647644989	1.267077902	0.008089475	8.114817385	1.322498065	0.018833136	5.920198591
417	26.99258464	4.10877E-32	97.64546595	16.90597044	0.445504964	31.48054579	50.94988891	1.627228778	76.6257338	1.712279873	0.049976362	4.016470211	0.939403277	0.01263351	5.658608567	1.27121391	0.008152473	8.126464218	1.328658945	0.018948489	5.936705305
418	26.88132929	4.54626E-32	97.6325739	16.91978993	0.447083422	31.46037313	51.03118405	1.63728822	76.63566464	1.714940324	0.050189499	4.023740251	0.942588606	0.012704846	5.676399459	1.275343956	0.008208151	8.159788194	1.334823835	0.019064472	5.964118808
419	26.77064565	5.39112E-32	97.61962178	16.93345937	0.44866743	31.45860643	51.11208236	1.645666226	76.64039677	1.717587658	0.050403292	4.023884816	0.945765738	0.012776538	5.6889389	1.279466536	0.008258946	8.19549825	1.34099268	0.019181091	5.984665788
420	26.66052815	5.3765E-32	97.60756993	16.94697443	0.450257007	31.44300406	51.19258916	1.651740495	76.64512635	1.720221999	0.050618838	4.031987749	0.948940147	0.012885957	5.694536117	1.283580701	0.008318922	8.203078358	1.347165421	0.019298348	6.005257736
421	26.55097105	2.80114E-32	97.60017539	16.96032381	0.451852172	31.42695628	51.27270856	1.657828595	76.65317817	1.722843477	0.050836125	4.033549084	0.952117293	0.012941863	5.702353029	1.287693815	0.008381244	8.210646351	1.353341996	0.019416247	6.027627024
422	26.44196847	2.41992E-32	97.58922135	16.9735222	0.453452944	31.41228346	51.35244485	1.664526942	76.66219379	1.725452223	0.051054092	4.033590227	0.955287812	0.012989178	5.720067994	1.291802098	0.008426833	8.218202248	1.359522346	0.019534791	6.054713876
423	26.33351433	3.15393E-32	97.57640258	16.98659322	0.455059343	31.39473756	51.43180159	1.674357672	76.66729289	1.72804837	0.051272738	4.038023665	0.958445917	0.013054511	5.731467738	1.295890165	0.00845628	8.231462773	1.365706416	0.019653984	6.079866067
424	26.22560248	3.16335E-32	97.56352623	16.99951589	0.456671388	31.37970315	51.51078565	1.68423976	76.67128564	1.730632056	0.051492068	4.042207579	0.961600705	0.013132958	5.739509908	1.299969065	0.008497469	8.240931772	1.371894154	0.019774827	6.108483563
425	26.1182268	4.18677E-32	97.55059207	17.01228439	0.458289099	31.36280539	51.58940109	1.694195541	76.67485318	1.733203415	0.051712082	4.042260344	0.964747897	0.013205809	5.746260361	1.304050917	0.008582763	8.251609427	1.378085496	0.019896594	6.13666787
426	26.01138112	3.62649E-32	97.53759982	17.02491126	0.460018086	31.35730394	51.66765103	1.704241563	76.67942943	1.735762581	0.051932784	4.042265789	0.967885816	0.013327175	5.781167704	1.308127805	0.008650032	8.292502621	1.384280388	0.020019039	6.156436261
427	25.90505935	3.20781E-32	97.52454925	17.03739717	0.461815388	31.360956	51.74553832	1.714340287	76.68352617	1.738309689	0.052154174	4.042270933	0.971017278	0.0133798	5.788350367	1.31219941	0.00867941	8.355773976	1.390478783	0.020146253	6.176419053
428	25.79925547	3.00911E-32	97.51144008	17.04974057	0.463619585	31.35254441	51.82306692	1.724491981	76.68937327	1.740844872	0.052376256	4.0449303	0.974143625	0.013442319	5.809263334	1.316267918	0.008733264	8.365841313	1.396680624	0.020309009	6.203754838
429	25.69396355	2.44555E-32	97.49827206	17.06193994	0.465430703	31.35184303	51.90024496	1.73337624	76.6950957	1.74336826	0.052600299	4.047593315	0.97726514	0.013550461	5.845631244	1.320332304	0.008817778	8.450877303	1.402885849	0.020467662	6.221754195
430	25.5891778	2.05618E-32	97.48504494	17.0740096	0.467248766	31.35641752	51.97707596	1.741803639	76.7008599	1.74587998	0.052825397	4.051189316	0.980372022	0.013660385	5.864123762	1.324390235	0.008903383	8.515200256	1.409094401	0.020567042	6.247638837
431	25.48489253	2.00978E-32	97.47537399	17.08596305	0.469073801	31.34087839	52.05356146	1.750266082	76.70763428	1.74838016	0.05305121	4.051189356	0.983465922	0.013756435	5.894542461	1.328430636	0.00895231	8.541416925	1.41530624	0.020666817	6.272410195
432	25.38110229	1.72746E-32	97.46248882	17.09777296	0.470905834	31.32526565	52.12970678	1.758762204	76.7245438	1.750868919	0.053298226	4.055279578	0.986560267	0.013872876	5.925567105	1.332467466	0.009020777	8.548926606	1.421521318	0.020766986	6.291813795
433	25.27780176	1.73606E-32	97.44944499	17.10945832	0.472744889	31.32264996	52.20551659	1.767292136	76.73512389	1.753346377	0.053592938	4.055279578	0.989649102	0.013995134	5.957509671	1.33648827	0.009032185	8.575109379	1.427739581	0.020888395	6.309921651
434	25.17498584	1.50978E-32	97.43634492	17.12101401	0.474523441	31.3125842	52.2809958	1.775856012	76.73921856	1.755812648	0.053889066	4.058414409	0.992732132	0.014108004	5.987688823	1.340498584	0.009057196	8.65021139	1.433960979	0.021014612	6.330139291
435	25.07264965	1.87936E-32	97.4231884	17.13243982	0.476193462	31.3388806	52.35614887	1.784453967	76.75238171	1.758267842	0.054186616	4.059386916	0.995811877	0.01414707	6.009337013	1.344496479	0.009135414	8.665948015	1.440185461	0.021142238	6.353163245
436	24.97078851	9.39398E-33	97.40997517	17.14374054	0.477869302	31.32977203	52.43097524	1.793086135	76.75751974	1.760712064	0.054485597	4.059386916	0.998884629	0.014240229	6.017286467	1.348486043	0.009179557	8.702109339	1.446412976	0.021271198	6.37615229
437	24.86939798	1.70558E-32	97.396705	17.15491835	0.479550981	31.31058158	52.50547975	1.801752651	76.76238739	1.763145414	0.054786013	4.059386916	1.00194392	0.014336816	6.0214327	1.35247112	0.009194911	8.71983299	1.452643471	0.021399862	6.398994763
438	24.76847384	2.00901E-32	97.38337766	17.16596653	0.48123852	31.29951821	52.57966883	1.810453651	76.78368006	1.765567989	0.055089443	4.059386916	1.004997723	0.01441469	6.025575258	1.356448191	0.00928567	8.727021164	1.458876895	0.021530212	6.418266183
439	24.66801212	2.09201E-32	97.36999289	17.17690663	0.482935143	31.30578523	52.65354538	1.818719927	76.78744901	1.767979879	0.055394896	4.059386916	1.008046642	0.014437282	6.043288386	1.360396153	0.009377524	8.749545667	1.4651132	0.021659394	6.440390981
440	24.56800905	1.47638E-32	97.35634746	17.18773622	0.48463963	31.29209266	52.72710994	1.827494289	76.79109388	1.77038117	0.055701829	4.064787011	1.011086521	0.014460525	6.047241645	1.364324766	0.009412993	8.757399795	1.471352337	0.021789277	6.464298144
441	24.46846112	2.34645E-32	97.34217207	17.19842775	0.486350074	31.29164927	52.80036659	1.83669586	76.79473031	1.772771943	0.056010246	4.068992244	1.014124761	0.014610793	6.056238576	1.368253578	0.009493038	8.764501583	1.477594253	0.021919867	6.480341986
442	24.36936505	1.81022E-32	97.32793084	17.20899179	0.488066498	31.28107793	52.87331694	1.845481384	76.79835857	1.775152271	0.056261363	4.068992244	1.017161602	0.014754168	6.08933733	1.372173446	0.009575077	8.771598628	1.483838898	0.022050894	6.496230459
443	24.27071779	1.64883E-32	97.31594373	17.2194304	0.48978892	31.26509459	52.94596239	1.854301518	76.81985048	1.777522226	0.056406048	4.068992244	1.020197584	0.014913088	6.099363784	1.37608339	0.009657946	8.816930288	1.49008622	0.022134987	6.512051519
444	24.17251651	2.06124E-32	97.30244546	17.22975155	0.491517362	31.25651242	53.0183056	1.863156398	76.84600986	1.77988187	0.056801831	4.068992244	1.023229328	0.015045636	6.107655517	1.379978974	0.009741616	8.877662957	1.496336172	0.022219383	6.530104434
445	24.07475858	1.66432E-32	97.28888152	17.23994217	0.493251844	31.25387205	53.09034822	1.872046159	76.84798225	1.782231261	0.057201313	4.068992244	1.026256285	0.015149975	6.110429744	1.383874779	0.009825958	8.900612686	1.502588707	0.022382714	6.550712489
446	23.97744161	1.58583E-32	97.2751195	17.25001628	0.495112559	31.25310699	53.16209123	1.877468323	76.84987707	1.784570455	0.057574868	4.068992244	1.029273773	0.015231647	6.122995187	1.387762874	0.009876051	8.940566245	1.508843782	0.022557196	6.571408499
447	23.88056337	1.15519E-32	97.26129843	17.25996773	0.497067139	31.24156944	53.23353646	1.884765032	76.85528098	1.786899498	0.057892349	4.068992244	1.032281877	0.015305248	6.127546424	1.391649714	0.009938075	8.989391084	1.515101352	0.022724874	6.593829151
448	23.78412184	5.94225E-33	97.24741806	17.26978878	0.499029376	31.22148295	53.30468424	1.893071343	76.86998738	1.789218435	0.058211365	4.068992244	1.035285796	0.015386583	6.1320869	1.39553954	0.009966692	8.999375301	1.521361372	0.022862771	6.617479659
449	23.6881152	5.87213E-33	97.23347815	17.27949469	0.500999302	31.20140291	53.37553501	1.901516858	76.88558549	1.791527301	0.058531924	4.072686171	1.038282018	0.015464731	6.140494413	1.399421986	0.010009411	9.008343088	1.527623797	0.02300143	6.641095595
450	23.59254181	9.35169E-33	97.21947845	17.28907679	0.502976944	31.20056224	53.44609055	1.909992695	76.89373393	1.793826132	0.058854033	4.074176969	1.041274134	0.015544067	6.145276867	1.403302001	0.010034973	9.061551617	1.533888583	0.023136766	6.664075684
451	23.49740019	1.06772E-32	97.20541871	17.29854854	0.504962333	31.19691206	53.51635044	1.918498963	76.90139797	1.796114953	0.059177699	4.074176969	1.044256778	0.015629452	6.177894852	1.407173408	0.010074558	9.067008002	1.540155689	0.023270901	6.686783469
452	23.40268903	1.33164E-32	97.19129867	17.30789828	0.506955499	31.18538601	53.5863156	1.927035769	76.90748483	1.798393791	0.059502929	4.07531625	1.047234725	0.015712981	6.217085919	1.411043493	0.010145794	9.109562133	1.546425081	0.023404194	6.707407853
453	23.3084072	6.06374E-33	97.1771181	17.31713096	0.508956471	31.17389824	53.65598893	1.93560322	76.91405311	1.800662662	0.059829732	4.07531625	1.050207687	0.015782961	6.224451037	1.414905834	0.010193359	9.127505906	1.552696715	0.023536618	6.722337851
454	23.21455371	5.81651E-33	97.16286409	17.32625737	0.51096528	31.16198696	53.7253721	1.944201427	76.92067868	1.802921582	0.060158114	4.075372095	1.053171151	0.015861357	6.243701802	1.418753534	0.010240158	9.155996921	1.558970555	0.023669718	6.740915501
455	23.12112772	6.72949E-33	97.14853956	17.33525835	0.512981956	31.14896693	53.79446833	1.952880235	76.92658838	1.805170562	0.060433107	4.075372095	1.056132916	0.015942932	6.248000698	1.422595562	0.010285721	9.180994943	1.565246555	0.023803499	6.771239008
456	23.02812854	9.56338E-33	97.1341535	17.34412871	0.515006529	31.13044127	53.86327711	1.961461005	76.93059437	1.807409608	0.06069054	4.075372095	1.059095407	0.016088814	6.268468748	1.426435959	0.01033298	9.187675829	1.571524664	0.023937964	6.787925249
457	22.93555557	7.7556E-33	97.11970565	17.35288449	0.51703903	31.11190538	53.93179613	1.970031804	76.93461147	1.809638725	0.060980826	4.075372095	1.062049795	0.01623562	6.290369467	1.43027045	0.01038081	9.194351007	1.577804834	0.024073116	6.808006108
458	22.84340826	8.30185E-33	97.10519575	17.36152604	0.519079489	31.09338052	54.0000267	1.977397816	76.94523426	1.811857915	0.06132608	4.07736595	1.064993296	0.016379038	6.298481016	1.434100759	0.010448314	9.220987988	1.584087023	0.024209313	6.832365891
459	22.75168613	3.42213E-33	97.09062355	17.37007665	0.521127937	31.0748667	54.067968	1.984443267	76.95144122	1.814067179	0.061673078	4.07736595	1.067931789	0.016396428	6.303535115	1.437899047	0.010527589	9.238013594	1.590371202	0.024348569	6.85394183
460	22.66038875	2.19421E-33	97.07598878	17.37849533	0.523184404	31.06165875	54.13562196	1.991505279	76.95763856	1.816266517	0.06202183	4.07736595	1.070872061	0.016466672	6.31704943	1.441698045	0.010619446	9.249754399	1.596657336	0.02448855	6.870764201
461	22.56951574	2.49435E-33	97.06129119	17.38678874	0.525248922	31.04397119	54.20298824	1.998583887	76.96382636	1.818455927	0.062374764	4.077862852	1.073815243	0.016525276	6.326060103	1.445490735	0.010700142	9.309334317	1.602945378	0.024629258	6.887374401
462	22.47906669	1.88713E-33	97.04653051	17.39497292	0.527321521	31.0261299	54.27006698	2.005679129	76.9715803	1.820635409	0.062730542	4.07969705	1.076757962	0.016596772	6.338389705	1.449264756	0.010751712	9.329875613	1.609235291	0.024770698	6.903891121
463	22.38904117	7.85309E-34	97.03170647	17.403041	0.529402233	31.01503653	54.3368586	2.012854102	76.98853141	1.822804962	0.062936776	4.081387922	1.079695188	0.016735367	6.354534842	1.453032045	0.010841167	9.334596218	1.615527038	0.024912874	6.924786445
464	22.29943869	1.40201E-33	97.01681882	17.41099327	0.531491277	30.99696453	54.4033613	2.020093982	76.99907514	1.82496459	0.063280119	4.081701065	1.082628087	0.016875066	6.360375036	1.456793489	0.010931386	9.345463122	1.621820573	0.025055789	6.939293353
465	22.2102587	1.21855E-33	97.00186729	17.41882365	0.533594292	30.98714929	54.46957688	2.027381294	77.00318574	1.827114295	0.063681668	4.081742759	1.085560972	0.017015875	6.366094507	1.460549641	0.011022325	9.391828285	1.628115852	0.025199446	6.959318069
466	22.12150057	2.74601E-33	96.98685162	17.4265324	0.535705559	30.97094585	54.53550608	2.034716572	77.01404267	1.829254086	0.064085583	4.082740829	1.088494405	0.0171054	6.371809354	1.464299624	0.011094397	9.399450328	1.634412832	0.025343851	6.978219592
467	22.03316353	8.08982E-33	96.97177153	17.434131	0.537825108	30.95724253	54.60114884	2.042070152	77.02195376	1.831383971	0.064491876	4.082740996	1.091425849	0.017244211	6.392936361	1.468035327	0.011150001	9.406584698	1.640711474	0.025489006	6.993683827
468	21.94524673	1.82973E-33	96.95662676	17.44160626	0.539952973	30.93372138	54.66650666	2.052685136	77.03033071	1.833503965	0.064877081	4.085724536	1.094357054	0.01729235	6.399086523	1.471767592	0.011220162	9.445469101	1.647011736	0.025634916	7.01949007
469	21.85774921	7.48092E-34	96.94141704	17.44896039	0.542089184	30.9196077	54.73157797	2.064511301	77.04355275	1.835614082	0.065240937	4.085724536	1.097288129	0.017308366	6.405030276	1.475496647	0.011300628	9.491365282	1.653313574	0.025781585	7.039710271
470	21.77066986	1.0332E-35	96.9261421	17.45620174	0.544233775	30.90885704	54.79636311	2.076398979	77.04879783	1.837714343	0.065601	4.087379551	1.100215578	0.017326064	6.416791163	1.479218419	0.011382007	9.502272225	1.659616946	0.025929015	7.059900375
471	21.68400753	-1.3689E-44	96.91080167	17.46333558	0.546386777	30.89809753	54.86086225	2.088386611	77.05295592	1.839804768	0.065954811	4.087411666	1.103137902	0.017344636	6.43741747	1.482930159	0.011464415	9.508656386	1.665921812	0.026077212	7.080060426
472	21.59776092	2.62697E-41	96.89539547	17.47035989	0.548548222	30.88732978	54.92507512	2.100454265	77.05711236	1.841885381	0.066310315	4.087440805	1.106053822	0.017432074	6.469388979	1.486636725	0.011547384	9.525940987	1.672228143	0.026148	7.099930503
473	21.5119287	2.92052E-39	96.87992324	17.47727192	0.550718145	30.87959427	54.98900307	2.112567234	77.06126715	1.84395621	0.066667519	4.094379214	1.108962817	0.017573927	6.474587792	1.490341381	0.011630919	9.531876531	1.678535899	0.026295864	7.119763144
474	21.42650942	2.27296E-39	96.86438469	17.48407584	0.552896576	30.86717812	55.05264988	2.121786985	77.07436844	1.846017282	0.067026432	4.094379215	1.111861317	0.017702939	6.504025379	1.494041219	0.011715023	9.537810693	1.684845048	0.026526439	7.139566536
475	21.34150164	-1.05991E-34	96.85035491	17.49078477	0.555083549	30.86190182	55.11601649	2.131039728	77.08148832	1.848068627	0.067387061	4.094379215	1.114755124	0.017804904	6.509956415	1.497717798	0.0117997	9.588120207	1.691155553	0.02667774	7.15934072
476	21.25690386	-1.63307E-39	96.83903858	17.4973916	0.557242573	30.85039539	55.17910489	2.140325577	77.08483452	1.850110274	0.067706574	4.095323795	1.117642734	0.017939149	6.514261763	1.501379263	0.011880444	9.606565981	1.697467373	0.026829828	7.179085741
477	21.17271459	-5.66904E-37	96.82540502	17.5038816	0.559181332	30.84474156	55.24191714	2.14964465	77.08797142	1.852142255	0.067996518	4.095323899	1.120527006	0.018052869	6.518564288	1.505036943	0.011970024	9.653245023	1.703780466	0.027004854	7.198801641
478	21.08893231	-1.54326E-34	96.8127977	17.51025565	0.561126621	30.8455651	55.30445444	2.159000766	77.09110676	1.854164601	0.068287567	4.097143799	1.123408271	0.018130746	6.52286399	1.508689931	0.012056648	9.660919389	1.71009479	0.027159953	7.218488463
479	21.00555546	-4.36794E-34	96.80424476	17.51652128	0.56307846	30.83558213	55.36671681	2.168429	77.09833556	1.856177344	0.068579614	4.101940908	1.126281233	0.018221501	6.532043812	1.512337575	0.012151388	9.668585981	1.7164103	0.027293957	7.238146251
480	20.92258249	-1.48516E-33	96.79397654	17.52267039	0.565036871	30.8256444	55.42870632	2.177891245	77.10809184	1.858180516	0.068872663	4.102823283	1.129150696	0.018312318	6.535993977	1.515982636	0.012255592	9.676244808	1.722726954	0.027442655	7.257914115
481	20.84001182	-2.88829E-50	96.78271897	17.52869574	0.567001873	30.81420422	55.49042485	2.184479615	77.11315482	1.86017415	0.069166717	4.105396023	1.132019529	0.018469707	6.539940099	1.519629212	0.012357549	9.715436067	1.72904471	0.027597362	7.277804097
482	20.75784188	-1.47959E-34	96.77127602	17.53461272	0.568973487	30.81623142	55.55187357	2.190619166	77.11594657	1.862158279	0.069461779	4.105396242	1.134889152	0.018630569	6.543882182	1.523260874	0.012418257	9.722929723	1.735363522	0.027752863	7.29748215
483	20.67607109	-2.34985E-34	96.75699976	17.54043782	0.570951734	30.80852135	55.61304986	2.198750811	77.1287855	1.864132937	0.069757853	4.105853287	1.137751103	0.018786409	6.54782023	1.526873835	0.012496188	9.74219743	1.741683352	0.027909162	7.3170005
484	20.59469786	-2.60716E-35	96.74159795	17.54615927	0.572936634	30.80538703	55.67395493	2.210405291	77.13971847	1.866098157	0.070054943	4.106084977	1.140604262	0.018924501	6.563485784	1.53048136	0.012585127	9.761182468	1.748004162	0.028066263	7.342110513
485	20.51372062	-1.31412E-34	96.72613341	17.55178858	0.574928208	30.78704453	55.73458956	2.22219941	77.14355493	1.868053973	0.070353051	4.106811171	1.143449593	0.019099765	6.604558611	1.534071754	0.012675332	9.81011566	1.754325917	0.028224171	7.359370465
486	20.43313781	-2.758E-33	96.71060588	17.55731435	0.576926477	30.78021288	55.7949535	2.234095797	77.14738283	1.870000418	0.070652182	4.108461212	1.146289212	0.019247233	6.609029129	1.537656121	0.012766716	9.900169531	1.76064858	0.02838289	7.382938242
487	20.35294789	-2.27325E-33	96.69501511	17.56274108	0.578931461	30.76307838	55.85504506	2.244799223	77.15120761	1.871937524	0.070952338	4.108595174	1.149120209	0.019303361	6.622516973	1.541236123	0.01282314	9.925086696	1.766972115	0.028542422	7.406685978
488	20.27314932	-1.5192E-33	96.67936086	17.56806881	0.580943182	30.74408701	55.91486305	2.254521759	77.1550293	1.873865324	0.071253523	4.115768606	1.151943369	0.019431824	6.644231168	1.544813637	0.012896501	9.956153939	1.773296488	0.028702774	7.423274265
489	20.19374055	-8.87571E-34	96.66556849	17.57328475	0.58296166	30.72736532	55.97441168	2.261775797	77.15884788	1.875783852	0.071555741	4.115772401	1.154764427	0.019561116	6.654807214	1.548393079	0.013000056	9.994144338	1.779621659	0.028863949	7.437064568
490	20.11472004	-8.50511E-34	96.65845012	17.5784007	0.584986917	30.72895233	56.03369278	2.269002514	77.1687086	1.877693139	0.071858994	4.115775998	1.157580337	0.019655085	6.667292643	1.551965413	0.013101284	10.02163383	1.785947591	0.029026721	7.451778932
491	20.03608615	-1.20877E-33	96.65147108	17.5834335	0.587018973	30.71601232	56.09270848	2.280582834	77.18540523	1.879593221	0.072163287	4.115779407	1.160393461	0.019686471	6.672217818	1.555510926	0.013114524	10.04725952	1.792274255	0.029190758	7.46526241
492	19.95783721	-3.12305E-34	96.64446885	17.588362	0.589101004	30.69800434	56.15146188	2.292760371	77.19632581	1.881484134	0.072468623	4.11656044	1.163207219	0.01971399	6.676413523	1.559045936	0.013198943	10.06331873	1.79860162	0.029355644	7.485506632
493	19.87997147	-4.646E-41	96.63109458	17.59318727	0.59142946	30.68113435	56.20995417	2.303765294	77.2019058	1.883365917	0.072836849	4.11667533	1.166019195	0.019809143	6.681879782	1.562572328	0.013300506	10.07495064	1.804929648	0.029521384	7.504371959
494	19.80248709	3.7275E-38	96.61473724	17.59790013	0.593771803	30.6713685	56.26818654	2.315407966	77.2073743	1.885238609	0.073257492	4.117952557	1.168829836	0.019926817	6.697748762	1.566099507	0.013356691	10.0863364	1.811258299	0.029685238	7.520818106
495	19.7253821	8.64232E-40	96.59823551	17.60251443	0.596125739	30.65997225	56.32616072	2.327102521	77.21283791	1.887102253	0.073680342	4.117999953	1.17164252	0.019994529	6.711816697	1.569610442	0.013390464	10.09771293	1.817587533	0.029801164	7.542460068
496	19.64865441	4.06689E-44	96.58152657	17.60702668	0.598488918	30.6453449	56.38387618	2.338849183	77.21829666	1.888956897	0.07410541	4.120213933	1.174454479	0.020049931	6.720175184	1.573114043	0.013436992	10.11308792	1.823917311	0.029979337	7.561796264
497	19.57230179	1.76711E-38	96.56471355	17.61143845	0.600861374	30.62592451	56.44133385	2.35064818	77.22375054	1.89080259	0.074433111	4.121458624	1.177264177	0.020184828	6.724508058	1.576611539	0.013519587	10.12115429	1.830247599	0.030156534	7.585899278
498	19.49632187	-9.05244E-40	96.54785532	17.61574693	0.603243145	30.61630857	56.49853569	2.36249974	77.23079875	1.892639386	0.074691404	4.121459738	1.180069638	0.020323271	6.751313089	1.58010812	0.013620474	10.13246671	1.83657836	0.030241514	7.607511844
499	19.42071215	-2.26813E-34	96.5386632	17.61994708	0.605634264	30.60653541	56.55548539	2.374404092	77.24240524	1.89446734	0.074950319	4.125182878	1.182873703	0.020456775	6.757096267	1.58360478	0.013730204	10.14377009	1.842909554	0.030326614	7.626698836
500	19.34547003	-9.57728E-34	96.53059683	17.62408395	0.608034769	30.59715833	56.6121831	2.386361467	77.25223902	1.896286513	0.075209858	4.125221936	1.185668045	0.020551197	6.774123313	1.587067219	0.013814812	10.16619638	1.849241147	0.030423037	7.642895625
501	19.27059278	-1.15014E-33	96.52240492	17.6281247	0.610444696	30.58285891	56.66863123	2.398372095	77.25586681	1.898096965	0.075470022	4.125258988	1.188456319	0.020599562	6.808718557	1.590524895	0.013913472	10.17209776	1.855573107	0.030629675	7.65851248
502	19.1960777	-1.60361E-33	96.50571391	17.6320709	0.61286408	30.57806289	56.72482917	2.409801793	77.25949314	1.899898759	0.075730811	4.125294128	1.191235564	0.020684997	6.819258408	1.593982509	0.014012802	10.17827861	1.861905402	0.030839924	7.674102874
503	19.12192201	-1.45404E-33	96.48887884	17.63591222	0.615292958	30.57121762	56.78078028	2.417799223	77.26302171	1.901691958	0.075992229	4.125327455	1.194014179	0.020773916	6.826979166	1.597441358	0.014092454	10.18953868	1.868237996	0.031051542	7.689666851
504	19.04812299	-2.71327E-33	96.47184475	17.63964731	0.617731367	30.57201682	56.83648725	2.425814236	77.26750087	1.903476625	0.076254276	4.128692589	1.196793254	0.020908306	6.835385181	1.600901711	0.014121674	10.21457999	1.874570852	0.031264538	7.705204456
505	18.97467793	-3.45209E-33	96.4547382	17.6432915	0.620179342	30.5645194	56.89195065	2.433846871	77.28207347	1.905252823	0.076516953	4.1291292	1.199566308	0.021027586	6.84293565	1.604356854	0.0141509	10.22023729	1.880903931	0.031478921	7.720715734
506	18.90158416	-8.00606E-34	96.44040463	17.64684324	0.621978914	30.55707334	56.94717333	2.441897164	77.2896983	1.907020612	0.076811211	4.130382027	1.202332012	0.021052658	6.850478538	1.607809447	0.014180691	10.22570324	1.8872372	0.0316947	7.736200729
507	18.82883912	-5.78588E-34	96.42676568	17.65029146	0.62443232	30.54946483	57.00215951	2.453510997	77.29601391	1.908780054	0.07712784	4.130382066	1.205096218	0.021126254	6.858013852	1.611263015	0.014209372	10.23843823	1.893570622	0.031911883	7.756159789
508	18.75644034	-1.27201E-37	96.41308713	17.65364462	0.62689535	30.53805635	57.05691102	2.46549347	77.29989055	1.910531206	0.077446616	4.130382102	1.207858255	0.02124641	6.865541599	1.614710395	0.014266987	10.28394745	1.899904161	0.032114939	7.776747002
509	18.68438543	-3.42161E-34	96.39936887	17.65691343	0.629368042	30.52714291	57.11142833	2.477527566	77.30362817	1.912274122	0.077735921	4.130382136	1.210611242	0.021340654	6.897169401	1.618149665	0.014326101	10.29318622	1.906237785	0.032282883	7.800833413
510	18.61267209	-6.58616E-45	96.3856108	17.66009527	0.631850434	30.51513198	57.16571231	2.489613504	77.30736471	1.914008858	0.078085461	4.130892104	1.213356862	0.021447597	6.907503543	1.621583151	0.014409138	10.32810372	1.912571468	0.032461436	7.834067331
511	18.54129816	-7.30392E-34	96.37208391	17.66318559	0.634342568	30.50374959	57.21976627	2.50175758	77.31752613	1.915735464	0.078405825	4.131886246	1.216098588	0.021590381	6.916269266	1.625010755	0.01445692	10.33698284	1.918905174	0.032623641	7.854692589
512	18.47026157	-1.95705E-33	96.35824837	17.66618074	0.636740539	30.4922853	57.27359116	2.513999055	77.32984742	1.917453987	0.078730956	4.131887449	1.218838219	0.021734069	6.919592516	1.628435455	0.014488156	10.34521012	1.925238873	0.032748799	7.87348776
513	18.39956035	-5.70542E-33	96.34423451	17.66907017	0.638941623	30.47499842	57.32718834	2.526293563	77.33365019	1.919164474	0.079057189	4.131888568	1.221578941	0.021864765	6.953624471	1.631865206	0.014547186	10.35342955	1.931572528	0.032874331	7.892178981
514	18.3291926	-4.43562E-33	96.33041927	17.67185746	0.641149969	30.46597367	57.38055773	2.538556282	77.34005972	1.920866967	0.079384527	4.137053846	1.22432035	0.021892304	6.976444268	1.635298784	0.014616497	10.36164114	1.937906102	0.033000239	7.910842417
515	18.25915651	-6.34702E-33	96.31656455	17.67455456	0.643365598	30.45340507	57.43369953	2.550828536	77.34810749	1.92256151	0.079716669	4.137966489	1.227055327	0.021921368	6.999948783	1.638733007	0.014682079	10.36984489	1.944239561	0.033126524	7.92947811
516	18.18945027	-3.59327E-33	96.30267026	17.677166	0.645588531	30.43964007	57.48661708	2.563230166	77.36126146	1.924248143	0.08011516	4.139342778	1.229787415	0.022024396	7.030005228	1.642158227	0.014742098	10.3780408	1.950572872	0.033253186	7.949860283
517	18.12007215	-7.1311E-33	96.28873629	17.67969319	0.64781879	30.43524147	57.53931025	2.575685193	77.37162341	1.925926905	0.080515436	4.139342778	1.232511734	0.022136932	7.040151799	1.645579776	0.014827373	10.38622889	1.956906004	0.033380228	7.98269851
518	18.05102045	-7.77382E-33	96.27463467	17.68213	0.65008345	30.42382569	57.59178003	2.588193843	77.38119886	1.927597833	0.080917504	4.139342778	1.235231348	0.022153374	7.078862983	1.649001413	0.014899321	10.39463041	1.963238925	0.03350765	7.998888352
519	17.98229348	-8.26809E-33	96.26047915	17.68450266	0.652665752	30.41252841	57.64402559	2.600756343	77.38617726	1.929260965	0.081321373	4.13954046	1.237940994	0.022215931	7.11384885	1.652404707	0.014970306	10.44810751	1.969571611	0.033635453	8.012533527
520	17.91388953	-1.16582E-32	96.24306847	17.68680043	0.655258222	30.39617315	57.69604886	2.613372919	77.39350371	1.930916339	0.081727051	4.13954046	1.240646372	0.022308535	7.11780005	1.655794423	0.014994004	10.45399394	1.975904047	0.033763638	8.025894677
521	17.84580695	-1.389E-32	96.22466416	17.68902781	0.657860901	30.37128482	57.74785322	2.626013155	77.40163912	1.93256399	0.082134545	4.13954046	1.243344011	0.022400591	7.12149234	1.659167809	0.015045099	10.4598726	1.982236208	0.033892207	8.042209604
522	17.77804407	-1.83152E-32	96.20617949	17.69116322	0.660439836	30.355982	57.79944008	2.637375844	77.40698724	1.934203954	0.082439294	4.13954046	1.246040432	0.022486114	7.137808393	1.662540185	0.01510517	10.46574352	1.988568064	0.034023687	8.062268981
523	17.71059922	-1.63048E-32	96.18761412	17.69320722	0.663053251	30.34258867	57.85080918	2.64878038	77.41387242	1.935836266	0.082645187	4.13954046	1.248733746	0.022578655	7.182658011	1.665914785	0.015166032	10.4716067	1.994899579	0.034156215	8.093730346
524	17.64347072	-8.46105E-33	96.1689677	17.69519531	0.665676944	30.33450899	57.9019613	2.660226914	77.41998277	1.937460964	0.082851299	4.143769765	1.251414258	0.022681089	7.199057185	1.669266724	0.015228656	10.48723659	2.001230723	0.03440338	8.108953624
525	17.57665681	-1.56378E-32	96.15023988	17.6971015	0.668310956	30.31707438	57.95289745	2.671715598	77.42809069	1.939078083	0.083137847	4.143769765	1.25408768	0.022775019	7.23022785	1.672617008	0.015291496	10.55693491	2.007561468	0.034655713	8.123682271
526	17.51015577	-1.14111E-32	96.13143031	17.69891755	0.670955327	30.30757742	58.00361985	2.683246583	77.43890697	1.94068766	0.0835883	4.143769766	1.256757407	0.022871588	7.240914852	1.675969978	0.015353995	10.57376922	2.013891781	0.034909803	8.143714334
527	17.44396582	-1.27296E-32	96.11631793	17.70064496	0.673610096	30.29955245	58.05413082	2.694820023	77.44960421	1.942289732	0.08404144	4.143769766	1.25942559	0.023022468	7.284982572	1.67932145	0.015454493	10.63097882	2.02022163	0.035166968	8.163605111
528	17.37808519	-1.59819E-32	96.1015437	17.70228442	0.676275305	30.28361183	58.10443209	2.706436071	77.45626752	1.943884337	0.084497788	4.143769767	1.262091903	0.023075732	7.289734472	1.682671075	0.015565894	10.63814855	2.026550984	0.035318027	8.183466446
529	17.31251204	-1.28755E-32	96.08347604	17.70385143	0.678950993	30.27604473	58.15452288	2.718094881	77.45927879	1.945471512	0.084956693	4.143769767	1.264752155	0.023215161	7.307576059	1.686010171	0.015583989	10.64513786	2.032879812	0.03545619	8.203298384
530	17.24724451	-1.02348E-32	96.06521907	17.70535287	0.681551616	30.25943714	58.20440253	2.729796605	77.46249392	1.947051298	0.085417881	4.143769768	1.267399899	0.023356436	7.310967389	1.689340806	0.015604669	10.67613988	2.039208091	0.035594794	8.223100967
531	17.18228073	-1.19126E-32	96.04688776	17.70678795	0.683951882	30.26013514	58.25407382	2.740161701	77.47469444	1.948623731	0.085881363	4.143769768	1.270038122	0.023498026	7.314282913	1.692659844	0.015666465	10.68236694	2.045535799	0.03573384	8.24287424
532	17.11761884	-1.28959E-32	96.02848182	17.70814543	0.686360345	30.25083685	58.30353839	2.752685034	77.48688613	1.950188854	0.086347151	4.143769768	1.272672808	0.023642177	7.31759594	1.695972777	0.015730904	10.688583	2.051862908	0.03587094	8.275550969
533	17.05325697	-1.35192E-32	96.00992954	17.70941402	0.68877703	30.24012946	58.35279799	2.764778593	77.49479656	1.951746703	0.086815255	4.143769769	1.275310146	0.023787162	7.332021359	1.699284779	0.015826551	10.69478808	2.058189386	0.036007508	8.297526229
534	16.98919329	-1.26513E-32	95.99125047	17.71059446	0.691201963	30.23179067	58.40185384	2.77649411	77.50003241	1.953297318	0.087285686	4.143769769	1.277947169	0.023932985	7.34404754	1.702598723	0.015858505	10.70098221	2.0645152	0.036160048	8.330982066
535	16.92542594	-1.30205E-32	95.97249474	17.71168977	0.691262072	30.21557737	58.45070694	2.78830084	77.50436898	1.954840739	0.087758456	4.148944172	1.280583145	0.024043693	7.348055504	1.705913147	0.015922124	10.7071654	2.070840318	0.03637058	8.364314455
536	16.86195307	-1.59307E-32	95.95366205	17.71271193	0.693704605	30.19355762	58.4993574	2.800246488	77.50739108	1.956377005	0.088118998	4.148944172	1.283212107	0.02411412	7.355078379	1.70922378	0.015987136	10.71333767	2.07716471	0.036582501	8.397344263
537	16.7987728	-1.66966E-32	95.93475209	17.71366575	0.696155607	30.18101888	58.54780291	2.812235992	77.51041096	1.957906155	0.088475544	4.148944173	1.285833596	0.02417121	7.359959075	1.712530435	0.016079933	10.72728253	2.083488356	0.036798586	8.423861514
538	16.7358833	-1.06394E-32	95.91576457	17.71455344	0.698615107	30.16339643	58.59604584	2.824269508	77.51342864	1.959428231	0.088833288	4.149591396	1.288451807	0.024278556	7.364584411	1.715826151	0.016148443	10.77198807	2.089811231	0.037015848	8.444100195
539	16.67328278	-1.07658E-32	95.89669917	17.7153725	0.701083131	30.14743012	58.64408862	2.836347195	77.52207776	1.96094327	0.089192235	4.152005558	1.291066006	0.024429391	7.369205795	1.719113519	0.016207509	10.81230831	2.096133308	0.037247291	8.464133438
540	16.61096946	-1.19435E-32	95.87755559	17.7161217	0.703559709	30.1257839	58.69193283	2.848469212	77.5277081	1.962451313	0.089552389	4.155491337	1.293673014	0.024525363	7.373823228	1.722397129	0.016275123	10.88582889	2.102454558	0.037464581	8.482041737
541	16.5489416	-1.35612E-32	95.85833353	17.71679862	0.706044869	30.11714391	58.73957785	2.860635717	77.53404713	1.963952397	0.089913753	4.156895436	1.296274986	0.024543731	7.378436715	1.725679593	0.016310932	10.91126471	2.108774954	0.037683052	8.49711069
542	16.48719746	-1.46032E-32	95.83903268	17.7174204	0.708538639	30.11738289	58.78702475	2.87284687	77.54080243	1.965446562	0.090276331	4.156895436	1.298868797	0.02456344	7.416124655	1.728947556	0.016375726	10.91760316	2.115094471	0.037902711	8.524479427
543	16.42573536	-1.65267E-32	95.81965273	17.71797554	0.711041048	30.10134645	58.83427603	2.885102831	77.54657766	1.966933846	0.090640128	4.156895436	1.301458506	0.024678125	7.433703337	1.732207639	0.016428586	10.92393243	2.121413081	0.038123564	8.545036948
544	16.36455361	-1.44801E-32	95.80019337	17.71846927	0.713552126	30.10437053	58.88133292	2.897403761	77.5517722	1.968414287	0.091046252	4.156895436	1.304042126	0.024700719	7.454149907	1.735457027	0.016506572	10.93025254	2.127730759	0.038341274	8.565030345
545	16.30365059	-1.67462E-32	95.78068919	17.71890319	0.7160719	30.10297155	58.92819514	2.909749821	77.55695881	1.969887924	0.09151987	4.156895436	1.306616054	0.0248724	7.4741045	1.738699623	0.016570795	10.96595373	2.134047482	0.038558774	8.584888774
546	16.24302469	-1.5629E-32	95.7611988	17.71927171	0.718600399	30.09933706	58.97486349	2.922141173	77.57164547	1.971354793	0.091873739	4.156895436	1.309183485	0.02504194	7.493459838	1.741938617	0.016645786	11.00236084	2.140363227	0.03878244	8.604712221
547	16.18267432	-1.18635E-32	95.74162924	17.71956201	0.721137653	30.08803036	59.02134126	2.934577979	77.57934044	1.972814934	0.092130294	4.156895436	1.311749542	0.02509885	7.513508594	1.745179967	0.016758186	11.00999194	2.146677969	0.038977387	8.624500747
548	16.12259797	-8.30564E-33	95.72225597	17.7197766	0.72368369	30.07573962	59.06762934	2.947060403	77.58703114	1.974268381	0.092462995	4.156895436	1.314314133	0.025247822	7.518501677	1.748421894	0.016871309	11.01761173	2.152991678	0.039135521	8.644254416
549	16.06279411	-6.16569E-33	95.70336046	17.71993591	0.72623854	30.06148008	59.11372869	2.959588607	77.59246187	1.975715174	0.092829588	4.156895436	1.3168748	0.025375606	7.548063731	1.751646989	0.016985157	11.02522025	2.15930433	0.039294193	8.663973287
550	16.00326124	-1.21265E-32	95.68724168	17.72002327	0.728802231	30.05272946	59.15964286	2.972162755	77.59749219	1.977155349	0.093200521	4.159746099	1.319431171	0.025441616	7.570272612	1.754870211	0.017099736	11.04330883	2.1656159	0.039453407	8.683657423
551	15.9439979	-1.38452E-32	95.67192789	17.72003922	0.731374794	30.04408294	59.20537278	2.980940897	77.60251966	1.978588943	0.093572692	4.162672866	1.321983184	0.025602073	7.574877855	1.758091609	0.017216118	11.05510404	2.171926361	0.039613162	8.703306883
552	15.88500264	-1.04876E-32	95.65657294	17.72000031	0.733956257	30.03553223	59.2509177	2.986473313	77.61552341	1.980015993	0.093974202	4.165397682	1.324531593	0.025766059	7.579388665	1.761296066	0.017333543	11.07690898	2.178235688	0.039773463	8.721217453
553	15.82627401	-1.97954E-32	95.64117674	17.71990985	0.73654665	30.02769998	59.29627836	2.992259167	77.61952238	1.981436536	0.094405586	4.16846304	1.327076743	0.025931049	7.583892503	1.764480635	0.017451727	11.0864994	2.184543865	0.039934309	8.742684282
554	15.76781059	-1.82742E-32	95.62573918	17.71975021	0.739146003	30.01829723	59.34145624	3.005145852	77.63002622	1.982850612	0.094838726	4.169187262	1.329620429	0.02608915	7.591769873	1.76766105	0.017553807	11.09396249	2.190850867	0.040095704	8.762399132
555	15.70961098	-1.77283E-32	95.61026017	17.71952272	0.741754345	30.00926229	59.38645151	3.018080987	77.63512228	1.984258255	0.095237915	4.169187262	1.332158765	0.026209412	7.617434158	1.770841098	0.017567926	11.10226641	2.197156669	0.040257648	8.781943307
556	15.65167376	-1.89396E-32	95.59473961	17.71923877	0.744371705	29.99886137	59.4312633	3.03106475	77.64268272	1.985659506	0.095586588	4.169187262	1.334686605	0.026273493	7.621800844	1.774016811	0.017588558	11.11056113	2.203461248	0.040420144	8.801527667
557	15.59399754	-2.24327E-32	95.5791774	17.71889065	0.746998115	29.98451903	59.47589393	3.044255881	77.6471409	1.987054401	0.095936255	4.169699261	1.337208271	0.026364536	7.630406138	1.777190633	0.017603705	11.12841199	2.209764579	0.040584824	8.821337283
558	15.5365809	-2.70635E-32	95.56357344	17.7184776	0.749639463	29.97162645	59.52034554	3.057575943	77.6516676	1.98844298	0.096286917	4.172875488	1.339723919	0.02645587	7.659781401	1.780362423	0.017618817	11.1345804	2.216066639	0.040790417	8.84418317
559	15.47942244	-2.41015E-32	95.54792762	17.71799783	0.752291787	29.96042432	59.5646191	3.070946806	77.65616151	1.989825281	0.096638577	4.172875488	1.342235489	0.026548556	7.675085419	1.783532454	0.017677694	11.14065719	2.222367402	0.041057148	8.872139698
560	15.42252072	-2.4728E-32	95.53223985	17.71745869	0.754953313	29.94921836	59.60871672	3.084368656	77.66061347	1.991201344	0.096984633	4.172875488	1.344744681	0.026640856	7.692209549	1.786691002	0.017769068	11.15356552	2.228666842	0.041325342	8.886374777
561	15.36587426	-2.73997E-32	95.51651004	17.71687444	0.757624071	29.94164958	59.65263809	3.09784168	77.66542638	1.992571209	0.097324634	4.173721243	1.347247468	0.026734553	7.702433339	1.789829594	0.017860886	11.16334959	2.234964943	0.041579235	8.900423759
562	15.30948157	-3.40354E-32	95.50073807	17.71623066	0.760304093	29.92668814	59.69638456	3.109147911	77.66985445	1.993934918	0.097697943	4.173725452	1.349745464	0.026792845	7.735090745	1.792961139	0.01795502	11.18250149	2.241261686	0.041852131	8.918883146
563	15.25334115	-2.63629E-32	95.48492384	17.71552349	0.76299341	29.91542939	59.73995651	3.116635337	77.68316633	1.995292511	0.098052548	4.17372546	1.352240449	0.026862388	7.762098583	1.796088841	0.018050698	11.19091007	2.24755705	0.042127661	8.938290199
564	15.19745143	-2.95944E-32	95.46906727	17.7147512	0.765692051	29.89926792	59.78335534	3.125183736	77.68527927	1.996644031	0.098408155	4.173725467	1.354733212	0.026934686	7.779738885	1.799213776	0.018068955	11.19930975	2.25385101	0.042259307	8.95760908
565	15.14181083	-3.08343E-32	95.45316824	17.71392694	0.768400048	29.88774457	59.82658042	3.140320027	77.69169673	1.997989519	0.098765318	4.177067197	1.357217004	0.027106149	7.805147851	1.802331726	0.018156156	11.22520332	2.260143547	0.042377237	8.976761093
566	15.0864177	-2.57503E-32	95.43722666	17.7130491	0.771117432	29.8688688	59.86963335	3.155521537	77.69988724	1.999329021	0.099279564	4.177251349	1.35969374	0.027202814	7.820577008	1.805442441	0.01821271	11.25408496	2.266434647	0.042679426	8.995879497
567	15.03127035	-2.48534E-32	95.42124242	17.71211403	0.773844234	29.85652167	59.91251569	3.170788521	77.71300225	2.00066258	0.099669595	4.177251349	1.362165426	0.027363869	7.824958758	1.808547634	0.018249428	11.26061447	2.272724289	0.042989537	9.014964352
568	14.97636705	-3.07827E-32	95.40521542	17.71111573	0.776580486	29.84657937	59.95522915	3.186168245	77.71806518	2.00199024	0.100060911	4.177251349	1.364636007	0.02758317	7.829009794	1.811649376	0.018262191	11.26713979	2.279012449	0.043301819	9.034015717
569	14.92170605	-2.91605E-32	95.38897768	17.71005527	0.779326218	29.83700342	59.99777477	3.201747812	77.72446131	2.003312046	0.100453517	4.177251349	1.367101814	0.027721116	7.833058729	1.814750955	0.018305517	11.2736608	2.285299103	0.04361788	9.05303365
570	14.86728555	-2.80304E-32	95.37202309	17.7089293	0.782081462	29.81944484	60.04015436	3.217394949	77.72810945	2.004628044	0.100847417	4.177251349	1.369566889	0.027849262	7.837105564	1.817851629	0.018426013	11.28017733	2.291584229	0.043937514	9.07201821
571	14.81310373	-3.11966E-32	95.35501838	17.7077472	0.78484625	29.81064543	60.08236889	3.23310992	77.7327028	2.005938278	0.101242615	4.177251349	1.372029256	0.027979217	7.8411503	1.820944853	0.018548684	11.28668927	2.297867806	0.04416117	9.090969456
572	14.75915874	-3.39592E-32	95.33796341	17.70650782	0.787620612	29.79730229	60.12441889	3.24857848	77.7352834	2.007242795	0.101639115	4.177251349	1.374487361	0.02810103	7.845192937	1.82403458	0.018673074	11.32105207	2.304149818	0.044274517	9.109887446
573	14.70544871	-2.68206E-32	95.32085803	17.70521554	0.790404582	29.78396496	60.16630609	3.26265365	77.73786228	2.008541641	0.102036922	4.177251349	1.376938458	0.028267737	7.870539053	1.827119307	0.018785908	11.36105001	2.310430248	0.044388033	9.125453377
574	14.65197179	-2.1908E-32	95.3037021	17.7038694	0.793198191	29.77125091	60.20803181	3.276782282	77.74825505	2.00983486	0.102436039	4.177735419	1.379384512	0.02843247	7.874396359	1.830198547	0.018806599	11.38294071	2.316709076	0.044501719	9.140181421
575	14.59872612	-2.42776E-32	95.2864955	17.70246885	0.79600147	29.7574336	60.24959847	3.290710409	77.7534461	2.011122499	0.102838654	4.177735419	1.381826421	0.028607861	7.878250206	1.833271365	0.018908862	11.41841466	2.322986284	0.044615576	9.154895581
576	14.54570988	-3.28808E-32	95.26923806	17.7010152	0.798814451	29.74425233	60.29100773	3.30407683	77.7584683	2.0124046	0.103243802	4.177735419	1.384262431	0.028657458	7.88667106	1.836338302	0.019036716	11.45357805	2.329261851	0.044729903	9.169607987
577	14.49292127	-3.72664E-32	95.25192966	17.69950903	0.801784341	29.7310769	60.3322625	3.317490024	77.76341966	2.013681207	0.103650303	4.177735419	1.386689328	0.028792694	7.917827757	1.839400905	0.019168361	11.46503293	2.335535757	0.044884024	9.184421913
578	14.44035851	-3.29244E-32	95.23457014	17.69795858	0.804844246	29.71790732	60.37336322	3.33095015	77.76836901	2.014952365	0.104058163	4.177735419	1.389109434	0.028913707	7.922518991	1.842449915	0.019301489	11.47444125	2.341807983	0.045208408	9.199147061
579	14.38801985	-2.76087E-32	95.21715938	17.69635643	0.807924553	29.71952771	60.41431075	3.344457364	77.77325126	2.016218114	0.104507688	4.177735419	1.391525067	0.029006697	7.927205425	1.845491265	0.019435481	11.48383812	2.348078521	0.045536396	9.213792144
580	14.33590361	-2.25627E-32	95.19969722	17.69470062	0.811016774	29.70611683	60.45510557	3.358011826	77.77540438	2.017478497	0.10501828	4.179487746	1.393934144	0.029046096	7.931887063	1.848530206	0.01954273	11.49322355	2.354347355	0.045866571	9.228416543
581	14.28400812	-1.13327E-32	95.18218352	17.69298632	0.814081293	29.69985586	60.49574925	3.371613695	77.77755683	2.018733552	0.105284188	4.184348232	1.396341091	0.029075384	7.936563912	1.8515672	0.019634265	11.50830278	2.360614467	0.046198943	9.248954472
582	14.23233181	-1.51338E-32	95.16461813	17.69122322	0.817198771	29.69959293	60.53624277	3.38526313	77.78362301	2.01998332	0.105691133	4.184456327	1.398740814	0.029196818	7.957942311	1.854598227	0.019797195	11.51979053	2.366879835	0.046533524	9.275420933
583	14.1808731	-1.81886E-32	95.14700093	17.68941036	0.820316335	29.68157473	60.5765874	3.398960293	77.79976475	2.021227837	0.106105153	4.184464088	1.401136487	0.029416074	7.978235777	1.857621367	0.019847373	11.52826089	2.373143443	0.046751186	9.292675738
584	14.12963049	-1.75619E-32	95.12933175	17.687551	0.823445556	29.68105546	60.61678419	3.412705343	77.81409277	2.022467142	0.106555056	4.185232317	1.403530109	0.029639315	7.988107611	1.860631795	0.019856538	11.56783007	2.379405271	0.046846307	9.321269676
585	14.07860254	-2.49888E-32	95.11161046	17.6856391	0.82447102	29.6699951	60.65683415	3.426498443	77.82009055	2.023701269	0.107049349	4.190329883	1.405920295	0.029746557	7.992846829	1.863637351	0.01986786	11.57708219	2.385665304	0.046941495	9.346724697
586	14.02778783	-2.34107E-32	95.09383691	17.68366856	0.826102027	29.6588719	60.69673908	3.440339753	77.82918787	2.024930254	0.107545703	4.190329883	1.408308225	0.029773739	7.997583035	1.866642524	0.019910603	11.58616078	2.391923521	0.047036748	9.35910535
587	13.97718506	-2.99841E-32	95.07601096	17.68164765	0.828642796	29.6477859	60.73649837	3.454229435	77.84245707	2.02615413	0.108044125	4.190329883	1.410690064	0.029797622	8.002316231	1.869644823	0.020050925	11.59522978	2.398179902	0.047259368	9.371310405
588	13.9267929	-3.68182E-32	95.05802352	17.6795834	0.831773701	29.63422288	60.77611225	3.468167654	77.85440771	2.027372929	0.108544624	4.190329883	1.41306641	0.029833372	8.007046418	1.872637671	0.020180559	11.60428919	2.404434434	0.047500391	9.383486355
589	13.87661011	-4.07472E-32	95.03996597	17.67747758	0.834916237	29.62089135	60.81558109	3.482154571	77.85994017	2.028586684	0.109047208	4.190329883	1.415434832	0.029988137	8.01026612	1.875622592	0.020218663	11.61195576	2.410687105	0.047649301	9.405461459
590	13.8266355	-3.48409E-32	95.02185453	17.6753243	0.838070444	29.60754389	60.85490631	3.496190351	77.86535161	2.029795425	0.109551885	4.190329883	1.417798975	0.030146788	8.013191245	1.878601589	0.020302955	11.61900837	2.4169379	0.047802421	9.418079981
591	13.77686792	-3.63379E-32	95.00368905	17.67312967	0.841236365	29.60093803	60.89408807	3.510275157	77.87075984	2.030999182	0.109974099	4.190329883	1.420158481	0.03030829	8.016114461	1.881569867	0.020393938	11.62605634	2.423186801	0.047955922	9.437276847
592	13.72730628	-4.27444E-32	94.98326871	17.67087969	0.84441404	29.59235392	60.93312816	3.524409154	77.87630788	2.032197982	0.11037355	4.19106669	1.422518086	0.030470599	8.020671532	1.884536018	0.020538033	11.64162919	2.42943379	0.048168706	9.476249691
593	13.67794953	-4.79652E-32	94.96442991	17.6685821	0.847603514	29.58127476	60.97202883	3.538592509	77.88702254	2.033391854	0.110713803	4.192110895	1.424876034	0.030630998	8.031665231	1.887492798	0.020683099	11.65063077	2.435678849	0.048445128	9.50205947
594	13.62879668	-4.09738E-32	94.94308463	17.66623605	0.850804827	29.57015256	61.01078995	3.554263047	77.89243929	2.034580823	0.110916601	4.192133552	1.42723358	0.030776748	8.036616213	1.890440961	0.020829175	11.65962271	2.44192196	0.048627397	9.520882283
595	13.57984673	-4.24609E-32	94.91976707	17.6638409	0.85381063	29.55970419	61.04941104	3.570482393	77.89778828	2.035764917	0.111269425	4.192133552	1.42958707	0.030953003	8.041386191	1.893386238	0.020977326	11.66860502	2.448163107	0.048789757	9.539244557
596	13.53109873	-4.89079E-32	94.89635263	17.66139648	0.856814171	29.5479739	61.08789244	3.585556628	77.90306619	2.03694416	0.11177088	4.192133552	1.431939133	0.031008642	8.046153088	1.896326778	0.021126478	11.67757773	2.454402271	0.048955281	9.557454426
597	13.48255174	-4.18494E-32	94.87284095	17.65890875	0.859828029	29.53759215	61.12623477	3.602124496	77.91094101	2.038118579	0.11227438	4.192133552	1.434284366	0.031247001	8.050916908	1.899262356	0.021210499	11.7093238	2.460639437	0.049219121	9.57563217
598	13.43420482	-4.28011E-32	94.84923163	17.65637864	0.862852237	29.52658531	61.16443921	3.61882884	77.9204287	2.039288198	0.11278564	4.192528835	1.436624885	0.031446619	8.06300084	1.902189664	0.021231978	11.73808578	2.466874588	0.049369269	9.593777844
599	13.38605701	-3.84784E-32	94.82587808	17.65381599	0.865886828	29.51532249	61.20250622	3.635604057	77.9262753	2.040453043	0.113284936	4.195644795	1.438962918	0.031567834	8.084460085	1.905097113	0.02125346	11.80347723	2.473107709	0.049548954	9.615405253
600	13.33810739	-3.69764E-32	94.80304031	17.65120138	0.868931837	29.52169513	61.24043551	3.652289404	77.9310703	2.041613139	0.113791525	4.197946253	1.44129922	0.031676384	8.110545162	1.908004578	0.021274944	11.83170637	2.479338784	0.049802771	9.638415084
601	13.29035502	-4.05929E-32	94.78011322	17.64853767	0.871987298	29.50291455	61.27822755	3.668863168	77.93519381	2.042768512	0.114300166	4.197946253	1.443632213	0.03169672	8.134507034	1.910911242	0.021302787	11.86655041	2.485567796	0.050083829	9.661386226
602	13.24279896	-4.84535E-32	94.75700613	17.64582667	0.875053244	29.48334542	61.31588374	3.685505083	77.94116738	2.043919187	0.114810867	4.197946253	1.445960923	0.031717042	8.140353656	1.913815793	0.021448757	11.94295607	2.491794732	0.050375383	9.684318746
603	13.19543827	-5.26343E-32	94.73378403	17.6430671	0.878140248	29.47255266	61.35340528	3.702215417	77.94969596	2.045065189	0.115323636	4.197946253	1.448287761	0.031773181	8.146097122	1.916716829	0.021601371	11.96630398	2.498019572	0.050670839	9.707212709
604	13.14827198	-5.61943E-32	94.71047063	17.64027745	0.881238727	29.46578602	61.39078871	3.718994441	77.95813208	2.046206546	0.115838482	4.197946253	1.450601025	0.031945233	8.151835769	1.91961198	0.021633691	11.97187867	2.504242303	0.051057545	9.730068178
605	13.10129915	-5.3502E-32	94.68706561	17.63744293	0.884347888	29.45456209	61.4280366	3.735842425	77.96287152	2.047343283	0.116355412	4.197946253	1.452910472	0.032061559	8.157693781	1.922504652	0.021751769	11.97744777	2.510462916	0.05145706	9.745560032
606	13.05451884	-5.18843E-32	94.66356861	17.63455976	0.884563325	29.44165397	61.46515094	3.75275964	77.9750477	2.048475424	0.116874434	4.197946253	1.455218744	0.032120633	8.163477491	1.9253949	0.021879774	11.98301128	2.516681394	0.051822409	9.760147857
607	13.00793014	-4.53689E-32	94.63997931	17.63163936	0.8824855	29.43131553	61.5021327	3.769629773	77.98000634	2.049602996	0.117395558	4.197946253	1.457523012	0.032276833	8.169134079	1.928274067	0.022008746	11.9885692	2.522897722	0.051921189	9.774707498
608	12.96153214	-4.45405E-32	94.61629738	17.62868713	0.885927392	29.42098073	61.53898303	3.785140392	77.98488836	2.050726022	0.117918791	4.198519086	1.45981739	0.032313738	8.171186229	1.931142403	0.02210834	11.99412153	2.52911189	0.052162654	9.79536501
609	12.91532396	-4.00192E-32	94.59252246	17.62569848	0.889383294	29.41029999	61.57570221	3.800707454	77.99269717	2.051844527	0.118446145	4.198519086	1.462104661	0.032405868	8.173614273	1.934002274	0.022201275	12.01926162	2.535323889	0.052462066	9.809659483
610	12.86930476	-5.73711E-32	94.56865423	17.6226766	0.892852421	29.39657016	61.61229043	3.816331159	78.00047961	2.052958534	0.118979095	4.198519086	1.464385443	0.032444974	8.177741971	1.936850529	0.0223427	12.06959826	2.541533709	0.052766813	9.823938494
611	12.82347372	-5.45303E-32	94.54469234	17.61962234	0.89633482	29.39051597	61.64874675	3.832011707	78.00820555	2.054068065	0.11951423	4.198519086	1.466659294	0.032617425	8.181865897	1.939688484	0.022423771	12.11659271	2.547741337	0.053073251	9.838202059
612	12.77783007	-5.41415E-32	94.52063645	17.61652652	0.89983054	29.39550401	61.68507258	3.847749298	78.01592711	2.055173141	0.120051559	4.198519086	1.468930377	0.03283985	8.185986056	1.942520551	0.022539238	12.13785772	2.553946771	0.053353087	9.852934067
613	12.73237307	-5.28916E-32	94.49648622	17.61338166	0.899560179	29.37539461	61.72126951	3.863544133	78.02364428	2.056273784	0.12059109	4.198519086	1.471200464	0.033015239	8.198537471	1.945351524	0.022666309	12.14270398	2.560149994	0.053570358	9.875586038
614	12.687102	-4.78853E-32	94.47224131	17.61019476	0.902782977	29.36020668	61.75733819	3.879396414	78.02966191	2.057370011	0.121132832	4.198519086	1.473465302	0.033212305	8.209382948	1.948178744	0.022770588	12.17338976	2.566350993	0.053790215	9.898199099
615	12.6420162	-5.72176E-32	94.44790137	17.60696695	0.906049608	29.34985691	61.79327854	3.895306344	78.03519086	2.058461843	0.121676794	4.198519086	1.475723172	0.033289056	8.215657869	1.951003533	0.022887339	12.17953517	2.572549753	0.054010881	9.9155076
616	12.59711499	-4.93951E-32	94.42346605	17.60369808	0.909327621	29.33951081	61.82909037	3.911296743	78.04068489	2.059549298	0.122222985	4.198519086	1.477974414	0.033317018	8.221950574	1.953826596	0.023004649	12.18492869	2.578746257	0.0542705	9.932183278
617	12.55239774	-5.41168E-32	94.39893501	17.60038778	0.912617049	29.34153008	61.86477473	3.927364692	78.05113004	2.060632392	0.12263634	4.199755872	1.480223343	0.033344954	8.238783489	1.956643531	0.023122518	12.19030994	2.584940491	0.054624918	9.954300817
618	12.50786381	-5.5588E-32	94.37631527	17.597053	0.915917931	29.32612568	61.90033235	3.94349124	78.06094047	2.061711144	0.123289551	4.199755872	1.482466597	0.033374549	8.275726184	1.95944066	0.023240952	12.19567893	2.591132443	0.054981548	9.968222825
619	12.46351258	-4.91338E-32	94.36133674	17.59368022	0.916529214	29.31072725	61.93576311	3.959676592	78.07269654	2.062785569	0.123779304	4.199755872	1.484706559	0.033405014	8.28546085	1.962229855	0.02331823	12.20103572	2.5973221	0.055340401	9.98203918
620	12.41934347	-5.10499E-32	94.34633289	17.59026602	0.918779517	29.29530316	61.97106744	3.975920956	78.08129825	2.063855684	0.123995208	4.199755872	1.486942279	0.033518466	8.312033102	1.965015647	0.023428393	12.20638031	2.603509454	0.055702339	9.998144573
621	12.37535589	-4.90918E-32	94.33130366	17.5868191	0.920557634	29.27799773	62.006244	3.992224541	78.08733716	2.064921504	0.124215531	4.202525655	1.489166093	0.033630984	8.319428361	1.96779892	0.023544127	12.21171274	2.609694491	0.056067794	10.01453844
622	12.33154927	-5.27017E-32	94.31278371	17.58332806	0.9239133	29.26170793	62.0412954	4.008587555	78.0934686	2.065983044	0.124440865	4.202525655	1.491389332	0.033836513	8.325313019	1.970577711	0.023570916	12.21703304	2.615877195	0.056435532	10.03118587
623	12.28792304	-5.37922E-32	94.28774103	17.57979006	0.922196471	29.24239869	62.07622352	4.025010209	78.10104687	2.067040317	0.124666298	4.202525655	1.493612528	0.033863636	8.360245395	1.973352988	0.023588144	12.22234123	2.62205755	0.056805568	10.04776253
624	12.24447666	-5.19229E-32	94.26259734	17.57621404	0.925330454	29.22453363	62.1110285	4.041492711	78.10891537	2.068093338	0.125052222	4.203401892	1.495833576	0.033899768	8.362752672	1.976118346	0.023605934	12.22763734	2.628235541	0.057072539	10.06410551
625	12.20120957	-5.2861E-32	94.23735223	17.57259741	0.928474451	29.20667167	62.14570964	4.058035274	78.11810276	2.06914212	0.125584221	4.204087191	1.498050556	0.033924605	8.365254724	1.978879553	0.023694233	12.26178641	2.634411154	0.057190196	10.08694414
626	12.1581212	-5.82136E-32	94.21191094	17.56893714	0.931573446	29.18721988	62.18026728	4.074638108	78.12962005	2.070186676	0.126121238	4.204122089	1.500264197	0.033974385	8.367751549	1.981639121	0.023816708	12.29442072	2.640584383	0.057307968	10.11069922
627	12.11521099	-5.96387E-32	94.18846093	17.56524217	0.934737178	29.18250014	62.2147022	4.091301426	78.13294776	2.071227019	0.126665428	4.204122089	1.50247155	0.034148098	8.370243147	1.984390867	0.023885964	12.30163005	2.646755214	0.057425855	10.12799617
628	12.07247836	-5.51931E-32	94.16895989	17.56150698	0.937910991	29.1658095	62.24901477	4.108025442	78.13984056	2.072263163	0.127211755	4.204122089	1.504674964	0.034339054	8.372729517	1.987138129	0.024053845	12.30820129	2.652923637	0.057640309	10.14371182
629	12.02992274	-6.75348E-32	94.14940618	17.55772533	0.941094913	29.14912839	62.28320591	4.124810369	78.14988734	2.07329512	0.127760227	4.204122089	1.506877978	0.034522479	8.390637408	1.989883286	0.024112726	12.37145185	2.659089634	0.057958466	10.15886924
630	11.98754354	-5.68033E-32	94.13508265	17.55390102	0.944288971	29.13245683	62.31727592	4.141656421	78.15563989	2.074322903	0.128311174	4.204122089	1.509077034	0.034702556	8.399596493	1.99262639	0.024173121	12.38904448	2.665253193	0.058281593	10.1754247
631	11.94534016	-5.97541E-32	94.12285072	17.55004317	0.947493192	29.11832382	62.35122517	4.158563813	78.16321706	2.075346525	0.128866576	4.204122089	1.511270864	0.03482277	8.419319061	1.995359804	0.024290438	12.3965235	2.671414301	0.058606441	10.19145713
632	11.90331197	-5.93678E-32	94.09685656	17.54615634	0.950964312	29.11227978	62.38505436	4.175532761	78.17095612	2.076365999	0.129424172	4.204122089	1.513457853	0.034848586	8.450830155	1.998080517	0.02440928	12.40715161	2.677572948	0.058930848	10.20714647
633	11.86145835	-5.50071E-32	94.07118304	17.54222879	0.954539319	29.12183903	62.41876407	4.192563482	78.17859716	2.077381338	0.129983969	4.205463313	1.51563919	0.03487571	8.468316134	2.000799144	0.02447296	12.41338285	2.68372912	0.059189318	10.22953545
634	11.81977865	-5.25706E-32	94.05139424	17.53826663	0.958126888	29.13079049	62.45235389	4.209656193	78.18621369	2.078392554	0.130545977	4.20549073	1.517814623	0.03490709	8.47368243	2.00351086	0.024587479	12.41960375	2.689882801	0.059423464	10.25889194
635	11.77827225	-6.04264E-32	94.03155221	17.53426277	0.960329717	29.11972492	62.48582315	4.226811111	78.19382592	2.079399661	0.131110205	4.20549073	1.51998777	0.034972742	8.477087146	2.00622042	0.024650413	12.43160297	2.696033977	0.059667529	10.27093427
636	11.73693852	-5.08393E-32	94.01165682	17.53022498	0.963578066	29.11067057	62.51917205	4.244028456	78.20143384	2.080402671	0.13167666	4.20549073	1.522155278	0.034989947	8.483556014	2.00892387	0.024761346	12.49060428	2.702182633	0.060002691	10.28286263
637	11.69577681	-5.43012E-32	93.98867767	17.52615006	0.966836707	29.10724566	62.55240213	4.261308446	78.20903745	2.081401596	0.132257001	4.20549073	1.524318921	0.035007119	8.506480116	2.011621727	0.024872743	12.5132182	2.708328759	0.060341007	10.29476279
638	11.65478649	-5.21022E-32	93.96303144	17.52204559	0.970105669	29.09060913	62.58551388	4.278651303	78.21663676	2.082396449	0.132928749	4.20549073	1.526474451	0.035024257	8.52379738	2.014310799	0.024984608	12.51934389	2.714472341	0.060680783	10.3066348
639	11.61396692	-5.32954E-32	93.93728556	17.51791092	0.973385235	29.07601373	62.61850538	4.296057245	78.22343785	2.083387243	0.133603648	4.20549073	1.528620438	0.035041362	8.531393323	2.016995734	0.025097557	12.52546099	2.720613368	0.061046391	10.31847873
640	11.57331748	-6.08238E-32	93.91133783	17.51374041	0.975294642	29.06402393	62.65137683	4.313526495	78.22849229	2.084373989	0.134281711	4.214852934	1.53075971	0.035061743	8.534460215	2.019679755	0.025129996	12.53069627	2.726751827	0.06141439	10.33131094
641	11.53283757	-6.72261E-32	93.88524244	17.50953213	0.978708582	29.04998497	62.68412803	4.331059275	78.23463785	2.085356698	0.134962952	4.21486526	1.532894833	0.035173677	8.537383114	2.022363027	0.025176284	12.5356105	2.732887705	0.061784454	10.34673911
642	11.49252661	-4.74754E-32	93.85904503	17.50528668	0.982134263	29.03814455	62.71676192	4.348655808	78.24411837	2.086335382	0.135647384	4.216283503	1.535026812	0.035351379	8.540302957	2.025041612	0.025297273	12.543638	2.739020988	0.062156593	10.36214753
643	11.45238401	-4.41672E-32	93.83274521	17.5010009	0.985571723	29.01905339	62.74928004	4.366316317	78.25506122	2.087310052	0.136335022	4.216283505	1.537155577	0.035532588	8.543219749	2.027717756	0.025363563	12.55917221	2.745151664	0.062530818	10.37852656
644	11.41240923	-4.82701E-32	93.80634259	17.49668715	0.989021002	29.01411197	62.78168267	4.384041027	78.26373306	2.088280718	0.1368405	4.216283507	1.539281997	0.035579637	8.546133489	2.030378522	0.025428141	12.62506148	2.751279719	0.062755586	10.39520653
645	11.37260171	-6.20492E-32	93.77983678	17.49233331	0.992482138	28.99069067	62.81396927	4.401830163	78.2731885	2.08924739	0.137330351	4.216283509	1.541405138	0.035810828	8.549044179	2.033038037	0.02546205	12.69079652	2.757405138	0.063154112	10.41185739
646	11.33296095	-5.56755E-32	93.75322737	17.48793354	0.995814898	28.98198141	62.84614048	4.419771632	78.28958346	2.090210078	0.137821668	4.21628351	1.543529283	0.035877549	8.571446441	2.035697755	0.02551709	12.71286153	2.763527906	0.063559418	10.42847918
647	11.29348643	-6.19538E-32	93.72651397	17.48349048	0.999197545	28.97099443	62.87819671	4.438896611	78.30575841	2.091168792	0.138314455	4.216364292	1.545651657	0.035900749	8.589351935	2.038357917	0.025634686	12.72076062	2.769648006	0.063966908	10.44883428
648	11.25417764	-7.26809E-32	93.69969618	17.47900643	1.002572078	28.96741999	62.91013752	4.458127192	78.30942356	2.092123541	0.138808717	4.216366481	1.547771573	0.035987964	8.600677046	2.041017879	0.025758702	12.72814863	2.775765423	0.064362967	10.4703512
649	11.21503409	-6.55523E-32	93.67277361	17.47448637	1.006069674	28.95719952	62.94196322	4.477432312	78.31305647	2.093074336	0.139304458	4.216366527	1.549887081	0.036146141	8.611818827	2.043674759	0.02588177	12.74008774	2.781880142	0.064718205	10.49184048
650	11.17605528	-6.86437E-32	93.64574585	17.46993629	1.009579211	28.94982533	62.97367452	4.496812236	78.31984409	2.094021185	0.139808996	4.21636657	1.551994994	0.036309231	8.616039478	2.046325575	0.025954762	12.80716372	2.787992154	0.065075306	10.51330216
651	11.13724072	-6.51933E-32	93.61861249	17.46535404	1.013100729	28.94559168	63.00527142	4.516267227	78.32926813	2.094964099	0.140404411	4.216366609	1.554098248	0.036471901	8.620255926	2.048970028	0.026004228	12.81439182	2.794101446	0.065394049	10.53473627
652	11.09858993	-6.70751E-32	93.59137314	17.46073031	1.016634268	28.93956872	63.03675504	4.535965701	78.33861962	2.095903086	0.141002149	4.216366645	1.556198639	0.036543465	8.624468175	2.051614987	0.026024656	12.82161038	2.800208004	0.06568202	10.55614285
653	11.06010243	-7.21962E-32	93.56402739	17.4560676	1.020179865	28.93934299	63.06812555	4.555826688	78.3425	2.096838157	0.141602219	4.216366677	1.558296332	0.03665931	8.646833266	2.054258111	0.026064623	12.8267152	2.806311811	0.065971147	10.57155088
654	11.02177775	-7.08061E-32	93.53657483	17.45137189	1.023699722	28.92171762	63.09938368	4.575767659	78.34461214	2.09776932	0.14220463	4.216366707	1.560392525	0.036776189	8.654211142	2.056891975	0.026088016	12.83083287	2.812412854	0.066302363	10.58424458
655	10.98361538	-7.16382E-32	93.50901505	17.44664991	1.027157037	28.90964488	63.13053009	4.595788924	78.34976138	2.098696586	0.142809391	4.216366735	1.562482825	0.036903057	8.658927683	2.059514086	0.026148353	12.83494199	2.818511121	0.066651034	10.59680241
656	10.94561484	-7.57003E-32	93.48134764	17.44188897	1.03062524	28.89258081	63.16156546	4.615890795	78.35396664	2.099619965	0.143416511	4.21636676	1.564570694	0.037024204	8.66437695	2.062133468	0.026269751	12.83904254	2.824606601	0.066946308	10.60933948
657	10.90777563	-7.81394E-32	93.4535722	17.43708491	1.034104359	28.88443493	63.19248999	4.635927667	78.36158259	2.100539467	0.144026	4.216366783	1.566657661	0.037184121	8.688355282	2.064753058	0.026401442	12.84313453	2.830699278	0.067242788	10.62185582
658	10.87009724	-7.40982E-32	93.42568829	17.43224207	1.037594422	28.86996084	63.22330377	4.654500437	78.36909441	2.101455102	0.144637865	4.216366805	1.568741764	0.037416342	8.715627727	2.067370922	0.026502145	12.86639954	2.836789141	0.067459394	10.63435146
659	10.83257914	-8.03162E-32	93.4030694	17.42736182	1.041095458	28.85923572	63.2540073	4.674492691	78.37725268	2.102366882	0.145255915	4.216366824	1.570821712	0.037494127	8.71927003	2.069986979	0.026621579	12.87359836	2.842876177	0.067718557	10.64504001
660	10.79522076	-8.75116E-32	93.38156483	17.42245645	1.044607494	28.84826224	63.28460082	4.694561784	78.38440426	2.103274817	0.145877216	4.216366842	1.5728963	0.037615347	8.722800807	2.072590469	0.02663926	12.92581721	2.848960377	0.068011673	10.65914186
661	10.75802156	-8.05037E-32	93.36000282	17.41751937	1.04813056	28.8374611	63.31508519	4.714707982	78.39192773	2.104178921	0.146500962	4.216366859	1.574967082	0.037723463	8.734727596	2.075186142	0.026657226	12.93329707	2.855041731	0.068305955	10.67195402
662	10.72098095	-8.60591E-32	93.33270909	17.41254565	1.051664683	28.83760669	63.34546032	4.734931554	78.39943969	2.105079204	0.147127162	4.216366874	1.577035521	0.037757424	8.738344945	2.07777812	0.026706902	12.96324328	2.86112023	0.068601409	10.68451338
663	10.68409832	-7.95901E-32	93.30447056	17.40753955	1.055209893	28.82483099	63.37572671	4.755232771	78.4069474	2.105975679	0.147755826	4.216366888	1.579100478	0.037791368	8.750219111	2.080363397	0.026760161	13.02417336	2.867195862	0.068898583	10.69705193
664	10.64737307	-6.80356E-32	93.27605743	17.40250663	1.058766217	28.80532997	63.40588468	4.7756119	78.41445085	2.106868359	0.148386964	4.2163669	1.581160543	0.037896496	8.762396138	2.082938101	0.026777543	13.03774904	2.873268616	0.069114331	10.70956973
665	10.61080455	-6.79517E-32	93.24753364	17.39743553	1.062333685	28.79441388	63.43593483	4.796069214	78.42195006	2.107757258	0.149020585	4.216366912	1.583218264	0.03796927	8.808010423	2.08551109	0.026813432	13.04534004	2.879338481	0.069317944	10.7220668
666	10.5743921	-7.10209E-32	93.21889876	17.39233389	1.0663531	28.78350194	63.46587716	4.816604983	78.42771986	2.108642389	0.149656698	4.216366923	1.585272937	0.038140315	8.857458913	2.08807608	0.026880401	13.05173906	2.885405444	0.069518069	10.73454319
667	10.53813504	-8.19328E-32	93.19015237	17.38719465	1.070431872	28.77297802	63.49571191	4.83721948	78.43324082	2.109523766	0.150295314	4.216909188	1.587326939	0.038277891	8.861651364	2.090638204	0.02694666	13.05813252	2.891469491	0.069784801	10.74699891
668	10.50203267	-7.85617E-32	93.16129404	17.38201456	1.074526126	28.76207393	63.52543952	4.849664021	78.43870508	2.110401404	0.150936442	4.216909188	1.58938073	0.038306991	8.873512945	2.093200509	0.026965936	13.11633096	2.897530609	0.070129725	10.75943401
669	10.46608424	-7.94638E-32	93.13232336	17.37679865	1.078534255	28.75416002	63.55505987	4.861905362	78.44125814	2.111275318	0.151580091	4.224564335	1.59143368	0.038402304	8.914180333	2.095759456	0.026979503	13.16979677	2.903588784	0.070478315	10.77237516
670	10.43028901	-7.21803E-32	93.10910963	17.37155773	1.082289672	28.7388168	63.58457342	4.874191382	78.44226477	2.112145524	0.152296299	4.224564336	1.59348381	0.038512707	8.934014344	2.098306496	0.027069538	13.1769181	2.909644006	0.070832179	10.78730546
671	10.39464615	-8.25839E-32	93.07984031	17.36628719	1.084948354	28.72974291	63.61398071	4.886843186	78.44421185	2.113012038	0.153024902	4.224564338	1.595530064	0.038644852	8.937316526	2.100847588	0.027118074	13.21345872	2.915696264	0.071117933	10.80221634
672	10.35915485	-8.58906E-32	93.05045849	17.36098446	1.089053645	28.71903439	63.64328202	4.906336291	78.44807438	2.113874878	0.153756752	4.224564339	1.597572315	0.038665948	8.953450658	2.103385923	0.027208856	13.28645153	2.921745546	0.071497729	10.81710784
673	10.32381428	-8.52728E-32	93.02096377	17.35564631	1.093173821	28.70822031	63.67247788	4.92595055	78.45529177	2.114734061	0.154491865	4.225932266	1.599613067	0.0387372	8.957626187	2.105922549	0.027338684	13.2951513	2.927791841	0.071897364	10.8327229
674	10.28862359	-9.09476E-32	92.99135576	17.35027617	1.094876127	28.69741032	63.70156925	4.945635516	78.46008402	2.115589605	0.155230253	4.227555951	1.601650823	0.038947357	8.981602274	2.108455422	0.027417697	13.30273205	2.933835137	0.072254033	10.85532504
675	10.25358189	-7.68455E-32	92.96146793	17.34488366	1.09892267	28.68804548	63.73055717	4.965391434	78.46640542	2.116441527	0.155971931	4.227572028	1.60368112	0.039052939	8.985676933	2.110979212	0.027486447	13.31030317	2.939875423	0.072583457	10.87783977
676	10.2186883	-9.17669E-32	92.93135956	17.33946794	1.102982923	28.67588717	63.75944325	4.985241117	78.47720158	2.117289848	0.156716912	4.227572067	1.605705972	0.039281674	8.989618441	2.113492	0.027555459	13.31786467	2.945912689	0.072897679	10.90027622
677	10.18394194	-9.03569E-32	92.90113461	17.33402396	1.107056925	28.66512047	63.78822715	5.005203817	78.48446696	2.118134585	0.157465211	4.227572104	1.607727037	0.039479517	8.99355615	2.115998407	0.027604872	13.32541655	2.951946924	0.073213155	10.92266342
678	10.14934191	-9.90836E-32	92.87079266	17.32854819	1.109413945	28.65281863	63.81690867	5.025238781	78.49178145	2.118975757	0.15821684	4.22757214	1.609745437	0.039539023	9.00405923	2.118501924	0.027666424	13.33295884	2.957978118	0.07352989	10.94202128
679	10.11488732	-9.51947E-32	92.8403333	17.32304053	1.112890364	28.63617956	63.84548899	5.04534626	78.49927289	2.119813384	0.158971815	4.227572173	1.611763274	0.039653618	9.007620173	2.121000243	0.027727776	13.34049155	2.964006261	0.073847888	10.95906254
680	10.0805773	-9.43048E-32	92.80975609	17.31750492	1.116623594	28.62434896	63.87396819	5.065526506	78.51176738	2.120647483	0.159730149	4.227572205	1.613778658	0.039690961	9.011177618	2.123492111	0.027829418	13.34801467	2.970031341	0.074167156	10.97306143
681	10.04641096	-9.75896E-32	92.77906063	17.31193789	1.120368381	28.61003561	63.90234718	5.085779773	78.52509165	2.121478075	0.160491856	4.227572236	1.615791537	0.039785023	9.014731566	2.125981021	0.027897683	13.35552824	2.976053347	0.074487697	10.98836499
682	10.01238745	-9.13144E-32	92.74824648	17.30634002	1.119184215	28.59582006	63.93062717	5.106106314	78.53827172	2.122305177	0.161256951	4.227572265	1.617801025	0.039813521	9.018282021	2.12846689	0.027968912	13.36303225	2.98207227	0.074809517	11.00197854
683	9.978505909	-8.6739E-32	92.71731323	17.30071668	1.114906872	28.58395065	63.95880863	5.126506383	78.55142558	2.123128808	0.162025447	4.227572292	1.619803333	0.039843563	9.021828986	2.130948529	0.028079571	13.37052672	2.988088102	0.07513262	11.01557844
684	9.944765518	-8.4876E-32	92.68626044	17.29505934	1.118310599	28.5706646	63.98689141	5.147512447	78.55632825	2.123948987	0.162797359	4.227572318	1.621804553	0.040015014	9.025372465	2.133429368	0.028153168	13.37801167	2.99410083	0.075462439	11.02916472
685	9.911165468	-8.98198E-32	92.6550877	17.28937523	1.122461863	28.55738477	64.01487591	5.169191467	78.55991077	2.12476573	0.163572701	4.227572343	1.623804015	0.040042829	9.028912459	2.135903199	0.028328233	13.40626929	3.000110448	0.075665354	11.04258622
686	9.877704969	-9.13179E-32	92.62379458	17.28366764	1.117224098	28.54414148	64.04276248	5.188013498	78.56393232	2.125579056	0.164333875	4.227572367	1.625800372	0.040066579	9.032448973	2.138368539	0.028420184	13.43541343	3.006116947	0.076097256	11.0559651
687	9.844383244	-8.82967E-32	92.59238064	17.27793556	1.121024973	28.53118425	64.07055243	5.208380411	78.56794124	2.126388982	0.164655333	4.228456153	1.627793871	0.040102483	9.03598201	2.140825593	0.028572723	13.47446651	3.012120321	0.076445545	11.06822844
688	9.811199547	-8.91716E-32	92.56084546	17.27217934	1.124919005	28.51168354	64.09824622	5.228987867	78.57691889	2.127195524	0.164977078	4.230863877	1.62978525	0.040119658	9.039511571	2.143273552	0.028660218	13.51336335	3.018120562	0.076775196	11.08181714
689	9.778153148	-8.23094E-32	92.52937238	17.26639752	1.128826248	28.50510426	64.12584403	5.249859863	78.58523615	2.1279987	0.165299109	4.230863884	1.631773866	0.040153743	9.044597259	2.145715073	0.028823417	13.53286255	3.024117662	0.077109927	11.09539321
690	9.745243353	-9.29346E-32	92.49791434	17.2605909	1.132746744	28.49083003	64.15334705	5.27080738	78.5902437	2.128798525	0.16564863	4.230863891	1.633761115	0.040275096	9.060487771	2.148147438	0.029017392	13.54011404	3.030111612	0.077446011	11.10980948
691	9.712469484	-1.00378E-31	92.4663339	17.2547595	1.136680537	28.47889066	64.18075536	5.29183068	78.59383767	2.129595014	0.166340565	4.230863898	1.635745052	0.04037194	9.095265638	2.150573189	0.029092501	13.58132785	3.036102407	0.077783453	11.12333883
692	9.67983088	-9.95582E-32	92.43463058	17.24891159	1.132589921	28.46459954	64.20806767	5.312930024	78.60038389	2.130388184	0.167046383	4.230863905	1.637721476	0.040411183	9.115557401	2.152990162	0.029145555	13.58745704	3.042090039	0.078163584	11.13685469
693	9.647326897	-8.44037E-32	92.40280392	17.24303698	1.136726996	28.44690312	64.23528473	5.334105676	78.60554346	2.131178048	0.167754977	4.230863911	1.639694142	0.040444569	9.120547835	2.155404702	0.02925162	13.59357962	3.048074501	0.07862205	11.1519344
694	9.614956915	-1.00547E-31	92.37085345	17.23713502	1.140939209	28.42921772	64.26240735	5.3553579	78.61561122	2.131964622	0.168613816	4.230863917	1.641663622	0.04047793	9.125532456	2.157816682	0.029358035	13.5996956	3.054055785	0.078993144	11.16935298
695	9.582720324	-1.07042E-31	92.33877871	17.23121436	1.145166317	28.41176548	64.28943561	5.37668696	78.61908701	2.132747919	0.169480167	4.230863922	1.643630568	0.040524106	9.130836718	2.160217333	0.029464801	13.60580498	3.060033882	0.079144745	11.18674399
696	9.550616532	-1.08488E-31	92.30657921	17.22526412	1.149408369	28.3976566	64.31637043	5.39677842	78.62249789	2.133527954	0.170126628	4.230863927	1.645596826	0.040563183	9.135603202	2.162615346	0.029573538	13.61031873	3.066008784	0.079472871	11.20410746
697	9.518644956	-1.15198E-31	92.27425448	17.21929121	1.153665411	28.38355474	64.34321232	5.419408994	78.62927204	2.134304741	0.170669727	4.230863932	1.647558344	0.040754991	9.142134035	2.165007943	0.02968477	13.61458821	3.071980482	0.079810458	11.22144344
698	9.486805025	-1.14471E-31	92.24180406	17.21328733	1.15793749	28.36908448	64.36996253	5.440824191	78.63641569	2.135078292	0.171317162	4.230863936	1.649519128	0.040951855	9.150710687	2.167398728	0.029796381	13.61885085	3.077948966	0.080154315	11.23875199
699	9.455096185	-1.09956E-31	92.20922745	17.20725767	1.162224653	28.37105284	64.3966205	5.462496893	78.64355371	2.135848623	0.17203401	4.232881591	1.651475996	0.041149597	9.175441702	2.169786791	0.029908372	13.62310667	3.083914227	0.08050086	11.25603313
700	9.423517884	-1.02842E-31	92.1765242	17.20120332	1.166526947	28.35865223	64.423187	5.484249164	78.6509998	2.136615746	0.172753643	4.235298405	1.653432024	0.041263356	9.178639688	2.172167765	0.029965759	13.62735567	3.089876258	0.080804588	11.27328691
701	9.392069576	-9.23856E-32	92.1436938	17.19513847	1.170844421	28.3464049	64.44966172	5.508442192	78.66307121	2.137379674	0.173476072	4.235808176	1.655382046	0.041336801	9.181579945	2.174533455	0.030122686	13.63159787	3.09583506	0.081109343	11.29051338
702	9.360750716	-9.77433E-32	92.11073579	17.18905702	1.175177121	28.33504827	64.47604543	5.534080787	78.66954158	2.138140422	0.174201306	4.235808176	1.657325957	0.041368957	9.185393321	2.176889834	0.030221614	13.63583328	3.101790628	0.081544614	11.30771257
703	9.329560781	-1.02074E-31	92.07764968	17.18295426	1.179525096	28.32244116	64.50233819	5.55982979	78.675598	2.138898001	0.174929357	4.235808176	1.65926608	0.041401086	9.220988949	2.179239729	0.030241645	13.64006191	3.107742956	0.081902735	11.32488454
704	9.298499253	-1.05505E-31	92.04443498	17.17682823	1.183888393	28.30253801	64.52854024	5.585689637	78.68161694	2.139652425	0.175660881	4.235808176	1.661204263	0.041433187	9.235178789	2.181583545	0.030264812	13.64428377	3.11369204	0.082288553	11.34202933
705	9.267565614	-1.12953E-31	92.01109121	17.1706906	1.188267059	28.28264889	64.5546489	5.611660768	78.68626377	2.140403707	0.176399111	4.235808176	1.663132168	0.041572447	9.251218234	2.183921136	0.030345367	13.64849887	3.119637876	0.082713199	11.35914697
706	9.23675935	-1.06745E-31	91.97761788	17.16453058	1.192661143	28.26277379	64.580665	5.637743623	78.69336248	2.14115186	0.177140225	4.235808176	1.665057181	0.041692103	9.276027427	2.186255564	0.030433311	13.65270722	3.125580465	0.083139917	11.3762126
707	9.206079969	-1.02557E-31	91.94401449	17.1583419	1.197070693	28.24310548	64.60659085	5.663575524	78.7004755	2.141896897	0.177885507	4.235808176	1.66698199	0.041771714	9.285394706	2.188588602	0.030597665	13.65690883	3.131519798	0.083568717	11.393301
708	9.175526972	-1.09664E-31	91.91028055	17.15213809	1.201495757	28.25672513	64.63242747	5.688415104	78.70759649	2.142638829	0.17863489	4.235808176	1.668906124	0.041810134	9.286987243	2.190906647	0.030624888	13.66438407	3.137455869	0.083999608	11.41033748
709	9.14509987	-1.24798E-31	91.87649433	17.14590726	1.205936383	28.24480466	64.65817491	5.713354656	78.71357663	2.14337767	0.179387211	4.235808176	1.67082826	0.041848545	9.288578382	2.193223357	0.030742851	13.69232201	3.143388671	0.084379266	11.42734698
710	9.114798179	-1.30881E-31	91.84292445	17.13964806	1.210392619	28.23318697	64.68383336	5.738394548	78.72105644	2.144113432	0.180111765	4.235808176	1.672748687	0.041888083	9.290168122	2.195540081	0.030790851	13.69839647	3.149318193	0.084650715	11.44432956
711	9.084621416	-1.39768E-31	91.80922549	17.13336602	1.214864514	28.2208178	64.70940264	5.763477033	78.72853017	2.144846128	0.18070012	4.235808176	1.674664312	0.041971897	9.291756462	2.197855053	0.030823993	13.70446443	3.155244428	0.084922896	11.45977568
712	9.0545691	-1.32066E-31	91.77539695	17.12705804	1.219352117	28.20915375	64.7348842	5.787554654	78.73607326	2.14557577	0.181516957	4.236347804	1.676577589	0.04222834	9.2933434	2.200167931	0.030858736	13.71052591	3.16116737	0.085197408	11.47136525
713	9.024640752	-1.35469E-31	91.74143836	17.12073144	1.223855475	28.19296407	64.76027794	5.811725903	78.74349766	2.146302371	0.182426682	4.237239157	1.678488669	0.042434206	9.294928936	2.202471816	0.030958207	13.7165809	3.16708701	0.085623305	11.48292224
714	8.994835891	-1.20513E-31	91.71559207	17.11438114	1.228374638	28.1847765	64.78558461	5.835991131	78.75104711	2.147025944	0.18319326	4.237281021	1.68039607	0.042582794	9.296513067	2.204773002	0.031046962	13.72262943	3.173003341	0.086062376	11.49774776
715	8.965154039	-1.26482E-31	91.69188063	17.1080058	1.232909654	28.16974784	64.8108051	5.860350694	78.75859028	2.147746502	0.183964055	4.237318843	1.682300928	0.042616067	9.298095794	2.207071275	0.031092726	13.72867148	3.17891636	0.086360037	11.51256967
716	8.935594716	-1.20351E-31	91.67210636	17.10160645	1.237460573	28.15829358	64.83593978	5.884804949	78.76612365	2.148464057	0.184738529	4.241283058	1.684201624	0.042649316	9.299677115	2.209367314	0.031138494	13.73470708	3.184826057	0.08665629	11.52736044
717	8.906157442	-1.22283E-31	91.65485638	17.09518235	1.242027442	28.15193109	64.86098946	5.909354254	78.77352373	2.149178622	0.185516042	4.241283058	1.686098606	0.04268254	9.301257029	2.211661094	0.031184268	13.74073622	3.190732426	0.086963154	11.54205925
718	8.876841734	-1.20385E-31	91.63758785	17.08873264	1.246610313	28.14557096	64.88595484	5.934006306	78.78091781	2.14989021	0.186355092	4.241283058	1.687993864	0.042715739	9.302835535	2.213951252	0.031231851	13.75353242	3.196635456	0.087333534	11.55673231
719	8.847647109	-1.1266E-31	91.61998908	17.08225643	1.251209232	28.13974134	64.9108357	5.958372913	78.78972719	2.150598835	0.187282487	4.241283058	1.689888012	0.042748913	9.310419299	2.216238774	0.031293376	13.7983933	3.20253514	0.08770538	11.57137969
720	8.818573086	-1.18471E-31	91.60223427	17.07575076	1.25582425	28.13329916	64.93563249	5.977198721	78.79923942	2.15130451	0.188216127	4.241283058	1.691782726	0.042782062	9.340162159	2.218524956	0.031337055	13.80498584	3.208431467	0.088078696	11.58672625
721	8.789619175	-1.26198E-31	91.58445773	17.06922287	1.260455417	28.17162971	64.96034527	5.996074376	78.80492485	2.152007248	0.189154506	4.241283058	1.693675249	0.042815603	9.352121425	2.220805755	0.031368189	13.83142875	3.21432443	0.088453487	11.60618905
722	8.760784878	-1.44649E-31	91.56665945	17.06267364	1.265102781	28.16080422	64.98497216	6.015000001	78.81046351	2.152707063	0.190097167	4.241283058	1.695562785	0.042854846	9.356151049	2.223085447	0.031401815	13.83807994	3.220214021	0.08882976	11.62196075
723	8.732069691	-1.27874E-31	91.53279128	17.05610211	1.269766392	28.14214095	65.00951374	6.03397572	78.81661947	2.153403969	0.190924974	4.241283058	1.697446749	0.04292959	9.360176541	2.225363502	0.031416044	13.84678265	3.226100232	0.089070083	11.63368717
724	8.703473107	-1.30306E-31	91.49585426	17.04950671	1.27424111	28.10668859	65.03396982	6.053001657	78.82240146	2.15409798	0.191502149	4.241283058	1.69932946	0.042962488	9.364195294	2.227639858	0.031439954	13.85373174	3.231983059	0.089310319	11.64539584
725	8.674994624	-1.23664E-31	91.4583818	17.04289	1.278653223	28.10002183	65.0583416	6.072077936	78.83266873	2.15478911	0.192393672	4.241283058	1.701208819	0.043049354	9.369377196	2.229913361	0.031525044	13.87841692	3.237862491	0.089648893	11.65862561
726	8.646633727	-1.34013E-31	91.4248968	17.03625182	1.283080201	28.09335656	65.0826301	6.091204682	78.84008865	2.155477373	0.19329669	4.241283058	1.703085784	0.04307665	9.374460509	2.232182672	0.031600489	13.92130792	3.243738524	0.090079588	11.67319573
727	8.618389907	-1.39992E-31	91.4000898	17.02958943	1.287522094	28.08650004	65.10683674	6.115826182	78.84750095	2.156162783	0.194203596	4.241283058	1.704961274	0.043096864	9.378474383	2.234448726	0.03164852	13.96028569	3.24961115	0.090517398	11.69005801
728	8.590262654	-1.2369E-31	91.37522635	17.02289899	1.291978948	28.08003047	65.13096239	6.141473571	78.8587995	2.156845353	0.195114403	4.241283058	1.706836859	0.043117049	9.382414608	2.236713387	0.031692938	13.96688149	3.255480362	0.090958327	11.70205736
729	8.562251456	-1.36921E-31	91.34049448	17.01618424	1.29645081	28.07336967	65.15500666	6.167217638	78.86714004	2.157525099	0.196029127	4.241283058	1.708709548	0.043137205	9.3863522	2.238976847	0.031737609	13.97297499	3.26134615	0.091401188	11.71645029
730	8.534355793	-1.52381E-31	91.30258179	17.00944384	1.300937728	28.06522801	65.17897028	6.193155475	78.8726086	2.158202034	0.196947783	4.241283058	1.710579961	0.043247489	9.390287162	2.241239587	0.031828349	13.978619	3.267208507	0.09184599	11.73089643
731	8.506575147	-1.38459E-31	91.26450034	17.00267846	1.30543975	28.05341658	65.20285356	6.219218657	78.87798397	2.158876172	0.197870384	4.241283058	1.712447876	0.043294662	9.394219496	2.243501362	0.032025288	13.98425306	3.273067427	0.092292737	11.74707424
732	8.478908995	-1.50399E-31	91.22626618	16.99588465	1.309956923	28.04160655	65.22665703	6.245380387	78.884468	2.159547527	0.198657167	4.242621626	1.714315944	0.043396586	9.398149202	2.245762958	0.032223787	13.98987717	3.278922899	0.092742335	11.76659154
733	8.451356819	-1.45892E-31	91.1959035	16.98906379	1.314489295	28.02967866	65.25038098	6.271640988	78.89179123	2.160216114	0.199184885	4.243120382	1.716184006	0.043564663	9.403869602	2.24802337	0.032276063	13.99549136	3.284774915	0.0932509	11.7860809
734	8.423918097	-1.49226E-31	91.15698867	16.98221657	1.319036915	28.01765482	65.27402555	6.298000784	78.89905506	2.160881947	0.1997157	4.243120382	1.718051087	0.043733637	9.425217191	2.250283282	0.032482401	14.00109563	3.290623467	0.093762111	11.80479804
735	8.396592306	-1.53326E-31	91.11762655	16.9753467	1.32359983	28.00410161	65.29759088	6.3244601	78.90631299	2.161545038	0.200258397	4.243120382	1.719915251	0.043849804	9.429974185	2.252541272	0.032695555	14.00669002	3.296468545	0.09427598	11.82274337
736	8.369378925	-1.53961E-31	91.07810187	16.96845368	1.328178089	27.97625636	65.32107801	6.351019261	78.91173929	2.162205403	0.200960497	4.243120383	1.721778521	0.043872624	9.450066834	2.254795322	0.032799165	14.01495845	3.302310142	0.094792519	11.84065733
737	8.342277435	-1.59909E-31	91.03841404	16.96154381	1.33277174	27.94843886	65.3444869	6.377678593	78.91602354	2.162863055	0.201952617	4.243120383	1.723640913	0.043896675	9.464296119	2.257039634	0.032818626	14.06700528	3.308148251	0.095311741	11.85853995
738	8.315287315	-1.64325E-31	90.99856241	16.95461868	1.337380832	27.96655171	65.3678181	6.404438423	78.92030188	2.163518007	0.202952029	4.243120383	1.725501637	0.043923116	9.465809894	2.259273397	0.032843393	14.08880613	3.313982865	0.095463899	11.8763913
739	8.288408057	-1.71021E-31	90.95854636	16.94768	1.342005413	27.95146972	65.39107123	6.431299078	78.92560457	2.164170274	0.203956064	4.243120384	1.727358506	0.043949539	9.467321634	2.261497952	0.032858535	14.11731742	3.319813981	0.09591597	11.89421143
740	8.261639148	-1.47513E-31	90.91836527	16.94072386	1.346645532	27.9363958	65.41424595	6.458293343	78.93423663	2.164819867	0.204964742	4.245777331	1.729212775	0.044106313	9.468831339	2.263716802	0.032873659	14.12527377	3.325641596	0.096377467	11.91189725
741	8.234980094	-1.2824E-31	90.87801851	16.93375016	1.34154432	27.92312006	65.43734272	6.48542367	78.94346629	2.1654668	0.205978083	4.247655665	1.731062359	0.044287144	9.470339012	2.265932159	0.032888766	14.13386509	3.331465702	0.096840949	11.92855428
742	8.208430405	-1.45168E-31	90.83750545	16.92675857	1.3460015	27.92260787	65.46036141	6.512656346	78.95268875	2.166111086	0.206996105	4.247655665	1.732908034	0.044449358	9.471843494	2.2681442	0.032903856	14.21159099	3.337286294	0.097306422	11.93938866
743	8.181989598	-1.70364E-31	90.79682545	16.91974755	1.350659081	27.91044147	65.48330137	6.539991703	78.96189469	2.166752737	0.207998753	4.247655665	1.734749969	0.044567663	9.47331822	2.27035541	0.032918929	14.26452212	3.343103366	0.097586607	11.95020748
744	8.155657206	-1.63857E-31	90.7569907	16.91271835	1.35435486	27.89826464	65.50616436	6.567430074	78.9712095	2.167391765	0.208986611	4.247655665	1.736589753	0.044669628	9.474791058	2.272561657	0.033044449	14.29632757	3.348916911	0.097685854	11.96789626
745	8.129432763	-1.45656E-31	90.73309062	16.90567664	1.352874098	27.8812854	65.52895136	6.594971793	78.97938673	2.168028182	0.209978851	4.247655665	1.738424954	0.044899044	9.476262008	2.274759175	0.033195479	14.35332463	3.354726922	0.09796101	11.99439849
746	8.103315812	-1.56399E-31	90.71029899	16.89862214	1.357663214	27.86571091	65.55166182	6.622617194	78.98667574	2.168661999	0.210975492	4.248355712	1.740253285	0.04497247	9.477731071	2.276951554	0.033244578	14.39072485	3.360533395	0.098368803	12.01716063
747	8.077305901	-1.59708E-31	90.68221798	16.89155474	1.362467344	27.86322121	65.57429632	6.650366611	78.99393291	2.169293229	0.211976551	4.248355712	1.742075831	0.045036965	9.481014768	2.279137656	0.033265746	14.39848698	3.366336326	0.098786686	12.02808955
748	8.051402595	-1.42288E-31	90.65750398	16.88446577	1.367286523	27.85126269	65.59685598	6.678220382	79.00117479	2.169921881	0.212982046	4.248355712	1.74389646	0.045075907	9.495426485	2.281321605	0.033287347	14.40624084	3.37213571	0.09920693	12.03898643
749	8.025605467	-1.36072E-31	90.63274863	16.87735816	1.372120782	27.8650974	65.6193416	6.706178841	79.00825417	2.170547967	0.213991994	4.248355712	1.745715016	0.045114195	9.506745888	2.283500251	0.033311106	14.41398645	3.377931539	0.099628838	12.04983065
750	7.999914102	-1.44121E-31	90.60795193	16.87022793	1.376970153	27.85360455	65.64175337	6.734242325	79.01475973	2.171171497	0.215006959	4.248355712	1.747532613	0.045142697	9.512553022	2.285676682	0.033334859	14.42172381	3.383723806	0.100052416	12.06065744
751	7.974328091	-1.5077E-31	90.58311388	16.86307932	1.381834669	27.83952732	65.66409141	6.762413531	79.02125983	2.171792481	0.21602706	4.248355712	1.749348072	0.045175638	9.521765096	2.287848114	0.03337571	14.42945293	3.389512506	0.100477672	12.07146683
752	7.948847032	-1.51492E-31	90.55797513	16.85591312	1.386714362	27.8254572	65.6863554	6.790694484	79.029375	2.17241093	0.217051678	4.248355712	1.751160111	0.045229929	9.525317534	2.290015771	0.033563008	14.43717381	3.395297634	0.10090461	12.08224002
753	7.923470527	-1.53524E-31	90.53259721	16.84873159	1.391609265	27.82261557	65.70854468	6.819081473	79.03533985	2.173026853	0.217862182	4.248355712	1.752966841	0.045268477	9.529010444	2.292180324	0.033764802	14.4448553	3.401079185	0.101333237	12.09298034
754	7.898198189	-1.31213E-31	90.49680724	16.84153337	1.396519408	27.81310653	65.73065947	6.847574836	79.04130077	2.173640261	0.218295467	4.248355712	1.754769199	0.045525374	9.532538134	2.294342358	0.033876807	14.45247027	3.406857153	0.10176376	12.10370346
755	7.873029638	-1.31371E-31	90.4572596	16.83431747	1.401444825	27.79985328	65.75270007	6.876174913	79.04725777	2.174251163	0.218729215	4.248355712	1.756567522	0.045677901	9.53605926	2.296502606	0.033893427	14.48021157	3.412631533	0.102196307	12.11440941
756	7.847964501	-1.38761E-31	90.41745707	16.82709172	1.406385548	27.7836806	65.77466765	6.904882041	79.0536784	2.174859568	0.219163425	4.248355712	1.75836363	0.04573979	9.539573837	2.298650609	0.033987459	14.48452729	3.418402319	0.102630571	12.12509821
757	7.82300241	-1.44749E-31	90.37750578	16.81984883	1.406078322	27.77509303	65.79656311	6.931815354	79.06014577	2.175465486	0.219598097	4.248355712	1.760158545	0.045769226	9.543178972	2.30079211	0.034090285	14.48884128	3.424169508	0.103066627	12.13576988
758	7.798143015	-1.58003E-31	90.33740525	16.81258256	1.41094425	27.75818249	65.81838685	6.95492481	79.07204866	2.176068926	0.220385898	4.248355712	1.761953283	0.045798636	9.546671823	2.302932275	0.034232996	14.49315353	3.429933093	0.103566958	12.14642446
759	7.773385969	-1.64621E-31	90.29715501	16.80529945	1.415826823	27.74472991	65.84013844	6.978100827	79.08081027	2.176669896	0.221345301	4.248405731	1.763745374	0.045828018	9.550030718	2.305067813	0.034354953	14.49746401	3.435693067	0.104070012	12.15700042
760	7.748730926	-1.61235E-31	90.25675459	16.79800261	1.420726095	27.73175552	65.86181794	7.001343576	79.09217989	2.177268405	0.222309668	4.2549916	1.765532297	0.045857432	9.551855617	2.307198396	0.034399827	14.50177271	3.441449425	0.104576076	12.1675026
761	7.724177548	-1.66614E-31	90.21620351	16.79068635	1.425642122	27.71878586	65.88342631	7.028167619	79.105572	2.177864463	0.223277961	4.25499177	1.767316815	0.045887993	9.553679093	2.309326346	0.034414611	14.50629286	3.447202164	0.105084471	12.17798774
762	7.699725508	-1.44678E-31	90.17550129	16.78335034	1.430574961	27.70544619	65.90496375	7.058600506	79.11447077	2.178458077	0.224250196	4.254991932	1.769099209	0.046101795	9.555501141	2.311451839	0.034430862	14.51393192	3.452951275	0.105595206	12.18845589
763	7.675374482	-1.55875E-31	90.1346384	16.77599596	1.435524668	27.69191713	65.92643094	7.08915312	79.12007729	2.179049256	0.225226389	4.254992086	1.770878151	0.046206122	9.557321755	2.313574458	0.034449309	14.52156284	3.458696754	0.106108292	12.19890705
764	7.651124152	-1.75211E-31	90.09358864	16.76862441	1.440491297	27.68048231	65.94782772	7.119825868	79.1254952	2.179638009	0.226094077	4.254992233	1.772655165	0.046283689	9.567745084	2.315691948	0.034586424	14.52918564	3.464438593	0.106623739	12.20934127
765	7.626974203	-1.60569E-31	90.05238598	16.76123545	1.445474907	27.67101941	65.96915386	7.150619158	79.13132594	2.180224343	0.226699242	4.254992373	1.774430266	0.04634904	9.571538097	2.317805093	0.034635087	14.53680032	3.470176788	0.107141557	12.22018895
766	7.602924325	-1.41844E-31	90.01102994	16.75382727	1.450475553	27.66154311	65.99040933	7.180378452	79.13693053	2.180808267	0.227368996	4.255760152	1.776202729	0.046519034	9.589071246	2.319916743	0.034652049	14.5444069	3.475911334	0.107661756	12.23358904
767	7.578974208	-1.34946E-31	89.96952004	16.74640595	1.455493293	27.64351053	66.01159383	7.206654261	79.14252824	2.181389789	0.228300306	4.255765101	1.777970341	0.046664641	9.611375438	2.322023653	0.034668993	14.55200537	3.481642226	0.108184483	12.24696544
768	7.55512354	-1.45658E-31	89.9278558	16.73897528	1.448311453	27.62865602	66.03270743	7.234628822	79.14811906	2.181968917	0.229235208	4.255884168	1.779731931	0.046698221	9.626243543	2.324123435	0.03468761	14.55959575	3.487369465	0.108709862	12.26031818
769	7.531372017	-1.52561E-31	89.88603673	16.73152586	1.453498733	27.62955952	66.05375098	7.265682009	79.15370302	2.18254566	0.230175817	4.255895647	1.781491319	0.046726844	9.629517729	2.326221118	0.034720874	14.56717805	3.493093046	0.10923766	12.27364732
770	7.507719338	-1.56467E-31	89.85841624	16.72406878	1.458792065	27.61688095	66.07472422	7.296860461	79.15966193	2.183120025	0.231131613	4.256876249	1.783245866	0.046754789	9.636486368	2.328308797	0.03484874	14.57475227	3.49881297	0.109767888	12.28695288
771	7.484165194	-1.62064E-31	89.81805429	16.71660097	1.460555949	27.60313706	66.095627	7.328164653	79.16673495	2.183692021	0.232091141	4.256883653	1.784995213	0.04678271	9.672415753	2.330390356	0.034978172	14.58231843	3.504529237	0.110296412	12.30023492
772	7.460709275	-1.73418E-31	89.77491201	16.7091302	1.464200026	27.59177818	66.11645849	7.359791184	79.17379665	2.184261657	0.233054416	4.258308126	1.786735762	0.04684034	9.683355551	2.332462767	0.035010532	14.61996028	3.510241848	0.110769643	12.31349347
773	7.437351263	-1.76244E-31	89.73160053	16.70164806	1.469579055	27.57818235	66.13721927	7.391601678	79.18085263	2.184828939	0.23397974	4.258329937	1.788473029	0.046931392	9.69901658	2.334528632	0.035158799	14.62951881	3.5159508	0.111064407	12.32672858
774	7.414090861	-1.57821E-31	89.68811925	16.69414788	1.475027911	27.56336259	66.1579111	7.423540739	79.18790288	2.185393877	0.234983181	4.258351087	1.790207232	0.046980318	9.705348432	2.336592966	0.035264568	14.63729139	3.521656089	0.111549357	12.33994028
775	7.390927777	-1.50003E-31	89.64446756	16.68662877	1.480496663	27.54933722	66.17853404	7.45563787	79.19354014	2.185956479	0.235947851	4.258361809	1.791938459	0.047077732	9.710956288	2.338656763	0.03527709	14.7044974	3.527357709	0.112081411	12.35270047
776	7.367861714	-1.38734E-31	89.60064483	16.67909459	1.485985381	27.5360644	66.19908716	7.483096599	79.19863411	2.186516752	0.236914567	4.258364375	1.793667366	0.047361493	9.716489055	2.340716764	0.035289601	14.74323528	3.533055653	0.112616722	12.36166309
777	7.344892367	-1.41712E-31	89.55665046	16.67154635	1.491494137	27.5285531	66.21957132	7.504099023	79.20319051	2.187074704	0.237888868	4.258366886	1.795393276	0.047536833	9.722015681	2.342772073	0.035302102	14.7494553	3.538749917	0.11315447	12.37515611
778	7.322019438	-1.52221E-31	89.51248383	16.66398445	1.497023001	27.50927067	66.23998666	7.525148286	79.2091267	2.187630345	0.238873225	4.258369345	1.797115862	0.047609136	9.727536172	2.344822744	0.035314592	14.75545352	3.544440498	0.113647085	12.38967345
779	7.299242618	-1.56173E-31	89.46814433	16.65640617	1.495494782	27.49588359	66.26033323	7.542612313	79.21746929	2.188183681	0.239861414	4.258371753	1.798835287	0.04763382	9.733050536	2.346871618	0.035329003	14.7614456	3.550127394	0.114170162	12.40416894
780	7.276561606	-1.53924E-31	89.42363132	16.64881076	1.492297116	27.4898241	66.28061142	7.559475205	79.22580482	2.188734722	0.24085345	4.25837411	1.800552813	0.047658493	9.73855878	2.34891808	0.035358615	14.76743154	3.555810599	0.114730372	12.41946304
781	7.25397609	-1.52582E-31	89.3789442	16.6412063	1.492300527	27.47860334	66.3008213	7.576362828	79.2354531	2.189283475	0.241849349	4.258376418	1.802266647	0.047685462	9.744060909	2.35095608	0.035364261	14.77341136	3.561490111	0.115293156	12.43353612
782	7.23148576	-1.53907E-31	89.33408234	16.63358523	1.495761633	27.46287751	66.32096292	7.593275206	79.24370597	2.189829949	0.242849123	4.261548756	1.803978375	0.047757965	9.763500037	2.352991843	0.035491378	14.81961246	3.567165925	0.115749978	12.44822892
783	7.209090304	-1.55214E-31	89.2890451	16.62594954	1.501115601	27.44716069	66.3410356	7.610212366	79.2507691	2.190374152	0.243852789	4.261548756	1.805685626	0.047805984	9.766788931	2.355026742	0.035575041	14.82557365	3.572838036	0.116200369	12.46272992
784	7.186789404	-1.76487E-31	89.24383188	16.61830497	1.506490489	27.44130342	66.36103983	7.631674067	79.25866102	2.190916093	0.244855358	4.261548756	1.807388345	0.047831959	9.776511419	2.357054916	0.035597088	14.83103143	3.578506443	0.116675398	12.49143181
785	7.164582745	-1.7166E-31	89.19844203	16.61064685	1.511943517	27.43248946	66.38097647	7.662481919	79.26573836	2.19145578	0.245859438	4.261548756	1.80908867	0.047857906	9.798313454	2.359078344	0.035643146	14.83648357	3.58417114	0.117210575	12.51437253
786	7.142470011	-1.98787E-31	89.15287493	16.60297605	1.517512652	27.4170338	66.40084586	7.69361292	79.2734771	2.191993221	0.246871678	4.261548756	1.810786247	0.047883825	9.805583316	2.361096484	0.035723837	14.84193008	3.589832124	0.117723506	12.5283542
787	7.120450888	-1.86411E-31	89.10742099	16.59528696	1.510559316	27.41631617	66.4206485	7.716025385	79.28138283	2.192528424	0.247891334	4.261548756	1.812482355	0.047911053	9.825808157	2.363113488	0.035804144	14.84737096	3.595489389	0.118238634	12.55386953
788	7.098525063	-1.95903E-31	89.06261999	16.58757775	1.500105572	27.42435923	66.44038477	7.73750048	79.2868243	2.193061398	0.249023819	4.261548756	1.814178137	0.047958181	9.836522812	2.365129951	0.03588329	14.85280622	3.60114293	0.118713996	12.57913269
789	7.076692221	-1.80639E-31	89.01804843	16.57985274	1.504349171	27.40399667	66.4600548	7.759022993	79.29383456	2.193592151	0.250210084	4.261548756	1.815872326	0.048191911	9.840136402	2.367143022	0.035962549	14.85823586	3.606792741	0.119210002	12.60183005
790	7.054952044	-1.84092E-31	88.98326724	16.5721124	1.509054502	27.38361957	66.47965859	7.787179063	79.30100465	2.19412069	0.251401653	4.262531108	1.817563816	0.048318127	9.843746073	2.369153641	0.036042456	14.86365989	3.612438819	0.119566322	12.61478212
791	7.033304213	-1.73265E-31	88.94839499	16.5643571	1.51231663	27.36258832	66.49919654	7.817032648	79.30754435	2.194647025	0.252598549	4.262531108	1.819254029	0.048342123	9.847351828	2.371159934	0.036124211	14.86907832	3.618081162	0.120034173	12.62749506
792	7.011748409	-1.86536E-31	88.91343148	16.55658306	1.499423515	27.34370326	66.51866896	7.847125476	79.31408767	2.195171163	0.253800793	4.262531108	1.820943558	0.048368727	9.863186939	2.373165084	0.036206087	14.8982912	3.623719765	0.12037398	12.64012028
793	6.990284319	-1.70612E-31	88.87837653	16.54879136	1.504812758	27.33478362	66.53807595	7.872624063	79.32095147	2.195693112	0.255008406	4.262531108	1.822632558	0.048404645	9.868018143	2.375168078	0.036288085	14.90402879	3.629354623	0.120818264	12.652692
794	6.968911619	-1.61918E-31	88.84159506	16.54098773	1.503226476	27.32641946	66.55741707	7.901001082	79.32840732	2.196212882	0.25622141	4.267324077	1.824319089	0.048536082	9.87999832	2.377165878	0.036339384	14.92159826	3.634985733	0.121239674	12.66523853
795	6.947629989	-1.63705E-31	88.79679597	16.53316927	1.508192974	27.31467413	66.57669194	7.932469745	79.33583245	2.196730478	0.257439827	4.267333493	1.826002824	0.048718341	9.884816046	2.379162409	0.03642503	14.92619379	3.640613093	0.121706472	12.67777334
796	6.926439108	-1.62984E-31	88.75153652	16.52533221	1.511755023	27.30286749	66.5959015	7.964342282	79.34282664	2.197245911	0.258663678	4.267342609	1.827685856	0.048744637	9.888275441	2.381158721	0.036484062	14.93077987	3.646236699	0.122175061	12.69029644
797	6.905338662	-1.67473E-31	88.70603769	16.5174757	1.508261653	27.29578165	66.61504631	7.996404883	79.3498152	2.197759187	0.259892985	4.273061484	1.829368598	0.04878145	9.891730615	2.383155003	0.036498229	14.93535651	3.651856544	0.12264531	12.70280784
798	6.884328331	-1.71684E-31	88.66036799	16.50960648	1.504777495	27.28860304	66.63412583	8.023012065	79.3541945	2.198270315	0.26112777	4.273406221	1.831047251	0.048810328	9.895181574	2.385149175	0.036513073	14.93992373	3.657472625	0.123117224	12.71530756
799	6.863407792	-1.79135E-31	88.6115801	16.50172153	1.508053455	27.28182209	66.65314027	8.047395666	79.35970445	2.198779303	0.261972796	4.273728855	1.832723792	0.04883919	9.898628323	2.387142371	0.036622153	14.94448155	3.663084936	0.12359081	12.7277956
800	6.842576725	-1.80351E-31	88.56129363	16.49381896	1.512914653	27.27552489	66.67209058	8.071321239	79.36472967	2.199286159	0.262565844	4.274041203	1.83439933	0.048868038	9.90398182	2.38913477	0.036828059	14.94903	3.668693475	0.124066073	12.74021611
801	6.821834813	-1.67955E-31	88.51080179	16.48590111	1.517790197	27.26808595	66.6909771	8.092977639	79.36847884	2.199790889	0.26315975	4.274343589	1.836072442	0.048896872	9.913556971	2.391125414	0.036911872	14.95356909	3.674298236	0.124543018	12.75261759
802	6.801181733	-1.63634E-31	88.46010383	16.47797637	1.52268012	27.26064918	66.70979931	8.120846195	79.3724885	2.200293504	0.263754515	4.274656113	1.837739013	0.048925692	9.926514451	2.393110857	0.036945204	14.95809884	3.679899216	0.125021651	12.7651898
803	6.78061716	-1.59391E-31	88.40919902	16.47004131	1.527584453	27.25321458	66.72855693	8.154019811	79.38044324	2.200794009	0.264678472	4.274939511	1.839400515	0.049060297	9.932480663	2.395093667	0.036969226	14.96261927	3.685496411	0.125501978	12.77763126
804	6.76014076	-1.62378E-31	88.35808659	16.46210634	1.528691444	27.24031628	66.74724881	8.186694373	79.38839205	2.201292414	0.265750497	4.275213863	1.841054781	0.049311559	9.935061269	2.397067075	0.03699258	14.9671304	3.691089822	0.125984004	12.7900611
805	6.739752207	-1.87407E-31	88.30676581	16.45415976	1.533472775	27.2396795	66.76587656	8.218605555	79.39633493	2.201788727	0.266826634	4.275268042	1.842706252	0.049383172	9.942226689	2.399037051	0.037015923	14.97163226	3.696679448	0.126321069	12.80233293
806	6.719451183	-1.78216E-31	88.25547222	16.44619843	1.537585799	27.2591518	66.78444203	8.250630565	79.40426089	2.202282954	0.267915625	4.275268144	1.844354321	0.049407431	9.944870242	2.401005798	0.037039252	14.97612485	3.702265286	0.126788884	12.81316599
807	6.699237375	-1.85213E-31	88.21305732	16.43822188	1.536573605	27.2448169	66.8029448	8.282769766	79.4080727	2.202775105	0.269014858	4.275268243	1.846000071	0.049431664	9.947465171	2.402973441	0.037092693	15.00598136	3.70784733	0.127385609	12.82397811
808	6.67911047	-1.79179E-31	88.17050703	16.43022956	1.541733411	27.23110737	66.82138511	8.315023526	79.41150421	2.203265185	0.270118346	4.27549136	1.847645341	0.049452278	9.950513309	2.404938764	0.037128019	15.02015797	3.713425576	0.127934609	12.83476932
809	6.659070151	-2.07173E-31	88.127821	16.42222894	1.546910757	27.21698026	66.83976277	8.34739221	79.41715404	2.203753203	0.270922493	4.275503768	1.849287405	0.049472113	9.954466519	2.406897508	0.037222767	15.0269235	3.71900002	0.128427198	12.84553968
810	6.639116095	-1.73955E-31	88.08499886	16.41421199	1.552202652	27.21173195	66.85807848	8.38006764	79.42403778	2.204239167	0.271678866	4.275509588	1.850928351	0.049491918	9.957878334	2.408855255	0.037317714	15.03313385	3.724570658	0.128921874	12.85628921
811	6.61924799	-2.18494E-31	88.04204024	16.40618122	1.554696738	27.21567943	66.8763322	8.412912085	79.4308357	2.204723084	0.272436963	4.275515222	1.852566076	0.049511693	9.960432525	2.410811948	0.037412861	15.03934009	3.730137485	0.129421629	12.86701796
812	6.599465512	-2.10877E-31	87.99894476	16.39813897	1.548915825	27.2043362	66.89452335	8.440438486	79.43785448	2.205204962	0.27358169	4.275520676	1.854199406	0.049535773	9.966567857	2.412767298	0.03750259	15.04554221	3.735700498	0.130084721	12.87772597
813	6.579768332	-2.17978E-31	87.95571208	16.39008668	1.549191791	27.1919032	66.91265247	8.466852878	79.44475052	2.205684809	0.274777941	4.275525956	1.855827696	0.04958438	9.970799299	2.414720315	0.037525002	15.05174022	3.741259694	0.130769772	12.88841328
814	6.560156131	-2.00456E-31	87.90789549	16.38202016	1.554342308	27.17953572	66.93071993	8.493335558	79.45164055	2.206162632	0.275978874	4.275531068	1.857453802	0.049658469	9.981870323	2.416672278	0.0375474	15.05793412	3.746815072	0.131189659	12.89950372
815	6.540628586	-1.98762E-31	87.85948303	16.37394277	1.559560981	27.17884897	66.94872611	8.51988666	79.45845386	2.20663844	0.27718686	4.275536016	1.859076268	0.049687556	10.00204142	2.418621197	0.037569783	15.06412392	3.752366629	0.131594485	12.91323304
816	6.521185367	-2.09934E-31	87.81089069	16.36585315	1.565028019	27.16992554	66.96667171	8.546506314	79.46250954	2.20711224	0.277643434	4.275540806	1.860695007	0.049716623	10.01666601	2.420568164	0.037592151	15.07030961	3.757914364	0.132001244	12.93879567
817	6.501826151	-2.05621E-31	87.76211786	16.35774708	1.57051308	27.1564935	66.98455696	8.573194653	79.46484939	2.207584039	0.278090553	4.275545443	1.862313547	0.049745669	10.01998865	2.42251395	0.037615648	15.0764912	3.763458272	0.132504197	12.95150756
818	6.48255061	-2.03862E-31	87.71316392	16.34962558	1.576016215	27.14731497	67.00238182	8.607355876	79.46796122	2.208053847	0.278899719	4.275549933	1.863931601	0.049909398	10.04212236	2.424458192	0.037642397	15.0826687	3.768998349	0.132989805	12.96420687
819	6.463358409	-1.99138E-31	87.66402823	16.34149435	1.581537474	27.14014167	67.02014633	8.642947659	79.47528266	2.20852167	0.280015121	4.275554278	1.865546867	0.050051692	10.06415223	2.426397783	0.037790734	15.08884211	3.774534593	0.133445434	12.97663343
820	6.444249208	-2.07765E-31	87.61471019	16.3333597	1.587076908	27.13277802	67.03785051	8.678674983	79.49147614	2.208987518	0.281149549	4.275558485	1.867158955	0.050171297	10.068776	2.428327102	0.03786452	15.09501142	3.780067004	0.133954468	12.98893655
821	6.425222663	-2.07129E-31	87.56520916	16.32521555	1.592634569	27.12343228	67.05549456	8.714538305	79.4997692	2.209451398	0.28229461	4.275562558	1.868769282	0.050269045	10.06971562	2.430250964	0.037924871	15.10117664	3.785595578	0.134586018	13.00122832
822	6.406278431	-2.18287E-31	87.51552452	16.31706035	1.586108696	27.10291594	67.07307871	8.750538084	79.50808926	2.20991332	0.283444068	4.275566501	1.870377442	0.050288059	10.07063319	2.432171435	0.038101121	15.10733778	3.791120315	0.135277123	13.01350875
823	6.387416166	-2.2072E-31	87.46565563	16.30889432	1.575260377	27.11145998	67.09060259	8.786674778	79.51520879	2.21037329	0.284597938	4.275570317	1.871983491	0.050307117	10.07154855	2.43408893	0.03812707	15.11349484	3.796641215	0.135838174	13.02924177
824	6.368635517	-2.2172E-31	87.41560188	16.30072096	1.580634063	27.1083401	67.10806674	8.822948848	79.52665666	2.210831319	0.285756238	4.275574012	1.873587516	0.050326799	10.07246172	2.435999673	0.038175666	15.11964781	3.802158275	0.1364014	13.04513621
825	6.349936128	-2.2837E-31	87.36536263	16.29253986	1.581826529	27.10207701	67.12547148	8.859360755	79.53799776	2.211287414	0.286918982	4.275577589	1.875190436	0.050436246	10.08465409	2.43790318	0.038326214	15.12579671	3.807671495	0.136966807	13.0609895
826	6.33131764	-2.37428E-31	87.31493724	16.28434502	1.587213629	27.09026734	67.14281727	8.895910962	79.54891278	2.211741585	0.288086189	4.275581052	1.876792745	0.050465374	10.08877079	2.439804869	0.038460864	15.13194153	3.81318087	0.137534403	13.07680176
827	6.312779687	-2.31699E-31	87.26432508	16.27614281	1.592618536	27.08257813	67.16010377	8.932599931	79.55485714	2.212193841	0.289257873	4.275584404	1.878390006	0.050494467	10.09279212	2.441703483	0.038623914	15.13808228	3.818686398	0.138104196	13.09257309
828	6.294321899	-2.29725E-31	87.21333985	16.26792707	1.598041306	27.06719495	67.17733172	8.969428126	79.56078642	2.21264419	0.290434051	4.277017218	1.879985467	0.050523858	10.09487566	2.443601573	0.038759689	15.15237599	3.824188078	0.138676193	13.10845343
829	6.275943906	-2.35245E-31	87.16202446	16.25970059	1.601728284	27.05379647	67.19450037	9.006396014	79.56886025	2.213092642	0.291679212	4.279999	1.881577913	0.050553423	10.10114909	2.445498677	0.038788174	15.17213686	3.829685908	0.139250404	13.12437585
830	6.257645329	-2.53945E-31	87.11051755	16.25146234	1.603519321	27.04273927	67.21161063	9.043504059	79.57300296	2.213539207	0.293004111	4.280117104	1.883168884	0.050582954	10.10453291	2.447393722	0.038816636	15.19175153	3.835179884	0.139826835	13.14016826
831	6.239425789	-2.53496E-31	87.05881846	16.2432128	1.595168634	27.03168662	67.22866245	9.080752728	79.57854785	2.213983894	0.294334765	4.280231434	1.884757105	0.050612451	10.10791243	2.449287956	0.038845075	15.21121655	3.840670006	0.140405495	13.15282951
832	6.2212849	-2.53527E-31	87.00692653	16.23495103	1.585449458	27.0166634	67.24565633	9.118142491	79.58444054	2.214426712	0.29516576	4.280342111	1.886343738	0.050641915	10.11128767	2.451181021	0.038873492	15.23052629	3.84615627	0.140793964	13.16408973
833	6.203222269	-2.55112E-31	86.9548411	16.22667668	1.588239543	27.0100068	67.2625927	9.155673815	79.59028821	2.214867671	0.296351769	4.281407905	1.887928502	0.050723759	10.11465863	2.453073496	0.038904416	15.2496925	3.851638674	0.14110997	13.17533444
834	6.1852375	-2.56026E-31	86.9025615	16.21839514	1.593311907	26.9990343	67.27947195	9.193531452	79.59613157	2.215306782	0.297555875	4.282554361	1.889511265	0.050956517	10.11802532	2.454960153	0.038936335	15.26871608	3.857117216	0.141302523	13.18654305
835	6.167330185	-2.53864E-31	86.85008706	16.21010691	1.598462861	26.98806626	67.29629463	9.231592385	79.60197062	2.215744054	0.298764591	4.283678867	1.891092691	0.050986341	10.12138774	2.456839628	0.039038798	15.2778708	3.862591896	0.141727651	13.19767985
836	6.149499912	-2.38932E-31	86.79741713	16.20180846	1.603629817	26.97729533	67.31306133	9.269357523	79.60722497	2.216179499	0.299977936	4.283910107	1.892672551	0.051212092	10.12481639	2.458715528	0.039204021	15.28430013	3.868062712	0.142037638	13.2088018
837	6.131746268	-2.46338E-31	86.74455103	16.19350234	1.608812821	26.96476598	67.32977229	9.305375193	79.61164345	2.216613125	0.301321307	4.28395383	1.894249961	0.051292868	10.12869202	2.460586352	0.03929943	15.29071972	3.873529662	0.142358016	13.21990892
838	6.114068832	-2.47318E-31	86.6890803	16.1851862	1.614011918	26.95251101	67.34642768	9.341520797	79.61615458	2.217044945	0.302716954	4.283996207	1.895824824	0.051526185	10.13206668	2.462454771	0.039325148	15.29712959	3.878992745	0.143019982	13.23100122
839	6.096467177	-2.53483E-31	86.62822947	16.17686347	1.619227153	26.94454992	67.36302727	9.377794736	79.62544365	2.217474969	0.304118566	4.284037279	1.897394927	0.051744091	10.13540705	2.464320235	0.03935085	15.30352975	3.884451959	0.143739453	13.24207874
840	6.078940872	-2.44394E-31	86.57088118	16.16852959	1.616586111	26.93376297	67.37957178	9.414197412	79.63143984	2.217903208	0.305526162	4.284059275	1.898962743	0.05176358	10.15063449	2.466184503	0.039376536	15.30992021	3.889907307	0.144470454	13.25314148
841	6.061489479	-2.41569E-31	86.52460738	16.16018964	1.615592423	26.92298035	67.39606192	9.450729227	79.63743152	2.218329672	0.306939765	4.284074088	1.90052599	0.051783043	10.15978397	2.468044513	0.039402206	15.32363908	3.895358788	0.145094498	13.26427717
842	6.044112558	-2.30994E-31	86.47812919	16.15184298	1.613532546	26.91203778	67.41249775	9.487390584	79.64365844	2.218754373	0.308157609	4.28408837	1.902084845	0.05180367	10.16184419	2.4699011	0.03942786	15.37002843	3.9008064	0.14565035	13.27747582
843	6.026809661	-2.31523E-31	86.42446614	16.14348503	1.618598121	26.90110042	67.42887983	9.524181886	79.65037615	2.219177324	0.309257741	4.284102139	1.903641571	0.051828534	10.16390132	2.471756437	0.039453498	15.37532247	3.906250141	0.146208172	13.29065472
844	6.009580346	-2.38438E-31	86.37060564	16.13511494	1.623737658	26.89065844	67.44520859	9.561103538	79.6570507	2.219598533	0.310361315	4.284115414	1.905196445	0.051861259	10.16595536	2.47361113	0.039479121	15.41523205	3.911690011	0.146767971	13.30381391
845	5.992424162	-2.48705E-31	86.31654704	16.12673158	1.628892415	26.87989311	67.46148448	9.597877795	79.66372173	2.220018015	0.311468341	4.284128214	1.906750563	0.052071994	10.16800633	2.475465194	0.039504727	15.43168929	3.917126007	0.147329753	13.31730791
846	5.975340662	-2.5367E-31	86.26228965	16.11833458	1.634062428	26.87736646	67.47770783	9.623266616	79.66948209	2.220435779	0.312578827	4.284140555	1.908304052	0.052102464	10.17005422	2.477318966	0.039530318	15.43739091	3.922558125	0.147874302	13.33159878
847	5.958329391	-2.44909E-31	86.20783283	16.10992795	1.639247735	26.87275085	67.4938788	9.644158008	79.67654738	2.220851837	0.313581053	4.284152455	1.909854901	0.052132903	10.17209905	2.479170753	0.039555892	15.4430858	3.927986364	0.148442613	13.3458743
848	5.941389888	-2.53393E-31	86.15317591	16.10151804	1.644448374	26.86210056	67.5099973	9.665079618	79.68360369	2.221266202	0.314809104	4.284163929	1.911400283	0.052163311	10.17414081	2.481017566	0.039583978	15.44848223	3.93341072	0.149003209	13.36013446
849	5.924521693	-2.36259E-31	86.09831821	16.09310251	1.647262827	26.85484162	67.52606384	9.68603147	79.68883036	2.221678884	0.316115246	4.284174993	1.912941405	0.052198382	10.17617952	2.482860471	0.039619187	15.45384583	3.938831194	0.149456894	13.3743793
850	5.907724347	-2.28559E-31	86.04325641	16.08467572	1.65145194	26.85298218	67.54207912	9.70701359	79.69094037	2.222089897	0.317386344	4.284185662	1.914481367	0.052408173	10.17821518	2.484701773	0.039704272	15.51009376	3.944247783	0.149938477	13.38860062
851	5.890997394	-2.3443E-31	85.98774427	16.0762383	1.656598453	26.8422625	67.55804354	9.728026	79.69560312	2.22249925	0.318662257	4.28419595	1.916019142	0.052651762	10.18024778	2.486541883	0.039781822	15.53622135	3.949660485	0.150647637	13.40278094
852	5.874340376	-2.46962E-31	85.93202719	16.06779413	1.653422368	26.83588832	67.57395674	9.749068724	79.70142985	2.222906957	0.319943004	4.284205871	1.917554427	0.052692075	10.18431766	2.488378074	0.039931096	15.59016629	3.955069299	0.151361508	13.41694581
853	5.857752837	-2.22722E-31	85.8761045	16.05934051	1.64750943	26.82005396	67.58981928	9.778427801	79.70725229	2.223313028	0.3212286	4.284215438	1.919088673	0.052743938	10.18705372	2.490211444	0.040140365	15.61008695	3.960474226	0.152074574	13.43109525
854	5.841234328	-2.02918E-31	85.81997551	16.05087947	1.641617826	26.80031424	67.6056318	9.818295113	79.71307045	2.223717476	0.322519065	4.284224663	1.920621518	0.052775061	10.18944212	2.492040143	0.040320012	15.6327137	3.965875265	0.152790708	13.44417723
855	5.824784399	-2.11922E-31	85.76363952	16.04240976	1.635747478	26.78058195	67.62139479	9.858315797	79.71888433	2.224120311	0.323814414	4.284233561	1.922153974	0.05280617	10.19155933	2.493864353	0.04039509	15.64408431	3.971272416	0.153509918	13.45508906
856	5.808402605	-2.10247E-31	85.71089923	16.03393132	1.631476151	26.76199367	67.63710851	9.898938068	79.72482907	2.224521545	0.325114666	4.284242141	1.923684703	0.052837266	10.19367562	2.49568564	0.040412581	15.66017332	3.976665677	0.154232217	13.465978
857	5.792088503	-2.02713E-31	85.6681386	16.02544834	1.629264113	26.74871974	67.65277321	9.939724394	79.73168408	2.224921189	0.326419837	4.284250416	1.925211406	0.052869362	10.205641	2.497502299	0.040430053	15.67614009	3.982055048	0.154957615	13.47905582
858	5.775841658	-2.01198E-31	85.62527118	16.01695534	1.634326137	26.73760937	67.66838939	9.98066849	79.73853426	2.225319254	0.327729947	4.284258397	1.926736723	0.052904339	10.22095799	2.499317105	0.040447507	15.69198547	3.987440527	0.155686123	13.49771022
859	5.759661644	-2.22708E-31	85.5785159	16.00845292	1.639866067	26.72835462	67.68395749	10.02177092	79.74537962	2.225715751	0.329045011	4.284266094	1.928259297	0.052939294	10.2361925	2.501130789	0.040464943	15.71431458	3.992822112	0.156417751	13.51096407
860	5.743548036	-2.35766E-31	85.51946832	15.99994301	1.645424247	26.71767412	67.69947756	10.06303225	79.75222015	2.226110691	0.330365048	4.284273518	1.929777955	0.052974226	10.25731116	2.502942944	0.040482818	15.72453726	3.998199801	0.157152512	13.52314193
861	5.727500414	-2.51996E-31	85.4601967	15.9914291	1.651000732	26.7088976	67.71494971	10.10445303	79.75905587	2.226504085	0.331690076	4.284280678	1.931291837	0.053009136	10.2670217	2.50475126	0.040502786	15.7404108	4.003573594	0.157890415	13.53530336
862	5.71151836	-2.57868E-31	85.40039194	15.98291218	1.65649022	26.7096184	67.73037385	10.14603385	79.76588677	2.226895942	0.333027951	4.284287584	1.932800805	0.053201365	10.28193765	2.506555371	0.040522746	15.78048232	4.008943492	0.158631472	13.54744838
863	5.695601468	-2.62996E-31	85.36531658	15.97438679	1.660586231	26.69705285	67.74575114	10.18777527	79.77262799	2.227286274	0.334372724	4.284294245	1.93430821	0.053449561	10.29357673	2.50835662	0.040542697	15.80646283	4.014309494	0.159375693	13.55957702
864	5.679749345	-2.68239E-31	85.31816156	15.96585603	1.663962913	26.68425345	67.76108192	10.22967786	79.77933976	2.227675089	0.335722595	4.284300671	1.935812925	0.053484148	10.29650325	2.510153084	0.040562639	15.81592456	4.019671601	0.159939318	13.57168928
865	5.663961602	-2.715E-31	85.25657951	15.95732354	1.669706219	26.67169936	67.776366	10.2717422	79.78604674	2.228062398	0.337077583	4.284306868	1.937313511	0.053507415	10.29942572	2.51194314	0.040595655	15.82392931	4.025029812	0.160358268	13.5837852
866	5.648237856	-2.8534E-31	85.19475786	15.94878592	1.670511885	26.66666251	67.79160323	10.31396884	79.78901455	2.228448211	0.338437706	4.284312847	1.938811505	0.053530669	10.30209066	2.513729154	0.040613183	15.83184898	4.030384126	0.160775852	13.5958648
867	5.632577735	-2.72184E-31	85.13244218	15.94023969	1.67609037	26.66120288	67.80679466	10.35635838	79.79232491	2.228832536	0.339802981	4.284318613	1.940306778	0.053553911	10.30468165	2.515514064	0.040630694	15.83975718	4.035734543	0.16119206	13.6079281
868	5.616980874	-2.88924E-31	85.06941769	15.93168756	1.681686542	26.65148034	67.82194046	10.39891138	79.79854229	2.229215382	0.341173427	4.284324176	1.941799737	0.05357714	10.30727061	2.517294937	0.040756203	15.84844174	4.04108106	0.161606883	13.61997512
869	5.601446912	-2.90141E-31	85.00614637	15.92312678	1.687300448	26.63828075	67.83704115	10.44162844	79.80466345	2.229596759	0.342250445	4.284329543	1.94329066	0.053600759	10.30985751	2.519074062	0.040772213	15.8629836	4.046423677	0.162020312	13.63200588
870	5.585975497	-2.93147E-31	84.94262738	15.91455941	1.692341736	26.62500958	67.85209693	10.48451011	79.81066499	2.229976675	0.343669939	4.28433472	1.944777388	0.053628971	10.31244237	2.520851708	0.0407882	15.90615108	4.05176239	0.162432339	13.64402041
871	5.570566281	-2.89869E-31	84.87885988	15.90598785	1.690890136	26.6116686	67.86710735	10.52755699	79.81433459	2.230355139	0.345256755	4.284339714	1.946259841	0.053773086	10.31502519	2.522626335	0.040806367	15.9544767	4.057097201	0.162842956	13.65601873
872	5.555218922	-2.67843E-31	84.81484304	15.8974093	1.696378593	26.59820729	67.88207287	10.57076966	79.82320633	2.230732158	0.346668806	4.284344532	1.94773923	0.05383535	10.33039163	2.524399413	0.040959457	15.95884985	4.062428109	0.163252156	13.66800085
873	5.539933085	-2.68172E-31	84.75057599	15.88882173	1.701883984	26.60768509	67.89699401	10.61414871	79.82948535	2.231107742	0.348050969	4.28434918	1.949216985	0.053871165	10.35437585	2.526171332	0.041074963	15.96319231	4.067755112	0.163769441	13.67996681
874	5.524708443	-2.83135E-31	84.710016	15.88022997	1.707406356	26.59574506	67.91187091	10.65769471	79.83576025	2.231481898	0.349446865	4.284353664	1.950691233	0.053906967	10.35822859	2.527939343	0.041093716	15.96752896	4.073078209	0.164381239	13.69191662
875	5.509544671	-2.65767E-31	84.67287432	15.8716299	1.711724509	26.5838104	67.92670372	10.70140826	79.84203103	2.231854635	0.350243971	4.284357991	1.952163031	0.053943619	10.36087122	2.529706642	0.041112461	15.97185978	4.0783974	0.164995088	13.70385031
876	5.494441452	-2.74533E-31	84.63566738	15.86302235	1.711025534	26.57188111	67.9414927	10.74528995	79.84828827	2.232225959	0.350990697	4.284362165	1.95363251	0.054010685	10.37628276	2.531472339	0.041131199	15.9761848	4.083712686	0.165610996	13.71576789
877	5.479398473	-2.76947E-31	84.59839513	15.8544076	1.716054483	26.56958832	67.95623899	10.78934036	79.85448637	2.232595878	0.352482285	4.284366193	1.955098513	0.054034788	10.38311794	2.533236485	0.04114993	15.98050402	4.089024063	0.166233387	13.72823706
878	5.464415428	-2.68936E-31	84.5610575	15.84578805	1.72135917	26.5480121	67.9709426	10.83356009	79.869113	2.232964399	0.354052384	4.284370079	1.956559418	0.054106317	10.41251101	2.534998579	0.041168652	15.98481744	4.094331531	0.166861356	13.74079391
879	5.449492014	-2.61221E-31	84.50099437	15.83715797	1.726714897	26.53590105	67.98560405	10.87794973	79.88106397	2.233331531	0.355628866	4.284373828	1.958019265	0.05413384	10.41772223	2.536760076	0.041187368	15.98912507	4.099635088	0.167491515	13.75333209
880	5.434627936	-2.59254E-31	84.43915513	15.8285213	1.73208495	26.52379553	68.00022353	10.92250988	79.887791	2.233697279	0.357211753	4.284377446	1.959476532	0.054161416	10.42170722	2.538518686	0.041206076	15.99342693	4.104934733	0.16812387	13.76581223
881	5.419822906	-2.34248E-31	84.37708143	15.81987703	1.737469351	26.54067463	68.01480127	10.96724113	79.89444357	2.23406165	0.358804416	4.284380937	1.960932646	0.054188975	10.43965239	2.540274033	0.041226828	15.99772302	4.110230464	0.168688672	13.77824886
882	5.405076637	-2.69837E-31	84.31477242	15.81122535	1.74286812	26.52151245	68.02933728	11.01214408	79.89912503	2.234424652	0.360408377	4.284384306	1.962386652	0.054216516	10.4416662	2.542027156	0.041250839	16.00201334	4.11552228	0.169120321	13.7906386
883	5.390388847	-2.73334E-31	84.25222726	15.80256835	1.74828128	26.50236367	68.04383148	11.05721933	79.9038002	2.23478629	0.362018844	4.284387556	1.963836267	0.05424404	10.4435449	2.543778579	0.041403817	16.00629791	4.120810181	0.169738253	13.80300217
884	5.375759258	-2.78855E-31	84.18944508	15.7939007	1.745056442	26.48322827	68.05828455	11.10246748	79.90845873	2.235146572	0.363601831	4.284390693	1.965285406	0.05437034	10.44542107	2.545529355	0.041419213	16.01057673	4.126094165	0.17046007	13.81534722
885	5.361187603	-2.96577E-31	84.12604364	15.78522643	1.74192783	26.47168954	68.07269652	11.14788913	79.91305249	2.235505503	0.365047581	4.28439372	1.966733165	0.054407738	10.44729471	2.547276553	0.041434594	16.01484981	4.131374232	0.171184781	13.82767379
886	5.346673612	-3.06518E-31	84.06222321	15.77655133	1.73813752	26.47810351	68.08706723	11.18977459	79.91853698	2.23586309	0.366498751	4.284396641	1.968177419	0.054556301	10.44916582	2.549016939	0.041449959	16.01911716	4.136650379	0.171912396	13.83998189
887	5.332217027	-2.88411E-31	83.99815971	15.76786616	1.743883368	26.4652968	68.1013977	11.22746504	79.92621369	2.236219339	0.367955361	4.28439946	1.969620584	0.05457526	10.45103439	2.55075659	0.041465309	16.02337879	4.141922608	0.172114021	13.85227157
888	5.317817593	-2.63205E-31	83.93385227	15.75917169	1.749648246	26.45166726	68.11568804	11.26526031	79.9303165	2.236574254	0.369418445	4.284402181	1.971061738	0.054594199	10.45290042	2.552495773	0.041480644	16.02763469	4.147190916	0.172253029	13.86454284
889	5.303475063	-2.89383E-31	83.86930001	15.75046833	1.75543128	26.43334935	68.12993779	11.30316059	79.93439315	2.236927843	0.37089555	4.284404806	1.972501129	0.05461312	10.45476392	2.554234554	0.041495963	16.08020725	4.1524553	0.172390706	13.87679573
890	5.289189194	-3.16725E-31	83.80450205	15.741757	1.756136495	26.41497651	68.14414665	11.34116604	79.93837968	2.237280109	0.37238055	4.28440734	1.973939076	0.054632022	10.46248354	2.555972211	0.041511266	16.11307772	4.15771576	0.172575786	13.88903028
891	5.274959741	-2.78912E-31	83.73945752	15.73304605	1.761204247	26.3997903	68.15831453	11.37927685	79.94226597	2.23763106	0.373871153	4.286248322	1.975371615	0.054650905	10.47572667	2.557704709	0.041526554	16.12026885	4.162972296	0.173392279	13.9012465
892	5.260786462	-2.85513E-31	83.67416552	15.72433009	1.754201094	26.39041703	68.17244219	11.41749319	79.94675063	2.2379807	0.374667899	4.288164002	1.976801002	0.054670626	10.47855036	2.559434647	0.041541827	16.12745176	4.168224908	0.174212723	13.91344443
893	5.246669129	-2.87929E-31	83.60862517	15.71560519	1.748879608	26.38142601	68.18653027	11.45581524	79.95647782	2.238329034	0.375424227	4.288164095	1.978229176	0.054781161	10.48137108	2.561163603	0.041557085	16.13462647	4.173473596	0.175037534	13.92562409
894	5.232607512	-3.02547E-31	83.54283558	15.70687763	1.753840208	26.37219289	68.20057848	11.49424317	79.96402489	2.238676067	0.376181578	4.288277228	1.979653359	0.05480489	10.49559454	2.562888594	0.041572327	16.141793	4.178718358	0.17587361	13.93778552
895	5.218601389	-3.06069E-31	83.47679585	15.69814318	1.758037493	26.36296301	68.21458716	11.53277717	79.96639689	2.239021805	0.376939954	4.289404097	1.981075635	0.054829809	10.50264001	2.564611633	0.041587553	16.15791756	4.183959193	0.176712775	13.94992873
896	5.204650541	-3.27326E-31	83.41050509	15.68940216	1.753788364	26.35262854	68.22855613	11.5714174	79.97056984	2.239366251	0.377699355	4.289407383	1.982495244	0.054894092	10.5273378	2.566333575	0.041668463	16.16238524	4.189196103	0.17755503	13.96205376
897	5.190754751	-3.32131E-31	83.34396241	15.68065565	1.749550916	26.34527778	68.24248549	11.61016403	79.97681881	2.239709411	0.378459783	4.289410583	1.983912827	0.054924119	10.55172191	2.568052785	0.041792791	16.18538923	4.194429087	0.178400377	13.97416063
898	5.176913803	-3.2246E-31	83.27716689	15.67190731	1.74532512	26.33846777	68.25637549	11.64901725	79.98306093	2.240051289	0.379221238	4.289413699	1.985328037	0.05495413	10.56952139	2.569765918	0.041858107	16.19357769	4.199658146	0.179248817	13.98422253
899	5.163127478	-3.31613E-31	83.21011764	15.66315948	1.740618847	26.33082027	68.27022653	11.68797723	79.98935237	2.24039189	0.37998372	4.289416732	1.986740053	0.05498021	10.58077522	2.571471292	0.041878748	16.20055598	4.204883281	0.180100352	13.99384295
900	5.149395569	-3.28641E-31	83.14281376	15.65440515	1.736648887	26.32312202	68.28403896	11.72704413	79.99529032	2.240731219	0.381196621	4.289419685	1.988149639	0.055003747	10.5844747	2.573174969	0.04189938	16.20696754	4.210104491	0.180954983	14.00344965
901	5.13571787	-3.30698E-31	83.07525432	15.64564527	1.732239838	26.30817403	68.29781297	11.76621813	80.00138258	2.241069279	0.382799931	4.292726952	1.989556565	0.055027268	10.58802304	2.574876269	0.041920002	16.21337257	4.215321776	0.181812712	14.01304265
902	5.122094179	-3.2356E-31	83.00743843	15.63688043	1.737066436	26.29145106	68.31154817	11.80549939	80.00747085	2.241406076	0.384409349	4.292726954	1.990960943	0.055081682	10.59156849	2.576575073	0.041940614	16.21977109	4.220535133	0.182530555	14.02262196
903	5.108524292	-3.19972E-31	82.93936516	15.62811228	1.74260975	26.2735718	68.325244	11.8448881	80.01166847	2.241741613	0.385549546	4.292726957	1.992363347	0.055109324	10.59511106	2.578269906	0.041961216	16.22616311	4.225744563	0.182866159	14.03218761
904	5.095008009	-3.31958E-31	82.8710336	15.61933793	1.74816982	26.25567012	68.33890071	11.88438441	80.01806118	2.242075894	0.386488761	4.292726959	1.993763992	0.055136943	10.59865075	2.579963396	0.041981913	16.23254863	4.230950065	0.183082659	14.04173961
905	5.081545129	-3.21939E-31	82.80244284	15.61055681	1.752795019	26.23900577	68.35251886	11.92779002	80.02571172	2.242408924	0.387433977	4.292726962	1.995163415	0.055166188	10.60185674	2.581655227	0.042003778	16.23892765	4.236151638	0.183624319	14.05556463
906	5.068135456	-3.31727E-31	82.73359194	15.60177089	1.756670888	26.2268995	68.36609859	11.97376114	80.03178404	2.242740707	0.388394215	4.295520679	1.996559884	0.055254673	10.6034047	2.583345185	0.042025635	16.24530019	4.241349283	0.184450018	14.07023577
907	5.054778787	-3.06923E-31	82.66447998	15.59297672	1.758899786	26.22170765	68.37964024	12.01988629	80.03785238	2.243071247	0.389355681	4.295682553	1.997955599	0.055287675	10.60736264	2.58503441	0.042047484	16.25166625	4.246542999	0.185279036	14.08488942
908	5.041474927	-3.09924E-31	82.59510604	15.58417574	1.755431822	26.244597	68.39314384	12.06616581	80.04391674	2.243400548	0.390318372	4.295682637	1.999349353	0.055355864	10.60889665	2.58672281	0.042069326	16.25802584	4.251732785	0.186119629	14.0995256
909	5.028223677	-3.01165E-31	82.52546918	15.57536884	1.752584669	26.23580328	68.40660948	12.11260006	80.04997713	2.243728614	0.391282284	4.295682719	2.000741772	0.055461735	10.61041317	2.588408975	0.042119192	16.26437896	4.25691864	0.186969532	14.11414433
910	5.015024835	-2.73348E-31	82.45556848	15.5665586	1.758006485	26.22675118	68.42003735	12.15918939	80.05603355	2.244055449	0.392247414	4.295682798	2.002133503	0.055567752	10.62029213	2.590089705	0.042154969	16.28903832	4.262100562	0.187822803	14.12874563
911	5.001878199	-2.67533E-31	82.38540299	15.55774093	1.763668222	26.21770219	68.43342754	12.20593417	80.062086	2.244381057	0.393701245	4.295682874	2.003524489	0.055596682	10.62411369	2.591769236	0.042169327	16.35656342	4.26727855	0.188679452	14.14345611
912	4.988783566	-2.70245E-31	82.31497178	15.54891841	1.769346625	26.20865634	68.4467802	12.25283473	80.06813448	2.244705442	0.39522632	4.295682949	2.004913749	0.055625257	10.62766036	2.593446033	0.042183677	16.41858865	4.272452602	0.189439585	14.1579934
913	4.975740729	-2.68307E-31	82.24427391	15.54009274	1.765406477	26.19956025	68.46009546	12.29989145	80.07417899	2.245028608	0.396756146	4.295683021	2.00630124	0.055656597	10.63120412	2.595118503	0.042198019	16.42446298	4.277622716	0.190147143	14.16924756
914	4.96274948	-2.52373E-31	82.17330843	15.53126145	1.769207035	26.1902797	68.47337344	12.34710466	80.07828996	2.245350559	0.398290725	4.297374263	2.00768809	0.055818602	10.63474499	2.596788083	0.042212351	16.43031355	4.282788893	0.190857072	14.17993452
915	4.949809611	-2.75783E-31	82.1020744	15.52242607	1.761310618	26.17465439	68.48661432	12.39447471	80.07874586	2.2456713	0.399830065	4.299649536	2.009074052	0.056041274	10.63828295	2.598453518	0.042226675	16.43615936	4.287951132	0.19147147	14.19058513
916	4.93692091	-2.89477E-31	82.03057086	15.51358492	1.753371576	26.13717504	68.49981818	12.44200196	80.07920085	2.245990835	0.401374169	4.301886277	2.010459453	0.056120153	10.64181802	2.600116269	0.042287728	16.44200039	4.293109435	0.191969827	14.20125344
917	4.924083162	-2.93735E-31	81.95879688	15.50473765	1.752280914	26.12866398	68.51298509	12.48968676	80.07965495	2.246309167	0.402923041	4.304085068	2.011843821	0.056159798	10.6453502	2.601777306	0.04244853	16.44783665	4.298263801	0.192469246	14.21194605
918	4.911296152	-3.1354E-31	81.88675148	15.4958844	1.757207121	26.12200179	68.52611514	12.53752945	80.08766196	2.246626301	0.404476688	4.305407387	2.013226938	0.056200129	10.64887948	2.603436835	0.042490352	16.46011384	4.30341423	0.192969729	14.22262498
919	4.898559663	-3.03018E-31	81.81443372	15.48702669	1.762147512	26.12289961	68.53920845	12.58553039	80.09717041	2.246942242	0.406035112	4.305409923	2.014609165	0.05624046	10.65240588	2.605093071	0.042505599	16.46982972	4.308560719	0.193471278	14.23329026
920	4.885873474	-3.00183E-31	81.74184264	15.47816402	1.767417896	26.10678023	68.55226505	12.63368991	80.10664364	2.247256992	0.407598318	4.305410455	2.01598966	0.056309952	10.65592939	2.60674754	0.042520826	16.47604294	4.313703268	0.193973894	14.2439419
921	4.873237363	-3.10356E-31	81.66897727	15.46929591	1.772728269	26.09490008	68.5652851	12.68200837	80.11606756	2.247570558	0.409166311	4.305410968	2.017369069	0.056401782	10.65945001	2.608400116	0.042536032	16.48225073	4.318841877	0.194477579	14.25457991
922	4.860651108	-3.37365E-31	81.59583665	15.46042486	1.778053785	26.08627753	68.57826872	12.7304861	80.12177801	2.247882943	0.410739095	4.305411464	2.018747014	0.056425965	10.66296775	2.610048815	0.042551218	16.48845308	4.323976543	0.195030579	14.26520431
923	4.848114476	-3.51849E-31	81.5224198	15.45155225	1.783394481	26.07634887	68.59121604	12.77912346	80.12514629	2.248194151	0.412316673	4.305411943	2.02012172	0.056450133	10.66648261	2.611694092	0.042566384	16.49465	4.32910727	0.195799303	14.2757349
924	4.83562724	-3.36772E-31	81.44872577	15.44267595	1.772361323	26.06757815	68.60412754	12.82792078	80.12844322	2.248504187	0.41389905	4.305412406	2.021494257	0.056474284	10.6699946	2.613336769	0.04258153	16.5008415	4.334234056	0.196568376	14.28617904
925	4.823189171	-3.51992E-31	81.39318586	15.4337949	1.759303759	26.06182377	68.61700363	12.87687841	80.1317377	2.248813056	0.415486228	4.305412853	2.022865696	0.05649842	10.67350371	2.614976642	0.042597234	16.50702758	4.339356902	0.197337776	14.2923058
926	4.810800041	-3.43845E-31	81.367157	15.42490937	1.746312618	26.05326109	68.62984378	12.92599668	80.13502972	2.249120761	0.417078213	4.305413285	2.02423478	0.05652254	10.67700995	2.616615461	0.042614646	16.51320824	4.344475806	0.19810748	14.29797048
927	4.798459618	-3.39071E-31	81.34112204	15.41602653	1.742240144	26.05393833	68.6426474	12.97527594	80.13955979	2.249427308	0.418675006	4.305413703	2.025598333	0.056546645	10.6840197	2.618250041	0.0426656	16.51938349	4.349590769	0.198877466	14.30362286
928	4.786167668	-3.37956E-31	81.31508102	15.40714622	1.747627978	26.03672448	68.65541477	13.02471653	80.14576718	2.2497327	0.420276613	4.305414107	2.026957117	0.056579751	10.68703104	2.619879732	0.042712968	16.52555334	4.354701794	0.199601836	14.31062246
929	4.773923957	-3.2267E-31	81.28903397	15.39826479	1.753031421	26.0279556	68.66814635	13.07431878	80.15195119	2.250036943	0.421883035	4.305414497	2.028313112	0.05661686	10.6900377	2.621505964	0.042729362	16.53171779	4.359808882	0.200102624	14.32165148
930	4.761728254	-3.10893E-31	81.26298093	15.38938105	1.758450509	26.01764305	68.6808427	13.12408303	80.15812872	2.25034004	0.423494276	4.305414874	2.029666996	0.05665396	10.69303968	2.623128921	0.042786263	16.53787684	4.364912034	0.200604592	14.33266556
931	4.749580329	-2.84851E-31	81.23692191	15.3804985	1.763885281	26.01128324	68.6935039	13.17400962	80.16622658	2.250641997	0.425110339	4.305415238	2.031017508	0.056691051	10.69586614	2.624746519	0.042934481	16.5440305	4.370011248	0.201120192	14.3436647
932	4.737479946	-2.90038E-31	81.21085696	15.37161678	1.769335775	26.00343991	68.70612987	13.22409887	80.17063614	2.250942818	0.426731226	4.30541559	2.032364369	0.056728131	10.69934879	2.626359692	0.043032018	16.55017877	4.375106527	0.201636924	14.35464893
933	4.725426875	-2.82585E-31	81.18478611	15.3627343	1.77480203	25.99496142	68.71872134	13.27435112	80.17699691	2.251242508	0.428356941	4.30541593	2.033709842	0.056765202	10.70282856	2.627967272	0.043054044	16.55632167	4.380197871	0.202154791	14.36561827
934	4.713420882	-3.05141E-31	81.11886746	15.35384788	1.780284083	25.9969511	68.73127859	13.32476671	80.18335111	2.25154107	0.429989095	4.305416259	2.035054223	0.056802264	10.70630544	2.62957208	0.043078819	16.56244572	4.38528528	0.203081865	14.37657273
935	4.701461741	-3.10058E-31	81.04903164	15.34495943	1.785781974	25.98151505	68.74380125	13.37534597	80.189676	2.251838509	0.431622864	4.305416577	2.036395599	0.056839316	10.70977944	2.631174721	0.043199275	16.5685295	4.390368756	0.204036083	14.38751234
936	4.689549217	-2.9728E-31	80.97855907	15.3360714	1.79129574	25.9700871	68.75628936	13.42608922	80.19580307	2.252134831	0.433263077	4.305416884	2.03773271	0.056876358	10.71325056	2.632774189	0.043374262	16.574608	4.395448299	0.2044404	14.39843712
937	4.677683082	-3.00553E-31	80.90785851	15.32717859	1.794735805	25.96442339	68.76874364	13.47699679	80.20189322	2.252430038	0.434908126	4.305417181	2.03906864	0.05691339	10.71768357	2.634372103	0.043554159	16.58068122	4.400523911	0.204845235	14.41200711
938	4.665863111	-3.54605E-31	80.83692945	15.31828091	1.790294921	25.95884441	68.78116423	13.52806901	80.20857442	2.252724137	0.436558014	4.306687698	2.040402943	0.056950413	10.7377227	2.635969069	0.043622315	16.58674917	4.40559559	0.205250588	14.4278398
939	4.654089078	-3.30057E-31	80.76577138	15.30937952	1.795777559	25.94488103	68.79355133	13.57933006	80.21446991	2.253017131	0.438212744	4.306749593	2.041734931	0.056987426	10.75768861	2.637564668	0.043783817	16.59281185	4.410663337	0.205656458	14.44311558
940	4.642360754	-3.3898E-31	80.69438378	15.30047599	1.799284651	25.93662474	68.80590503	13.63102887	80.2207892	2.253309024	0.439872316	4.306760054	2.043064615	0.057024429	10.77042204	2.639157429	0.043817463	16.59886926	4.415727151	0.206062846	14.45654828
941	4.630677913	-3.09168E-31	80.62276614	15.29156997	1.803145033	25.9282659	68.81822504	13.68289566	80.22699261	2.253599822	0.441536732	4.306770167	2.044391421	0.057061423	10.7729685	2.640748801	0.043836906	16.60490897	4.420787032	0.206469753	14.46503036
942	4.619040329	-3.09713E-31	80.55091795	15.28266248	1.808701353	25.92509482	68.83051135	13.73493074	80.23586078	2.253889528	0.443205994	4.306779944	2.045716306	0.057098407	10.7752807	2.642337023	0.043856337	16.6108952	4.42584298	0.206877178	14.47434933
943	4.607447778	-3.09509E-31	80.4788387	15.27375309	1.814275839	25.91534528	68.84276449	13.78713445	80.24481477	2.254178148	0.444880102	4.306789396	2.04703986	0.057135382	10.77758843	2.643921636	0.043875756	16.61687611	4.430894993	0.207569166	14.48696841
944	4.595900033	-3.1805E-31	80.40652788	15.26484018	1.819868541	25.91400141	68.85498465	13.83950711	80.25376093	2.254465686	0.446559059	4.306798534	2.048361373	0.057172346	10.7798917	2.645505003	0.043895163	16.62285172	4.435943073	0.208508636	14.50175875
945	4.584396873	-3.13524E-31	80.33398498	15.25592193	1.825479508	25.90605003	68.8671723	13.89204907	80.26269925	2.254752145	0.448242865	4.306807368	2.049682192	0.057209302	10.78219051	2.647087335	0.043914558	16.62882202	4.440987217	0.209454521	14.51131346
946	4.572938075	-3.07E-31	80.25695945	15.24699961	1.831108789	25.89449915	68.87932757	13.94477159	80.27136077	2.255037532	0.449931521	4.30681591	2.051001647	0.057246247	10.78447829	2.648668134	0.043933941	16.63478703	4.446027427	0.210403776	14.52085117
947	4.561523416	-2.95906E-31	80.17871501	15.2380812	1.836756435	25.88290666	68.89145063	13.99767047	80.27728024	2.255321849	0.451625028	4.30682417	2.052319409	0.057283183	10.80089197	2.650239792	0.043953313	16.64074674	4.451063701	0.211385426	14.53037189
948	4.550152664	-3.01363E-31	80.10019515	15.22916851	1.842422494	25.87009558	68.90354176	14.05073961	80.28326007	2.255605103	0.453323385	4.306832155	2.053634055	0.057320109	10.80160376	2.651801866	0.043972672	16.68334093	4.456096045	0.212404339	14.53973565
949	4.538825598	-2.86527E-31	80.02139917	15.22025405	1.845968596	25.85955845	68.91560116	14.10397935	80.28916362	2.255887297	0.455026595	4.306839877	2.054946918	0.057357026	10.80231389	2.653360516	0.04399202	16.69085419	4.46112446	0.213256182	14.54908222
950	4.527541999	-3.0574E-31	79.94232635	15.2113394	1.841150069	25.84802374	68.92762871	14.15738999	80.2950633	2.256168435	0.456734655	4.306847344	2.056256671	0.057393933	10.80968302	2.654915844	0.044011356	16.69371339	4.466148947	0.21421648	14.55841246
951	4.516301651	-3.15882E-31	79.86297598	15.20242147	1.836344119	25.8369936	68.93962485	14.21097185	80.30095156	2.256448523	0.458447568	4.306854564	2.057563943	0.057430106	10.81194404	2.656470058	0.04403068	16.70601445	4.471169506	0.215180162	14.5677264
952	4.505104341	-3.19311E-31	79.78334734	15.19350005	1.831550714	25.82907665	68.95158984	14.26472526	80.306827	2.256727565	0.460165332	4.306861547	2.058869328	0.057462065	10.81418086	2.658022736	0.044049993	16.71143257	4.476186139	0.216147231	14.57945363
953	4.493949858	-3.32329E-31	79.70343973	15.18457951	1.826769821	25.81696857	68.96352356	14.31865052	80.31269864	2.257005564	0.461887948	4.306868299	2.060171571	0.057494014	10.81918107	2.659571098	0.044069294	16.71475315	4.481198845	0.217117688	14.59354798
954	4.482837988	-3.45922E-31	79.62325244	15.17565598	1.822001407	25.80251455	68.97542607	14.37274795	80.31898232	2.257282525	0.463619588	4.306874829	2.061472616	0.057525953	10.83597706	2.66111719	0.044088582	16.71806925	4.486207627	0.218091536	14.60762049
955	4.471768525	-3.52024E-31	79.54278475	15.16672687	1.817245441	25.79341446	68.98729774	14.42701787	80.32501013	2.257558453	0.465361765	4.306881145	2.062773182	0.057557881	10.84403041	2.66266275	0.044195532	16.72138088	4.491212483	0.219068777	14.6216712
956	4.460741262	-3.48365E-31	79.46203596	15.157797	1.812501889	25.77834858	68.99913878	14.48146057	80.33035359	2.257833352	0.467109276	4.306887253	2.064071897	0.057589798	10.84719793	2.664204291	0.044232993	16.72468803	4.496213413	0.220049412	14.63570014
957	4.44975599	-3.33828E-31	79.38100535	15.14887187	1.807974209	25.76672468	69.01094876	14.53607637	80.33618019	2.258107225	0.468862129	4.30689316	2.065365977	0.057621705	10.84950482	2.665739757	0.044253387	16.72799073	4.501210419	0.221033444	14.6485146
958	4.438812499	-3.31832E-31	79.29969223	15.13995085	1.803486167	25.75443325	69.02272793	14.59086557	80.34070198	2.258380078	0.470620329	4.306898874	2.066656417	0.057653601	10.85180996	2.667268718	0.044299594	16.73128896	4.506203503	0.222020873	14.65844185
959	4.427910586	-3.3907E-31	79.21809589	15.13102847	1.799010168	25.74258408	69.03447646	14.62269812	80.34579422	2.258651915	0.472383886	4.3069044	2.067944392	0.057685487	10.85410165	2.668795512	0.044322535	16.73458275	4.511192666	0.223011703	14.66835592
960	4.417050051	-3.6919E-31	79.13621562	15.12210664	1.794546178	25.73198803	69.04619466	14.65174131	80.35095558	2.258922739	0.474152805	4.306909746	2.069230751	0.057721608	10.85638221	2.670317253	0.044345466	16.73787209	4.516177909	0.224005933	14.67825681
961	4.406230695	-3.56468E-31	79.05405072	15.11318284	1.790094168	25.7212093	69.05788297	14.6808191	80.35573416	2.259192555	0.475927095	4.306914916	2.070515334	0.057767912	10.85866107	2.671836375	0.044368387	16.741157	4.521159232	0.225003565	14.68810285
962	4.395452324	-3.99078E-31	78.97160048	15.10425397	1.785654105	25.70890966	69.0695418	14.70993146	80.3595588	2.259461367	0.477706762	4.309365036	2.071799281	0.057846646	10.86093823	2.673354615	0.044391297	16.74443747	4.526136635	0.226004601	14.69788719
963	4.384714748	-3.84615E-31	78.8888642	15.09531976	1.78013678	25.69738074	69.08117144	14.73907839	80.36336215	2.259729179	0.479491813	4.309383547	2.073082672	0.057883649	10.86321369	2.674872092	0.044414197	16.74771351	4.531110118	0.226849969	14.70765856
964	4.374017779	-4.05895E-31	78.80584119	15.08638089	1.76838334	25.68585699	69.09277184	14.78403513	80.36734284	2.259995995	0.481282255	4.309383547	2.074365451	0.057920644	10.86548746	2.676388373	0.044437087	16.75098514	4.53607968	0.227626714	14.71741699
965	4.363361228	-4.04766E-31	78.72253075	15.07744152	1.757356163	25.67433842	69.10434286	14.84514401	80.37381551	2.260261819	0.483078095	4.309383547	2.075646153	0.057986061	10.86775953	2.677901102	0.044459967	16.75425235	4.541045321	0.22826936	14.72716249
966	4.352744904	-3.80943E-31	78.63893217	15.06849972	1.761380124	25.65960059	69.11588471	14.90647207	80.38183553	2.260526655	0.48487934	4.309383547	2.076925888	0.058013076	10.87002991	2.679411078	0.044482837	16.75751515	4.546007045	0.229115214	14.73689507
967	4.342168623	-3.78375E-31	78.55504476	15.0595571	1.765045636	25.65121956	69.12739722	14.9680198	80.38584073	2.260790506	0.486685996	4.309383547	2.078202516	0.05804008	10.87229859	2.680919182	0.044505696	16.76077355	4.550964854	0.229673138	14.74661475
968	4.3316322	-3.78488E-31	78.47086782	15.05061139	1.758984793	25.63967624	69.13888056	15.02978772	80.38990122	2.261053377	0.48849807	4.309383547	2.07947812	0.05807479	10.87456559	2.682425602	0.044528545	16.76550491	4.555918748	0.230120924	14.75632155
969	4.321135455	-3.53825E-31	78.38640067	15.0416639	1.75428444	25.6259067	69.15033478	15.08612297	80.39405319	2.261315272	0.490315568	4.309383547	2.080751212	0.058120602	10.8768309	2.68393066	0.044551384	16.77137776	4.560868729	0.231049271	14.76601548
970	4.310678207	-3.607E-31	78.3016426	15.03271824	1.750880879	25.61087823	69.1617598	15.13700019	80.40071935	2.261576195	0.492138498	4.309383547	2.082020042	0.05814474	10.87909452	2.685432718	0.044574212	16.77724551	4.565814795	0.231980489	14.77569657
971	4.300260275	-3.6924E-31	78.21659292	15.0237727	1.755858431	25.59565037	69.17315576	15.19807263	80.40211989	2.261836149	0.493966865	4.309383547	2.083285905	0.058181371	10.88135645	2.686932261	0.044597031	16.78310814	4.570756951	0.232914581	14.78536483
972	4.289881485	-3.81161E-31	78.13125096	15.01482726	1.752787277	25.58069102	69.18452297	15.25936469	80.40524985	2.262095139	0.495800675	4.309383547	2.084548961	0.058217992	10.8836167	2.688428986	0.044619839	16.78896567	4.575695198	0.233725288	14.79502028
973	4.279541658	-3.77029E-31	78.04561601	15.0058853	1.757071639	25.56564766	69.19586142	15.32087693	80.4121988	2.262353168	0.497639935	4.309383547	2.085808773	0.058247296	10.88587526	2.689920138	0.044642637	16.79481809	4.580629537	0.234479837	14.81494868
974	4.26924062	-3.80527E-31	77.9596874	14.99694274	1.756372562	25.55055489	69.20717142	15.38260993	80.41824375	2.26261024	0.499484652	4.309383547	2.087066846	0.058263485	10.88813214	2.691408171	0.044665424	16.79948706	4.585559969	0.235233758	14.838335
975	4.258978199	-3.98206E-31	77.87346443	14.98800061	1.746126669	25.54323166	69.21845326	15.44456424	80.42031364	2.262866359	0.501334829	4.309383547	2.088322619	0.058279682	10.89038733	2.692892463	0.044688202	16.80672136	4.590486495	0.235987035	14.84883698
976	4.248754226	-3.73436E-31	77.78694642	14.97905735	1.748791728	25.52803568	69.22970711	15.50674042	80.4260166	2.263121529	0.503190475	4.309383547	2.089576514	0.058365254	10.89264085	2.69437415	0.044710969	16.81257078	4.595409114	0.236739655	14.85896338
977	4.238568534	-3.7764E-31	77.70013269	14.97011014	1.744497926	25.51284885	69.24093312	15.56913903	80.43173261	2.263375754	0.505051595	4.309383547	2.090829532	0.058401725	10.89489268	2.695855098	0.044733726	16.81841519	4.600327827	0.237492368	14.86907439
978	4.228420959	-3.98913E-31	77.61302257	14.96116062	1.747962625	25.49813298	69.2521313	15.63176064	80.43751487	2.263629036	0.506918193	4.309383547	2.09208166	0.058438329	10.89714284	2.697333796	0.044756525	16.82425458	4.605242634	0.238245483	14.87917005
979	4.218311336	-3.72032E-31	77.52549904	14.95221029	1.752417825	25.48652414	69.26330142	15.6946058	80.4432314	2.263881381	0.508790277	4.309383547	2.093330916	0.05847505	10.89939132	2.698811125	0.044779429	16.82918468	4.610153534	0.238997912	14.89113287
980	4.208239503	-3.83178E-31	77.43763012	14.94325618	1.75688394	25.47763692	69.27444382	15.75767506	80.44780753	2.264132791	0.510667852	4.309383547	2.094579455	0.058511761	10.90163813	2.700287719	0.044802322	16.83354969	4.61506053	0.239362087	14.90579508
981	4.198205297	-3.68023E-31	77.349461	14.93430639	1.761556256	25.47135968	69.28555851	15.82107162	80.45473635	2.264383271	0.512550923	4.310708191	2.09582599	0.058548463	10.9038982	2.701756925	0.044825206	16.84230064	4.61996362	0.239371315	14.91403034
982	4.188208551	-3.67502E-31	77.260991	14.92536209	1.742192021	25.46508402	69.2966454	15.88520848	80.46052022	2.264632824	0.514439495	4.310710223	2.097068697	0.058585156	10.91312675	2.703219635	0.044888772	16.84825191	4.624862808	0.239380552	14.92224887
983	4.1782491	-3.84521E-31	77.17221944	14.9164212	1.735419585	25.45880993	69.30770424	15.94957489	80.46626181	2.264881454	0.515798338	4.310710223	2.098308251	0.058621839	10.91584593	2.704677651	0.04494266	16.85404253	4.629758099	0.239389798	14.93045071
984	4.168326785	-3.58921E-31	77.08314562	14.90748202	1.740398753	25.45253741	69.31873508	16.01417141	80.47197282	2.265129164	0.517649351	4.310710223	2.099544211	0.05866019	10.92298626	2.706133252	0.045063401	16.85982801	4.634649495	0.239399052	14.94012895
985	4.158441444	-3.55691E-31	76.99376887	14.89854859	1.745390493	25.44455749	69.32973793	16.07899861	80.47767935	2.265375959	0.51950499	4.310710223	2.100775652	0.058734332	10.93549976	2.707583425	0.045238284	16.86560836	4.639537	0.239411903	14.95018474
986	4.14859292	-3.58711E-31	76.90408851	14.88961561	1.750394826	25.43325797	69.34071324	16.12321592	80.48338141	2.265621842	0.521365247	4.310710223	2.102004354	0.058894424	10.94502496	2.709031424	0.045413321	16.87138358	4.644420619	0.239432046	14.9601876
987	4.138781058	-3.57023E-31	76.81410386	14.88068141	1.754790375	25.42196349	69.35166095	16.14419565	80.48907899	2.265866816	0.523230115	4.310710223	2.103230857	0.05901031	10.94843783	2.710478552	0.045510361	16.87715367	4.649300352	0.239452254	14.97013029
988	4.129005703	-3.62901E-31	76.72381424	14.87174729	1.75251941	25.41067405	69.36258119	16.16517883	80.49427899	2.266110886	0.525099587	4.310710223	2.104455328	0.05903491	10.95169383	2.711923406	0.045524464	16.88291864	4.654176202	0.239472527	14.98005793
989	4.119266702	-3.67097E-31	76.633219	14.86281138	1.753705943	25.39930016	69.37347443	16.18616544	80.49667425	2.266354055	0.526973655	4.310710223	2.105678736	0.059059493	10.95486808	2.71336652	0.045538546	16.88867849	4.65904817	0.239492865	14.98997054
990	4.109563903	-3.47529E-31	76.54979847	14.85387335	1.749240044	25.3878899	69.38434095	16.20715545	80.49906719	2.266596326	0.528852311	4.310710223	2.106901016	0.059084059	10.95803752	2.714808206	0.045552608	16.89443323	4.663916258	0.239808743	14.99986815
991	4.099897156	-3.72962E-31	76.47229794	14.8449348	1.751762751	25.37648477	69.3951809	16.22814885	80.50145782	2.266837703	0.530735545	4.310710223	2.108122407	0.059108608	10.96120892	2.716246566	0.045566649	16.89985679	4.668780466	0.240607072	15.00975078
992	4.090266313	-3.7632E-31	76.39457627	14.83599507	1.756738481	25.36508476	69.40599434	16.24914559	80.50384186	2.26707819	0.532629589	4.310710223	2.109342467	0.059133141	10.9812975	2.717682824	0.04558163	16.90323139	4.673640796	0.241407976	15.01979935
993	4.080671223	-3.71014E-31	76.31663301	14.82705804	1.753097877	25.35368987	69.41678069	16.27014568	80.5075762	2.267317791	0.534548254	4.310710223	2.110558175	0.059157656	10.98543558	2.719116826	0.045599501	16.90659925	4.678497249	0.242238228	15.03580984
994	4.071111732	-3.67674E-31	76.23846775	14.81812043	1.756092486	25.36155399	69.42754026	16.29114907	80.516428	2.267556508	0.535592024	4.310710223	2.11177127	0.059182155	10.98905262	2.72054997	0.045617559	16.9099604	4.683349828	0.242741596	15.04610249
995	4.061587695	-3.54354E-31	76.16008005	14.80917987	1.760499047	25.35016873	69.43827354	16.34420258	80.51944535	2.267794346	0.535645529	4.310710223	2.112983678	0.059206636	11.00556954	2.72198234	0.045751733	16.91331485	4.688198532	0.24297882	15.06549158
996	4.052098966	-3.81611E-31	76.08146948	14.80023712	1.747453117	25.33874952	69.44898074	16.41581465	80.52112137	2.268031308	0.535699206	4.310710223	2.114194783	0.059231101	11.03518462	2.723413726	0.045760679	16.91659837	4.693043363	0.243918545	15.08440541
997	4.042645396	-3.49903E-31	76.00263563	14.7912937	1.741308155	25.32745882	69.45966172	16.48771428	80.52434185	2.268267398	0.536311908	4.310710223	2.115403515	0.059332176	11.05288203	2.724843944	0.045768331	16.91987272	4.697884321	0.245038358	15.10064187
998	4.033226841	-3.6772E-31	75.92357806	14.78234871	1.740489121	25.31604313	69.47031655	16.55990235	80.53023867	2.268502619	0.538423196	4.310710223	2.116610596	0.059381503	11.05503231	2.726273269	0.045775994	16.92314043	4.702721407	0.246166936	15.11409282
999	4.023843154	-3.69322E-31	75.84429635	14.77340269	1.731072919	25.29857829	69.48094518	16.63237978	80.53938034	2.268736975	0.540588875	4.310710223	2.117815532	0.059405361	11.05700845	2.727701853	0.045897469	16.92640151	4.707554622	0.247242406	15.12467993
1000	4.014494188	-3.57912E-31	75.76479008	14.76445479	1.72257243	25.28799478	69.49154763	16.70514745	80.55336911	2.26897047	0.542761425	4.310710223	2.119019286	0.059429205	11.05898153	2.729129671	0.046030469	16.92965597	4.712383968	0.248086724	15.13525138
1001	4.0051798	-3.63714E-31	75.68505882	14.75550558	1.712194854	25.27406337	69.50212377	16.77820626	80.55694278	2.269203106	0.544940848	4.310710223	2.120221551	0.059453034	11.06095154	2.730556741	0.046042897	16.93290383	4.717209446	0.248933769	15.14558118
1002	3.995899846	-3.67818E-31	75.60510216	14.74655701	1.703881154	25.26859094	69.51267319	16.8515571	80.56051346	2.269434888	0.547127146	4.310710223	2.121421795	0.059476849	11.06291349	2.731982212	0.046055307	16.93614511	4.722031056	0.249783549	15.15579852
1003	3.986654178	-3.59513E-31	75.52491967	14.73760897	1.708635617	25.259626	69.52319663	16.92520088	80.57051187	2.269665819	0.549320319	4.310710223	2.122620258	0.05950065	11.06482772	2.733405342	0.0460677	16.93937981	4.726848803	0.250636071	15.16250363
1004	3.977442653	-3.80068E-31	75.44451094	14.72865941	1.710634353	25.24839637	69.53369453	16.99913848	80.57572691	2.269895903	0.551520368	4.310710223	2.123817462	0.059524436	11.06673896	2.734827364	0.046080075	16.94260795	4.731662687	0.251491345	15.16584097
1005	3.968265127	-3.70041E-31	75.34928205	14.71970988	1.707873876	25.24684684	69.54416677	17.07337081	80.58174845	2.270125143	0.553727294	4.310710223	2.125012204	0.059548207	11.0686472	2.73624817	0.046092433	16.94582954	4.73647271	0.252349379	15.1691666
1006	3.959121457	-3.68875E-31	75.25368835	14.71075998	1.706931667	25.23816764	69.55461331	17.14789874	80.58947424	2.270353542	0.555941096	4.310710223	2.126205398	0.059571964	11.07055247	2.737667436	0.046104773	16.94904459	4.741278873	0.253210182	15.17248055
1007	3.950011496	-3.84131E-31	75.15775213	14.70181134	1.701878301	25.22949142	69.5650344	17.22272317	80.59719275	2.270581106	0.558161775	4.310710223	2.127395864	0.059595948	11.07245475	2.739084613	0.046117096	16.95326441	4.746081176	0.254073762	15.17578288
1008	3.940935102	-4.07228E-31	75.06147236	14.692861	1.691247691	25.22081819	69.57543039	17.297845	80.60490401	2.270807836	0.560389329	4.310710223	2.128585706	0.059619989	11.07435406	2.74050035	0.046129402	16.95861631	4.75087962	0.254940128	15.17907362
1009	3.931892131	-4.2435E-31	74.96484802	14.68391054	1.692374479	25.20449379	69.58580124	17.3732651	80.61260802	2.271033736	0.562623758	4.310710223	2.129774397	0.059644016	11.07625039	2.74191375	0.04614169	16.96396381	4.755674206	0.25568951	15.18702921
1010	3.922882438	-3.88983E-31	74.86787807	14.67496113	1.685097779	25.18348759	69.59614716	17.44898438	80.61766111	2.271258811	0.56486506	4.310710223	2.130962307	0.059668028	11.07814376	2.743323209	0.046154016	16.96930691	4.760464939	0.256133647	15.19671288
1011	3.91390588	-3.74249E-31	74.77056151	14.66601206	1.684521943	25.18675577	69.60646813	17.5250037	80.61915213	2.271483064	0.567113234	4.310710223	2.132148445	0.059690941	11.0970781	2.744730606	0.046166456	16.97289729	4.765251822	0.256740733	15.21008651
1012	3.904962316	-4.04566E-31	74.6728973	14.65706138	1.687389036	25.17200671	69.61676421	17.60136498	80.62385771	2.271706498	0.569368278	4.310710223	2.133333523	0.059711432	11.09924387	2.746137223	0.046178878	16.97600552	4.770034856	0.257667924	15.22443597
1013	3.896051603	-3.74786E-31	74.57488441	14.64811236	1.688473531	25.17156099	69.62703528	17.67805361	80.63039003	2.271929116	0.57163019	4.31219266	2.134515059	0.059731895	11.10819865	2.747542537	0.046192871	16.97910962	4.774814043	0.258598318	15.23874993
1014	3.887173599	-3.82672E-31	74.47652182	14.63916257	1.685872054	25.16115063	69.63728154	17.75504575	80.63305567	2.272150923	0.573898966	4.313867937	2.135695119	0.059763576	11.11323501	2.748946874	0.046207667	16.98220958	4.779589382	0.259531927	15.2530285
1015	3.878328161	-3.64212E-31	74.38540812	14.63021087	1.679610486	25.16048859	69.64750321	17.83234227	80.63689804	2.272371922	0.576174604	4.314159877	2.136874608	0.059787102	11.12584951	2.750350358	0.046222451	16.98530541	4.784360876	0.260328478	15.26727174
1016	3.869515152	-3.86009E-31	74.30419741	14.62125872	1.676997548	25.14805301	69.65770056	17.90994408	80.64436694	2.272592116	0.5784571	4.314184148	2.138053491	0.059810792	11.13341162	2.751751438	0.046309371	16.98861913	4.789128524	0.260773405	15.28147973
1017	3.860734429	-3.62699E-31	74.22280867	14.61230774	1.681821152	25.14335891	69.66787358	17.98785205	80.65183046	2.272811509	0.580746451	4.314184148	2.139231255	0.059875646	11.14310415	2.753149153	0.046418656	16.99291245	4.793892328	0.261115416	15.29565257
1018	3.851985853	-3.68287E-31	74.14124203	14.60335743	1.68267929	25.13518568	69.6780222	18.05604973	80.65928859	2.273030105	0.583042653	4.314184148	2.140407452	0.059947076	11.1450511	2.754544678	0.046445035	16.99720353	4.79865229	0.261389474	15.30979034
1019	3.84326928	-3.75785E-31	74.05949758	14.59440808	1.679753142	25.14520711	69.68814647	18.10585004	80.66672327	2.273247906	0.5853457	4.314184148	2.141582095	0.059965873	11.14699435	2.755937758	0.046463842	17.00149235	4.803408413	0.261663307	15.3238931
1020	3.834584569	-3.66326E-31	73.97757544	14.58545991	1.67599136	25.11938639	69.69824659	18.15576015	80.67414397	2.273464917	0.587655588	4.314184148	2.142754792	0.059986049	11.16534849	2.757328527	0.046483507	17.0057789	4.808160699	0.26194818	15.33796096
1021	3.825931581	-3.6652E-31	73.89547573	14.57651113	1.672238064	25.10628681	69.7083227	18.20578017	80.68069195	2.273681142	0.589972311	4.314184148	2.14392582	0.060022179	11.1674976	2.758718474	0.046503154	17.01006314	4.81290915	0.262237282	15.35037564
1022	3.817310176	-3.83439E-31	73.81319857	14.5675643	1.668890507	25.08717628	69.71837505	18.25591022	80.68627951	2.273896583	0.592080468	4.314184148	2.145094835	0.060058299	11.16964345	2.760105287	0.046522785	17.02118253	4.817653768	0.26298406	15.3605663
1023	3.808720215	-3.72376E-31	73.7307441	14.55861862	1.673559297	25.08038039	69.72840361	18.30615043	80.68842764	2.274111243	0.594133308	4.314184148	2.146261677	0.060094409	11.17178604	2.761490082	0.046545037	17.03996005	4.822394555	0.263950322	15.37074133
1024	3.800161555	-3.97736E-31	73.64811243	14.54967358	1.677435824	25.05909926	69.73840831	18.35650092	80.68859611	2.274325128	0.596190466	4.314184148	2.14742649	0.060130509	11.17392538	2.762873425	0.046608061	17.04557561	4.827131512	0.264579241	15.38090075
1025	3.79163406	-3.8936E-31	73.5653037	14.54072796	1.672089488	25.05061386	69.7483895	18.38919721	80.69633749	2.27453824	0.598251923	4.314184148	2.148589794	0.0601666	11.17606147	2.764255805	0.046671125	17.05091934	4.831864641	0.26551392	15.3910446
1026	3.783137592	-4.07728E-31	73.48231806	14.53178067	1.666760233	25.04305537	69.7583475	18.40216276	80.70647807	2.274750582	0.600317662	4.314184148	2.149752319	0.060202682	11.17819432	2.765637396	0.046734229	17.08153484	4.836593943	0.266450746	15.40117289
1027	3.774672017	-4.01189E-31	73.39915564	14.522832	1.661448004	25.0354477	69.76828233	18.47305803	80.71402162	2.274962158	0.602387664	4.314184148	2.150913959	0.060238754	11.18032393	2.76701812	0.046772545	17.10613249	4.841319419	0.267404261	15.41128565
1028	3.766237199	-3.90428E-31	73.31581659	14.51388342	1.656155825	25.02779245	69.77819399	18.54496757	80.71960442	2.275172971	0.604169933	4.314184148	2.152074044	0.060274816	11.18245031	2.768397305	0.046790465	17.11173635	4.84604107	0.268114475	15.4232137
1029	3.757833001	-3.90619E-31	73.23230107	14.50493674	1.651056514	25.03805771	69.78808246	18.60862585	80.72511378	2.275383025	0.605446651	4.314184148	2.153231213	0.060310869	11.18669663	2.769774656	0.046926946	17.11965475	4.850758899	0.268543818	15.43955088
1030	3.749459286	-3.90562E-31	73.14860922	14.49599376	1.653861355	25.03173123	69.79794783	18.65955932	80.7306188	2.275592322	0.60672232	4.314184148	2.154386021	0.060346912	11.18949335	2.771147881	0.046989787	17.1270444	4.855472906	0.269596924	15.45586818
1031	3.741115917	-3.92913E-31	73.06457291	14.48705427	1.656919951	25.02248607	69.80779031	18.71060294	80.7361195	2.275800867	0.608623486	4.314184148	2.155539438	0.060382945	11.19228695	2.772516101	0.047052668	17.14908212	4.860183098	0.270695355	15.47216562
1032	3.732802758	-3.73031E-31	72.98033372	14.47811321	1.660590078	25.01194771	69.81761016	18.77512561	80.74161587	2.276008663	0.61092505	4.314184148	2.156692262	0.060418969	11.19507742	2.77388348	0.047115588	17.17243795	4.864889476	0.271797407	15.48844322
1033	3.724519676	-3.67734E-31	72.89591785	14.46917223	1.66401928	25.00604491	69.82740737	18.84484061	80.74710793	2.276215712	0.613233893	4.314184148	2.157844454	0.060454983	11.19737553	2.775248513	0.047178549	17.17875437	4.86959204	0.27297483	15.50470102
1034	3.716266536	-3.99715E-31	72.81132548	14.46023127	1.66758336	24.99775284	69.83718182	18.91506206	80.75293286	2.276422019	0.615086258	4.314184148	2.158995098	0.060490988	11.20723708	2.776612463	0.047243574	17.18506392	4.874290793	0.273248082	15.52088693
1035	3.708043203	-4.0981E-31	72.72655679	14.45129104	1.671151387	24.99628355	69.84693316	18.98551224	80.75915921	2.276627587	0.61511732	4.314184148	2.160143999	0.060527887	11.22689128	2.777975269	0.047310118	17.22031871	4.878985736	0.273276915	15.53682738
1036	3.699849544	-3.9459E-31	72.64161196	14.44235458	1.674723345	24.98792312	69.85666177	19.03891804	80.76986266	2.276832418	0.615148347	4.314184148	2.161291142	0.060569224	11.24646525	2.779333683	0.047376712	17.29080014	4.883676869	0.273327039	15.54337604
1037	3.691685423	-3.88486E-31	72.55649117	14.43342128	1.672275597	24.98090284	69.86636789	19.10992798	80.77898515	2.277036517	0.615432511	4.314184148	2.162436534	0.060737723	11.26595877	2.780688166	0.047443356	17.34439595	4.888364197	0.273376623	15.54991218
1038	3.683550707	-4.01899E-31	72.47119462	14.42448887	1.667642754	24.97051225	69.87605165	19.18197691	80.78704373	2.277239886	0.616639873	4.314184148	2.163579636	0.060770724	11.27516773	2.782041528	0.047478195	17.35260382	4.893047719	0.273425675	15.55643584
1039	3.675445264	-4.00147E-31	72.3857543	14.41555724	1.6629352	24.95663597	69.88571318	19.25478722	80.78796551	2.277442529	0.617887995	4.314184148	2.164720923	0.060803705	11.27718459	2.783393432	0.047534774	17.35992785	4.897727438	0.273474199	15.56291273
1040	3.667368963	-3.87918E-31	72.33250263	14.40662537	1.659122989	24.95359802	69.89535279	19.32785876	80.78886479	2.277644449	0.619143248	4.316486483	2.165861092	0.060836666	11.27919694	2.784743978	0.047552118	17.38220726	4.902403355	0.2735222	15.56934374
1041	3.659321675	-3.85957E-31	72.22907723	14.39769269	1.650521275	24.9442812	69.90497052	19.40119238	80.79144877	2.277845648	0.620897917	4.316527185	2.167000638	0.060869607	11.28127182	2.786093357	0.047594546	17.42574213	4.907075471	0.273573538	15.57576197
1042	3.65130327	-4.0531E-31	72.12825473	14.3887637	1.64819685	24.93496781	69.91456635	19.47478891	80.79691674	2.278046131	0.622903657	4.316527186	2.168139362	0.060902527	11.30763368	2.787437391	0.047603654	17.46919578	4.911743789	0.273799786	15.58216745
1043	3.643313616	-4.07722E-31	72.04208236	14.37983567	1.643369431	24.92565786	69.92414028	19.54864919	80.80238038	2.2782459	0.624908693	4.316527186	2.169275844	0.060936372	11.33386859	2.788780379	0.047612744	17.4864346	4.916408311	0.274187808	15.5885602
1044	3.635352587	-4.03746E-31	71.94534991	14.37090798	1.638557463	24.91611861	69.93369253	19.62277407	80.80783968	2.278444959	0.626912943	4.316527186	2.170411156	0.060981524	11.3526925	2.790121749	0.047621818	17.48943872	4.921069038	0.274574729	15.59482451
1045	3.627420055	-3.91484E-31	71.8478907	14.36198137	1.633759629	24.9036871	69.94322308	19.69584935	80.81329465	2.27864331	0.628916324	4.316527187	2.171544498	0.06103129	11.35452457	2.791461724	0.047630874	17.49243672	4.925725971	0.274965695	15.60099489
1046	3.619515891	-3.75881E-31	71.75016273	14.35305687	1.628975888	24.89346336	69.95273191	19.76827086	80.8187453	2.278840957	0.630918753	4.316527187	2.172676383	0.061043401	11.35632001	2.792798873	0.047639913	17.49542863	4.930379113	0.275360803	15.60715318
1047	3.611639969	-3.77796E-31	71.6521658	14.34413334	1.624360578	24.88051679	69.96221907	19.84092269	80.82419162	2.279037903	0.632920148	4.316527187	2.173807332	0.061068944	11.35811418	2.794133916	0.047652623	17.49841446	4.935028465	0.275754841	15.61329938
1048	3.603792165	-3.98232E-31	71.55389969	14.33521007	1.619862744	24.86757697	69.97168458	19.91380529	80.82963362	2.27923415	0.634920423	4.316527188	2.174937469	0.061101125	11.35990708	2.795467537	0.047667025	17.50139421	4.939674029	0.276148844	15.61943352
1049	3.595972353	-3.92894E-31	71.4553642	14.32628655	1.622521816	24.85841977	69.98112857	19.98691909	80.83507131	2.279429701	0.636919495	4.316527188	2.176066976	0.061133286	11.37104297	2.796800042	0.047681413	17.5043679	4.944315805	0.27655374	15.62879032
1050	3.588180408	-4.01435E-31	71.35655913	14.31736328	1.626490362	24.85003865	69.99055116	20.06026453	80.84050468	2.279624561	0.638917279	4.316527188	2.177195613	0.061165428	11.37541408	2.79813118	0.047695786	17.50733555	4.948953796	0.277358945	15.63835818
1051	3.580416208	-3.94723E-31	71.25748427	14.30844127	1.630467078	24.84162354	69.99995215	20.13384204	80.84593375	2.279818731	0.640913689	4.316527189	2.178322344	0.061197917	11.37769527	2.799461305	0.047710145	17.51029716	4.953588002	0.278333357	15.64791162
1052	3.572679626	-4.06738E-31	71.15813945	14.29952547	1.634451972	24.83318317	70.00933048	20.20765204	80.85329061	2.280012214	0.64290864	4.316527189	2.179446507	0.061230638	11.37997286	2.800787278	0.04772449	17.5207468	4.958218426	0.279321253	15.65745065
1053	3.56497054	-4.11828E-31	71.05852447	14.290611	1.633345043	24.82472271	70.01868702	20.28169497	80.86080451	2.280205014	0.644907113	4.316527189	2.180569721	0.06126334	11.38224686	2.802111634	0.047738821	17.5551213	4.962845071	0.280319372	15.66697531
1054	3.557288828	-4.18547E-31	70.95863915	14.28169639	1.628239266	24.81624288	70.02802227	20.3564645	80.86831262	2.280397133	0.646928358	4.31652719	2.18169232	0.061296021	11.38451729	2.803435119	0.047753137	17.58949734	4.967467939	0.281320814	15.6764856
1055	3.54963437	-4.2275E-31	70.85848332	14.27278442	1.632073016	24.80774438	70.03733586	20.43148292	80.87581495	2.280588575	0.648948034	4.31652719	2.182812029	0.061328683	11.38678415	2.804757718	0.047767439	17.62387459	4.972087031	0.282325588	15.68598156
1056	3.542007044	-4.21299E-31	70.75805682	14.26387298	1.635934466	24.79922787	70.04662827	20.50673863	80.88331149	2.280779341	0.650966053	4.31652719	2.18393052	0.061361325	11.38904743	2.806079498	0.047781727	17.65705201	4.976702349	0.283333704	15.6954632
1057	3.534406733	-4.1221E-31	70.65735947	14.25496125	1.640081955	24.79069401	70.0558998	20.58223204	80.89080226	2.280969436	0.652982325	4.31652719	2.18504841	0.061393948	11.39130715	2.807400482	0.047796001	17.6899475	4.981313894	0.284345172	15.70493055
1058	3.526833319	-4.1402E-31	70.55639112	14.2460544	1.63573955	24.78214342	70.06515045	20.6579636	80.89828726	2.281158861	0.654996762	4.318614082	2.186164532	0.06142655	11.39356332	2.808716762	0.0478103	17.72284442	4.98592167	0.284991758	15.71438363
1059	3.519286684	-4.12255E-31	70.45515162	14.23715038	1.631094018	24.77849757	70.07438023	20.73393371	80.90357575	2.281347619	0.657009273	4.318614082	2.187279049	0.061459133	11.39581594	2.810030363	0.04782466	17.75574254	4.990525676	0.285755756	15.72382245
1060	3.511766708	-4.33391E-31	70.35364082	14.22825098	1.626462838	24.76982236	70.08358907	20.81014279	80.90885295	2.281535714	0.65901977	4.318614082	2.188391261	0.061491696	11.39803569	2.811340349	0.047839006	17.77640772	4.995125916	0.286836626	15.73324705
1061	3.504273274	-4.10729E-31	70.25185857	14.21935393	1.621845966	24.76069915	70.0927766	20.88659126	80.91406889	2.281723147	0.661028161	4.318614082	2.189501562	0.061530363	11.40024427	2.812649098	0.047853338	17.78038863	4.999722393	0.287935142	15.74265744
1062	3.496806269	-4.17368E-31	70.14980474	14.21045996	1.615636662	24.75157929	70.10194294	20.96327953	80.91919282	2.281909922	0.663034357	4.318614082	2.190609295	0.061557704	11.40244936	2.813956504	0.047867656	17.78384857	5.004315109	0.289046515	15.75205364
1063	3.489365576	-4.24272E-31	70.0474792	14.20156888	1.608900373	24.7424628	70.11108835	21.04020801	80.92241283	2.282096042	0.665038266	4.318614082	2.191715145	0.06158985	11.40465096	2.81526194	0.047882595	17.78730282	5.008904065	0.290161956	15.76143568
1064	3.481951078	-4.16003E-31	69.94488183	14.19268516	1.607313848	24.73334966	70.12021337	21.11737711	80.92434398	2.282281508	0.667039796	4.318614082	2.192819336	0.061621976	11.40684909	2.816560284	0.04799708	17.79075138	5.013489265	0.291281479	15.76942254
1065	3.47456266	-4.24278E-31	69.8420125	14.18380204	1.602483042	24.72423988	70.12931818	21.19478722	80.926273	2.282466324	0.669038857	4.318614082	2.193922824	0.061654214	11.40904374	2.817857258	0.048154917	17.79419428	5.018070712	0.292405097	15.77473516
1066	3.467200211	-4.46842E-31	69.73887111	14.1749256	1.597666291	24.71509539	70.13840251	21.27243875	80.9281999	2.282650493	0.671035357	4.318614082	2.195023735	0.061686658	11.41123493	2.819149038	0.048313254	17.81442784	5.022648409	0.293520369	15.78985851
1067	3.459863619	-4.36899E-31	69.63545755	14.16605045	1.592863561	24.70593646	70.14746661	21.3503321	80.9322155	2.282834017	0.673029203	4.318614082	2.196123376	0.061719083	11.41342265	2.820439574	0.048472093	17.84861334	5.027222359	0.294561345	15.79957187
1068	3.452552777	-4.39673E-31	69.53177171	14.15717783	1.588133386	24.69678093	70.15651053	21.42846765	80.93757183	2.283016898	0.675020303	4.318614082	2.197220862	0.061751488	11.41560691	2.821728539	0.048631435	17.85543614	5.031792563	0.295605745	15.81010656
1069	3.445267574	-4.40167E-31	69.42772507	14.14830733	1.583624634	24.69191038	70.16553455	21.5068458	80.94451418	2.28319914	0.677008565	4.318614082	2.198316916	0.061783874	11.41778772	2.82301547	0.048791281	17.86090154	5.036359026	0.296653581	15.82925548
1070	3.438007904	-4.35868E-31	69.32336608	14.13943865	1.585490072	24.68141194	70.17453867	21.58546693	80.95352552	2.283380744	0.678993896	4.319627743	2.199411136	0.061816239	11.41996509	2.824301151	0.048951633	17.86630676	5.04092175	0.29770486	15.84836268
1071	3.43077366	-4.17923E-31	69.2187325	14.13057098	1.58924455	24.67079726	70.18352285	21.66433142	80.96251796	2.283561713	0.680976202	4.320111328	2.200504049	0.061843633	11.42566154	2.825586018	0.049112493	17.87170876	5.045480736	0.298759593	15.86729319
1072	3.423564736	-4.41044E-31	69.11382424	14.1217057	1.593008504	24.66133094	70.19248697	21.74343966	80.96944428	2.283742049	0.682955391	4.320111328	2.20159464	0.061875927	11.43118968	2.826869913	0.049134028	17.87710751	5.050035986	0.299817791	15.88599809
1073	3.416381024	-4.01275E-31	69.00864121	14.11284247	1.59678195	24.65236829	70.20143101	21.82279203	80.97353612	2.283921756	0.68493137	4.320111328	2.202683408	0.061911558	11.44533945	2.828152824	0.049150606	17.88250298	5.054587504	0.300879461	15.90404377
1074	3.409222421	-3.88607E-31	68.90318334	14.10398127	1.599778617	24.64093007	70.21035519	21.90238889	80.97762391	2.284100835	0.686904044	4.320111328	2.203770365	0.061944168	11.45141469	2.829434627	0.049167167	17.88789514	5.059135292	0.301944615	15.90835327
1075	3.40208882	-4.32131E-31	68.79745055	14.09512204	1.594733829	24.63296107	70.21925971	21.92894267	80.98170768	2.284279289	0.688873321	4.320111328	2.204855553	0.06197596	11.45505814	2.830715238	0.049183713	17.89328395	5.063679353	0.303013262	15.91257474
1076	3.394980118	-4.46134E-31	68.69144277	14.08626706	1.589879381	24.62387998	70.22814473	21.93110924	80.98578743	2.28445712	0.69128555	4.320111328	2.205938975	0.062007732	11.4582047	2.831992302	0.049200242	17.8986694	5.068219688	0.304085412	15.91678037
1077	3.38789621	-4.42737E-31	68.58515995	14.0774149	1.583656214	24.61480196	70.23701044	21.93327902	80.98985203	2.284634331	0.693445266	4.320111328	2.20702147	0.062039484	11.46117524	2.833266345	0.049216778	17.90405145	5.0727563	0.305161075	15.92305169
1078	3.380836988	-4.41268E-31	68.47860204	14.06857072	1.572319004	24.60572702	70.24585669	21.93545206	80.99385561	2.284810924	0.694690054	4.320111328	2.208101799	0.062071217	11.4641436	2.834533681	0.049234112	17.90943008	5.077289192	0.30624026	15.94447368
1079	3.37380235	-4.45097E-31	68.37176898	14.05972782	1.570322903	24.59665516	70.25468365	21.93762842	80.99950257	2.284986902	0.696099987	4.320111328	2.209181039	0.06210293	11.4773643	2.835799868	0.04925143	17.91480527	5.081818365	0.307322978	15.95403023
1080	3.366792193	-4.34226E-31	68.26466074	14.05088663	1.570375441	24.58800817	70.2634914	21.93980814	81.00336846	2.285162267	0.696099987	4.320111328	2.210259334	0.062134623	11.49139908	2.837064353	0.049268733	17.92017699	5.086343822	0.308409239	15.96204955
1081	3.359806413	-4.52478E-31	68.15727728	14.04205416	1.565638571	24.58072213	70.27227945	21.98973326	81.00669586	2.285337021	0.696124916	4.320111328	2.211334818	0.062166297	11.49530989	2.838322568	0.049287396	17.92554522	5.090865566	0.309499051	15.97004093
1082	3.352844909	-4.74703E-31	68.04961859	14.033224	1.560652168	24.57336158	70.28104816	22.06767882	81.0140121	2.285511167	0.696985994	4.320111328	2.212409206	0.062198271	11.49889877	2.839578956	0.049308273	17.93090993	5.095383598	0.310592426	15.97768988
1083	3.345907582	-4.85636E-31	67.94168464	14.02439531	1.555791753	24.56459638	70.28979784	22.1458619	81.02476134	2.285684708	0.699527807	4.320111328	2.213482666	0.062234151	11.50254602	2.840833979	0.049329148	17.93627111	5.09989792	0.311689373	15.98532795
1084	3.338994331	-4.94596E-31	67.83344592	14.01556931	1.551520701	24.55582551	70.29852861	22.22428283	81.03106779	2.285857644	0.702078055	4.320111328	2.214554832	0.062307914	11.51805989	2.842086745	0.04935002	17.94162873	5.104408535	0.312789902	15.99295515
1085	3.332105059	-5.00555E-31	67.72443871	14.00674365	1.545954988	24.54704925	70.30724067	22.30461309	81.03734217	2.286029979	0.70463676	4.320111328	2.215626379	0.062342229	11.52373756	2.843338807	0.04937089	17.94698278	5.108915446	0.31386409	16.00057151
1086	3.325239669	-5.00215E-31	67.61515183	13.99792068	1.541055985	24.53826786	70.31593404	22.38550938	81.04246174	2.286201715	0.707063544	4.320111328	2.216696194	0.062366428	11.52741888	2.844589051	0.049391757	17.95233323	5.113418654	0.314506929	16.00817703
1087	3.318398061	-5.2402E-31	67.50558525	13.98910024	1.540418657	24.52945795	70.32460855	22.46665129	81.04755813	2.286372855	0.709602282	4.320111328	2.217764109	0.062390612	11.55016154	2.845838027	0.049486419	17.95768006	5.117918162	0.315148282	16.01577174
1088	3.311580138	-5.4225E-31	67.39573896	13.98028245	1.544245749	24.52060769	70.33326409	22.54803916	81.05264897	2.2865434	0.710709883	4.320111328	2.218830471	0.06241478	11.5586239	2.847085469	0.049580011	17.96302327	5.122413974	0.315788146	16.02335565
1089	3.304785803	-5.24007E-31	67.28561295	13.97146605	1.548083108	24.51713295	70.34190085	22.62967334	81.05767934	2.286713352	0.71092648	4.320111328	2.219896039	0.062438932	11.56119587	2.848331813	0.049592417	17.96836282	5.126906092	0.316426519	16.03092877
1090	3.298014959	-5.2084E-31	67.17520725	13.96265135	1.552112638	24.50466573	70.35051909	22.71155417	81.06261771	2.286882715	0.711141083	4.320111328	2.220960605	0.062463069	11.56345604	2.849576764	0.049604812	17.97369871	5.131394517	0.3170634	16.03849112
1091	3.291267506	-5.30596E-31	67.06452184	13.9538408	1.551540577	24.49403175	70.35911867	22.79368197	81.06773922	2.28705149	0.71135371	4.320111328	2.222023374	0.062489559	11.56571269	2.85081891	0.049617197	17.97903092	5.135879252	0.317698788	16.04604271
1092	3.284543346	-4.9942E-31	66.95355676	13.9450312	1.547878245	24.48677719	70.3676999	22.87605707	81.07281397	2.287219679	0.71158231	4.320111328	2.223085265	0.062521195	11.56796585	2.852060307	0.049629571	17.98435943	5.140360297	0.318332681	16.05358356
1093	3.277842385	-4.97189E-31	66.84231203	13.93622413	1.544225332	24.47629575	70.37626265	22.9586798	81.07750907	2.287387286	0.711838545	4.320111328	2.22414509	0.062552811	11.57021549	2.853300802	0.049641935	17.98968423	5.144837655	0.318965077	16.06111369
1094	3.271164525	-5.33261E-31	66.73078769	13.92742027	1.540518091	24.46742277	70.38480709	23.04155048	81.07807424	2.287554311	0.713674411	4.320111328	2.225202657	0.062584407	11.57246165	2.854539821	0.049654289	17.99500531	5.149311329	0.319229081	16.06863311
1095	3.264509668	-5.39375E-31	66.61898377	13.91861999	1.536527575	24.45854675	70.39333329	23.12466942	81.08059798	2.287720758	0.713981887	4.320111328	2.226257391	0.062702247	11.57470431	2.855777576	0.049666633	18.00032264	5.153781321	0.31928297	16.07614183
1096	3.257877716	-5.38099E-31	66.50690033	13.90982172	1.532519042	24.45025992	70.4018411	23.20803693	81.08583663	2.287886629	0.713986919	4.320111328	2.227310609	0.062738039	11.57694348	2.857014591	0.049678966	18.00563623	5.158247631	0.320227596	16.08363987
1097	3.251268576	-4.85914E-31	66.39453742	13.90102482	1.526231219	24.44106954	70.41033074	23.29165332	81.09107113	2.288051926	0.714304854	4.320111328	2.22836308	0.062773822	11.57917918	2.858250591	0.049691288	18.01094605	5.162710263	0.32124195	16.09112725
1098	3.24468215	-4.8363E-31	66.28189511	13.89223039	1.519969055	24.44205379	70.41880236	23.3755189	81.09627536	2.288216651	0.716371806	4.320111328	2.229414767	0.062809595	11.58613217	2.859484463	0.049703601	18.01625209	5.167169218	0.322045085	16.09860399
1099	3.238118344	-5.08631E-31	66.16897347	13.88344076	1.513732452	24.43217845	70.42725589	23.45963395	81.10143422	2.288380807	0.718409005	4.320111328	2.230464404	0.062845359	11.60215579	2.860715297	0.049718451	18.02155434	5.1716245	0.322650311	16.10607008
1100	3.23157706	-5.05111E-31	66.05577258	13.87465421	1.507521314	24.42225116	70.435691	23.54399878	81.10641701	2.288544395	0.720421814	4.320111328	2.231512305	0.062881114	11.60370756	2.861944924	0.049857599	18.02632574	5.176076112	0.323270255	16.11352556
1101	3.225058202	-4.89371E-31	65.94229254	13.86587053	1.50142211	24.4118491	70.44410772	23.62861367	81.10879188	2.288707418	0.722433974	4.320111328	2.232558478	0.062916859	11.60519319	2.863173603	0.04999062	18.02916039	5.180524058	0.323900895	16.12097044
1102	3.218561675	-4.91161E-31	65.82853343	13.85709473	1.495404802	24.40051842	70.45250631	23.71347891	81.11689707	2.288869878	0.724445432	4.320111328	2.233602358	0.062952595	11.6066764	2.8643967	0.050010344	18.03198995	5.18496834	0.324531479	16.12840443
1103	3.212087383	-4.8832E-31	65.71449536	13.84832224	1.489411635	24.38767323	70.46088706	23.79859478	81.12239108	2.289031778	0.726456136	4.320111328	2.234644762	0.062988321	11.60815722	2.865617811	0.050030054	18.03481444	5.189408963	0.325167205	16.13582593
1104	3.205635232	-4.82583E-31	65.60017845	13.83955168	1.483558622	24.37876768	70.46925014	23.88396155	81.12759659	2.28919312	0.728466036	4.320111328	2.235686093	0.063024038	11.60963563	2.866837805	0.050049749	18.03763385	5.193845928	0.32580324	16.14323677
1105	3.199205129	-4.84898E-31	65.48558281	13.83078421	1.477810885	24.36986078	70.47759529	23.96957949	81.13279798	2.289353906	0.730522691	4.320111328	2.236725757	0.063059746	11.61111164	2.868056476	0.05006943	18.04044821	5.198279238	0.326439252	16.15069977
1106	3.192796978	-5.01172E-31	65.37070859	13.82201904	1.472086796	24.36095265	70.48592263	24.05544887	81.1379749	2.289514137	0.732589918	4.320111328	2.237764158	0.063095444	11.61258525	2.869274159	0.050089097	18.04325751	5.202708896	0.327265624	16.16327218
1107	3.186410689	-4.9558E-31	65.2555559	13.81325612	1.470341318	24.35204345	70.49423219	24.06246645	81.14314076	2.289673817	0.734137069	4.320111328	2.238801376	0.063131133	11.61405648	2.870490909	0.05010875	18.04606178	5.207134904	0.328549016	16.17582124
1108	3.180046167	-4.96307E-31	65.14012491	13.80449694	1.473429612	24.34316901	70.50252415	24.06530593	81.14830252	2.289832948	0.734196423	4.320111328	2.239836971	0.063166813	11.61552532	2.871705556	0.050128907	18.04886101	5.211557264	0.329842757	16.188347
1109	3.17370332	-5.04228E-31	65.02441577	13.79574111	1.476524695	24.33501769	70.51079866	24.06814417	81.15344671	2.289991532	0.734255906	4.320111328	2.240871279	0.063202483	11.61699177	2.872918119	0.05015274	18.05165521	5.215975977	0.330750285	16.20084949
1110	3.167382055	-4.84152E-31	64.90842864	13.78698738	1.472251006	24.33096373	70.51905582	24.09295672	81.15797393	2.29014957	0.734315518	4.322840289	2.241904714	0.063238144	11.61845585	2.874129414	0.050209497	18.0544444	5.220391047	0.33145071	16.21332877
1111	3.161082282	-5.17815E-31	64.79216369	13.77823659	1.466413496	24.31869052	70.52729565	24.17783699	81.16384379	2.290307066	0.73437526	4.322840866	2.242936742	0.063273795	11.61991755	2.875339195	0.050357485	18.05722859	5.224802476	0.332152416	16.22578486
1112	3.15480391	-5.15634E-31	64.67562111	13.76948766	1.460600705	24.30798043	70.53551832	24.26299564	81.16819386	2.290464021	0.735626088	4.32284143	2.243967901	0.063309437	11.62137689	2.876547931	0.050377773	18.06000777	5.229210265	0.332863243	16.23821782
1113	3.148546849	-5.33857E-31	64.55880108	13.76074249	1.454469121	24.29919484	70.54372367	24.3491639	81.17203147	2.290620438	0.735981151	4.32284198	2.244997099	0.06334507	11.62283385	2.877755037	0.050398044	18.06278197	5.233614417	0.333943079	16.25006633
1114	3.142311006	-5.21256E-31	64.44170381	13.75200194	1.448310951	24.29040094	70.55191133	24.43681452	81.17408925	2.290776318	0.737621119	4.322842518	2.246023841	0.063380694	11.62428845	2.878960637	0.050418298	18.06555119	5.238014936	0.335025866	16.25737075
1115	3.136096293	-5.37645E-31	64.32432951	13.74326405	1.442230791	24.28159894	70.56008167	24.52475022	81.17958748	2.290931664	0.740170237	4.322843042	2.247049218	0.063418829	11.62574069	2.880165277	0.050438536	18.06831543	5.242411822	0.336111609	16.26464622
1116	3.129902621	-5.27531E-31	64.20667838	13.73452761	1.436499963	24.30114516	70.56823507	24.61297167	81.18345231	2.291086478	0.742726513	4.322843554	2.24807397	0.063603439	11.63181233	2.881369173	0.050458757	18.07107472	5.24680508	0.337200313	16.27190839
1117	3.123729904	-5.44913E-31	64.08648033	13.7257926	1.433560694	24.2872442	70.57637161	24.70147954	81.18858519	2.291240763	0.745306228	4.322844053	2.249098094	0.063763026	11.65465083	2.882572323	0.050478961	18.07382905	5.251194709	0.338297431	16.27915729
1118	3.117578054	-5.58935E-31	63.95196994	13.71706066	1.435380016	24.27279698	70.58449133	24.79027453	81.19111489	2.29139452	0.74799942	4.322844541	2.250121408	0.063892826	11.66428144	2.883773315	0.050499148	18.07657844	5.255580713	0.339399815	16.28639294
1119	3.111446986	-5.16018E-31	63.85345933	13.7083321	1.430211715	24.25831818	70.59259432	24.81068656	81.19499148	2.291547751	0.75039768	4.322845017	2.251144026	0.063925731	11.6665678	2.884971725	0.050519319	18.099498	5.259963093	0.340505213	16.29361537
1120	3.105336612	-5.13153E-31	63.7361956	13.69960611	1.428651169	24.24384805	70.60068064	24.81542382	81.19880264	2.291700458	0.752937062	4.322845482	2.252165134	0.06395862	11.6687818	2.886169195	0.050539473	18.13334161	5.264341852	0.341613628	16.3008246
1121	3.099246849	-4.97679E-31	63.61866719	13.69088266	1.4317983	24.22911696	70.60875035	24.82014095	81.20260955	2.291852644	0.755520408	4.322845935	2.253184766	0.063991494	11.67099337	2.887365737	0.05055961	18.13937071	5.268716991	0.342725067	16.30802066
1122	3.093177613	-4.97289E-31	63.50087443	13.68216138	1.435087941	24.21885951	70.61680354	24.82483815	81.20641221	2.292004311	0.758110951	4.322846378	2.254203247	0.064024352	11.68778325	2.888561393	0.050579731	18.14539416	5.273088512	0.343839532	16.31520356
1123	3.087128819	-5.00823E-31	63.38214741	13.67344153	1.433261218	24.210339	70.62484038	24.88785753	81.21161632	2.292155461	0.7607087	4.322846811	2.255221094	0.064057194	11.69943411	2.889756292	0.050599835	18.15141194	5.277456418	0.344957029	16.3240116
1124	3.081100387	-4.99325E-31	63.26250868	13.6647235	1.42825754	24.20132824	70.63286089	24.96567893	81.21873694	2.292306095	0.762872642	4.322847233	2.256238169	0.06409002	11.71085836	2.890950244	0.050619922	18.15742405	5.28182071	0.346077563	16.33241678
1125	3.075092234	-5.16923E-31	63.14259835	13.65601083	1.426410858	24.19231836	70.640865	25.04367109	81.22585026	2.292456216	0.762932365	4.322847646	2.257253749	0.064122831	11.71278476	2.89214058	0.050639993	18.16328879	5.286181392	0.347201138	16.33980086
1126	3.069104276	-5.31539E-31	63.02241677	13.64730064	1.426492953	24.18330943	70.64885253	25.12183381	81.23295347	2.292605826	0.764207157	4.322848049	2.258268221	0.064155626	11.71447993	2.893330045	0.050660047	18.16855489	5.290538465	0.348327759	16.34717567
1127	3.063136433	-5.35617E-31	62.90196429	13.6385948	1.429551546	24.17386515	70.65682362	25.20058239	81.24005134	2.292754926	0.766549119	4.322848442	2.259280746	0.064188405	11.73126994	2.894517547	0.050680085	18.17381698	5.294891934	0.34945743	16.35454121
1128	3.057188623	-5.07044E-31	62.78124126	13.62989195	1.432701866	24.16012873	70.66477829	25.28110166	81.24714386	2.29290352	0.768897478	4.322848826	2.260291819	0.064221168	11.74686957	2.895703994	0.050693373	18.17907506	5.299241801	0.350590155	16.3618975
1129	3.051260768	-4.94458E-31	62.66024807	13.62119203	1.435951644	24.15146703	70.67271674	25.36179739	81.25423105	2.293051608	0.771252247	4.322849201	2.261301554	0.064256311	11.74824743	2.896889233	0.050705129	18.18432912	5.303588068	0.351450159	16.36924454
1130	3.045352786	-4.75085E-31	62.53898509	13.61249877	1.439208366	24.14034812	70.6806389	25.44266937	81.26012097	2.293199193	0.772365832	4.322849568	2.262308116	0.064434888	11.74960844	2.898071501	0.050717242	18.18957916	5.307930738	0.351504556	16.37658235
1131	3.039464599	-4.41393E-31	62.41745271	13.60381093	1.442472046	24.13160119	70.68854485	25.52371738	81.26495721	2.293346277	0.772389642	4.322849926	2.263312264	0.064686828	11.75096812	2.89925127	0.05072934	18.19482519	5.312269815	0.351558713	16.38391095
1132	3.033596127	-4.54875E-31	62.29565134	13.59512779	1.440962556	24.12460449	70.69643484	25.60494122	81.26978333	2.293492862	0.772455533	4.322850275	2.264313277	0.064821124	11.75232646	2.900429804	0.050741421	18.20006719	5.3166053	0.352003174	16.39123034
1133	3.027747292	-4.67904E-31	62.17358138	13.58644674	1.437316283	24.11758042	70.70430902	25.68634065	81.27460414	2.29363895	0.7725216	4.322850617	2.265313235	0.064848777	11.75368346	2.901607562	0.050753486	18.20530518	5.320937197	0.353058402	16.39854053
1134	3.021918022	-4.32222E-31	62.05124326	13.57776745	1.439074883	24.11055835	70.71216743	25.76791546	81.27941966	2.293784542	0.772587843	4.32285095	2.266312495	0.064876411	11.75503913	2.902784551	0.050800247	18.21053913	5.325265508	0.35411958	16.40584153
1135	3.01610824	-4.33303E-31	61.92863742	13.56909193	1.435088019	24.10329222	70.72001003	25.8496654	81.28582396	2.293929641	0.774450292	4.322851276	2.267309344	0.064904026	11.75639347	2.903960581	0.050842529	18.21576906	5.329590234	0.355170699	16.41313337
1136	3.010317874	-4.74686E-31	61.8057643	13.56041804	1.431267311	24.09446717	70.72783705	25.93159023	81.29213313	2.294074249	0.777047562	4.322851595	2.268305565	0.064931622	11.75774647	2.905135844	0.05086221	18.22099496	5.333911378	0.356214959	16.42041604
1137	3.00454685	-5.08023E-31	61.68262436	13.55174886	1.43414001	24.08564362	70.73564845	25.97469417	81.29728507	2.294218367	0.779651718	4.322851906	2.269300708	0.064959198	11.75909814	2.90630782	0.050881874	18.22621683	5.338228941	0.357262086	16.42768956
1138	2.998795093	-4.94078E-31	61.55921805	13.54308699	1.437224501	24.07682162	70.74344421	25.9775113	81.30243294	2.294361997	0.782262764	4.32285221	2.270294274	0.064986756	11.76993648	2.907474505	0.050977033	18.23143467	5.342542927	0.358312086	16.43495395
1139	2.99306253	-4.92576E-31	61.43182182	13.53442697	1.4355728	24.06800121	70.75122448	25.98033316	81.30757673	2.294505142	0.784880699	4.322852507	2.271287206	0.065014294	11.7822531	2.908640337	0.05103699	18.23664848	5.346853338	0.359374446	16.44338155
1140	2.987349092	-4.97331E-31	61.29724589	13.52577174	1.435973793	24.05918246	70.75898934	25.98315977	81.31271644	2.294647802	0.787505526	4.322852797	2.27227927	0.065039239	11.78569935	2.909802577	0.05107107	18.24185826	5.351160176	0.360455031	16.45186759
1141	2.981654708	-5.04948E-31	61.16230921	13.51712178	1.437758543	24.05026604	70.76673866	26.04133208	81.31774225	2.29478998	0.790137246	4.322853081	2.273269746	0.065057923	11.7891431	2.91096168	0.051085332	18.24706401	5.355463445	0.361538618	16.46034094
1142	2.975979306	-5.42792E-31	61.02701182	13.50848231	1.435161578	24.04130746	70.77447194	26.12578409	81.32274843	2.294931679	0.792775858	4.322853358	2.274256393	0.065076591	11.79230256	2.912115224	0.051099577	18.25226572	5.35976315	0.361668602	16.46880164
1143	2.970322814	-5.29206E-31	60.89135378	13.49984684	1.434008515	24.03235078	70.78218978	26.21046955	81.32775064	2.295072898	0.795421364	4.322853629	2.275242151	0.065095243	11.79519833	2.913266225	0.051113807	18.2574634	5.364059298	0.361824477	16.4772497
1144	2.964685165	-5.44672E-31	60.75533515	13.49121503	1.437002879	24.0198106	70.78989228	26.29538873	81.33274886	2.295213641	0.798094037	4.322996482	2.276226649	0.065113879	11.79809243	2.914415343	0.05112802	18.26265704	5.368351889	0.363142658	16.48568514
1145	2.959066293	-5.08915E-31	60.61895601	13.48258625	1.440002899	24.00710048	70.79757954	26.38054185	81.33774312	2.29535391	0.800801619	4.323311096	2.277209911	0.065132499	11.82183679	2.91556317	0.051142218	18.26784665	5.372640928	0.36446482	16.49410191
1146	2.953466131	-5.07552E-31	60.48221646	13.47395962	1.440520656	23.99443395	70.80525174	26.46592915	81.34273341	2.295493705	0.801210761	4.323619426	2.278192313	0.065155686	11.85074565	2.916710075	0.051156399	18.27303222	5.376926416	0.365606991	16.50244421
1147	2.947884616	-5.06812E-31	60.34511659	13.46533575	1.436971779	23.98187318	70.81290885	26.55171974	81.34731222	2.295633029	0.801258793	4.323921598	2.279173936	0.065242168	11.87488161	2.917855465	0.051170564	18.27821376	5.381208355	0.365790211	16.51077382
1148	2.942321683	-5.19395E-31	60.20765653	13.45671769	1.433431596	23.96924608	70.82055076	26.63975253	81.35031481	2.295771883	0.801306695	4.324217723	2.280152671	0.065269175	11.8762662	2.918998568	0.051184714	18.28339127	5.385486748	0.365975398	16.51909075
1149	2.936777264	-5.37255E-31	60.06983641	13.44810877	1.429900086	23.95657138	70.82817746	26.728026	81.35326052	2.29591027	0.801369843	4.324354562	2.281127563	0.065296163	11.87764107	2.920137074	0.051198847	18.28856474	5.389761598	0.366184411	16.52945176
1150	2.931251293	-5.26887E-31	59.93165638	13.43951032	1.426377229	23.94739953	70.83578895	26.8165404	81.35618669	2.29604819	0.801435812	4.324363482	2.282100702	0.065323133	11.87900629	2.921267627	0.051212965	18.29373417	5.394032911	0.366392392	16.53994837
1151	2.925743706	-5.09744E-31	59.84249784	13.43091908	1.422863003	23.9333144	70.84338534	26.84317545	81.36028965	2.296185647	0.801501908	4.32437224	2.283072731	0.065350083	11.88036193	2.922392809	0.051227066	18.29889957	5.39830069	0.366599344	16.55043632
1152	2.920254442	-5.55263E-31	59.7749931	13.42232967	1.419357388	23.92014511	70.85096686	26.8453921	81.36265352	2.29632264	0.801568132	4.324377834	2.284044148	0.065377014	11.88170806	2.923517304	0.051241152	18.30406094	5.402564938	0.366805274	16.56091562
1153	2.914783444	-5.35298E-31	59.68144969	13.41374284	1.415860363	23.91909147	70.8585335	26.84761454	81.36506097	2.296459173	0.801634481	4.324379417	2.285014644	0.065403926	11.8916594	2.924640742	0.051255222	18.30921828	5.406825658	0.367511472	16.57138627
1154	2.909330652	-5.42121E-31	59.55570454	13.40515904	1.412371907	23.92511566	70.8660853	26.84984278	81.37202836	2.296595246	0.801700957	4.324380984	2.285984214	0.06543082	11.89412379	2.925762693	0.051269276	18.31437158	5.41108285	0.368623486	16.58184829
1155	2.90389601	-5.36517E-31	59.42971249	13.39657969	1.408892	23.91650274	70.87362216	26.85207682	81.37921931	2.296730862	0.801767557	4.325272472	2.286951705	0.065457694	11.89642163	2.926883059	0.051283314	18.31952085	5.415336519	0.369741057	16.59230168
1156	2.898479456	-5.84272E-31	59.30347423	13.38801121	1.405420621	23.90767749	70.8811437	26.85431666	81.3840323	2.296866022	0.802206837	4.32527893	2.287916635	0.065484549	11.89868024	2.927996307	0.051297336	18.3246661	5.419586667	0.370882802	16.60274645
1157	2.893080935	-5.67162E-31	59.17699044	13.37944605	1.40195775	23.89885547	70.88865024	26.88251911	81.38895635	2.297000727	0.804816418	4.325285259	2.288880585	0.065511386	11.90092033	2.929108155	0.051311343	18.32980731	5.423833301	0.372026308	16.6131826
1158	2.88770039	-5.80943E-31	59.05026184	13.37088423	1.398503366	23.89003669	70.89614169	26.97032338	81.39698333	2.297134979	0.807494583	4.32529146	2.289843079	0.065530859	11.90315872	2.930219217	0.051325334	18.33494449	5.428076423	0.37317156	16.62361015
1159	2.882337769	-5.74914E-31	58.92328915	13.36232549	1.395057449	23.88122114	70.90361829	27.0583539	81.40500176	2.29726878	0.810177688	4.325297538	2.290804786	0.065539483	11.9053954	2.931328857	0.051339309	18.34007764	5.432316033	0.374002703	16.6340291
1160	2.876993021	-5.74745E-31	58.79607309	13.35377045	1.391694225	23.87240881	70.91108026	27.14661068	81.41287452	2.29740213	0.81080556	4.325303494	2.291764975	0.065548091	11.90763037	2.932437025	0.051353268	18.34520677	5.436552135	0.374662302	16.64254236
1161	2.871666093	-5.84305E-31	58.66861443	13.34522009	1.392411541	23.86358394	70.91852781	27.23692375	81.41790588	2.297535032	0.8125319	4.32530933	2.292722471	0.065556683	11.90986364	2.933543775	0.051367211	18.35033187	5.440784732	0.375322837	16.64933215
1162	2.866356936	-5.80702E-31	58.54091391	13.33667195	1.395352569	23.85471643	70.92596104	27.32769975	81.42400326	2.297667488	0.81514564	4.325315049	2.293679177	0.065565259	11.91209519	2.934649587	0.051381139	18.35545294	5.445013824	0.376220864	16.65610479
1163	2.8610655	-5.66685E-31	58.4129723	13.32812565	1.3983024	23.84585223	70.93337995	27.41870552	81.42817573	2.297799497	0.817766419	4.325320654	2.294635276	0.065568395	11.91432505	2.935754713	0.051395251	18.36057	5.449239414	0.377465367	16.66286031
1164	2.85579174	-5.92203E-31	58.28479039	13.31958309	1.401257862	23.83699132	70.9407845	27.50994102	81.4348407	2.297931062	0.820398266	4.325326147	2.295589841	0.065570396	11.9165532	2.936858261	0.051414551	18.36568303	5.453461505	0.378713504	16.66959876
1165	2.850535607	-5.52431E-31	58.15636897	13.31104522	1.404218966	23.82747153	70.94817466	27.60140623	81.44141934	2.298062185	0.823078494	4.325331529	2.296541956	0.065592581	11.91877964	2.937960271	0.051433836	18.37079204	5.4576801	0.37996575	16.68423504
1166	2.845297055	-5.55197E-31	58.02770886	13.30251082	1.407185717	23.81626859	70.9555506	27.6931011	81.44791905	2.298192866	0.824987675	4.325336804	2.29749207	0.065600645	11.92100439	2.939061384	0.051439495	18.37589702	5.461895201	0.381240935	16.69941587
1167	2.84007604	-5.57077E-31	57.89881086	13.29397951	1.409968904	23.80507092	70.96291228	27.78502557	81.454415	2.298323107	0.82503269	4.325341973	2.298440778	0.065608693	11.92322744	2.940161475	0.051449747	18.41171317	5.466106811	0.382519879	16.71457352
1168	2.834872518	-5.60693E-31	57.76967583	13.28545139	1.409349763	23.79387852	70.97025972	27.87717961	81.45823889	2.298452908	0.825077532	4.325343497	2.299387772	0.065616726	11.92544879	2.941260759	0.051491594	18.45570484	5.470314932	0.383802589	16.72826849
1169	2.829686446	-5.29766E-31	57.64030459	13.27692509	1.403530621	23.78269139	70.97759311	27.95762249	81.4609878	2.298582273	0.825145193	4.325343497	2.300334165	0.065624844	11.92766844	2.942359347	0.051510814	18.49959684	5.474519565	0.385089073	16.73881874
1170	2.824517783	-5.34965E-31	57.51069802	13.26840064	1.399677904	23.77405133	70.98491246	27.95971746	81.46373271	2.298711201	0.825215622	4.325343497	2.301279956	0.065633311	11.93243799	2.943457239	0.051530018	18.54059593	5.478720714	0.386379339	16.74936032
1171	2.819366489	-5.23489E-31	57.38085699	13.25987865	1.402610747	23.76951058	70.99221778	27.96181583	81.46780388	2.298839694	0.826332158	4.325343497	2.302224616	0.065642103	11.93698023	2.944554401	0.051549207	18.54670907	5.482918379	0.387673394	16.75989322
1172	2.814232523	-5.40644E-31	57.25078238	13.25135974	1.401626535	23.7649516	70.99950906	27.96391756	81.47278518	2.298967753	0.826339032	4.325343497	2.303167585	0.065657911	11.93888232	2.945650777	0.051568379	18.61369235	5.487112565	0.388971246	16.77039353
1173	2.809115845	-5.63401E-31	57.12047509	13.242843	1.404497311	23.75524303	71.00678635	27.96602264	81.47776261	2.29909538	0.828287178	4.325343497	2.304109729	0.065689522	11.94810346	2.946746422	0.051587535	18.63285457	5.491303273	0.390272902	16.78072809
1174	2.804016418	-5.40219E-31	56.98993604	13.23433297	1.407373941	23.74456479	71.01404967	28.0133709	81.48273617	2.299222575	0.830812015	4.325343497	2.305051184	0.065721117	11.96199761	2.947836677	0.051607634	18.63765928	5.495490506	0.391578369	16.7910543
1175	2.7989342	-5.24067E-31	56.85791615	13.22582795	1.410256432	23.73389136	71.02129907	28.09599373	81.48770586	2.299349341	0.830855597	4.325343497	2.305990963	0.065752869	11.97585208	2.948924211	0.051710704	18.64195313	5.499674268	0.392885966	16.80137216
1176	2.793869155	-5.21993E-31	56.7254892	13.21732596	1.413317515	23.72322273	71.02853472	28.18060699	81.4926705	2.299475677	0.832261658	4.325343497	2.306929459	0.065784674	11.98866798	2.950010469	0.051837155	18.6457235	5.503854559	0.394064703	16.81168168
1177	2.788821246	-5.26667E-31	56.59282614	13.20882741	1.416392839	23.7125589	71.03575661	28.26535368	81.49758526	2.299601586	0.833946635	4.328369129	2.307866665	0.065816465	11.99261215	2.951095105	0.051963809	18.64949016	5.508031384	0.395509777	16.82198288
1178	2.783790436	-5.65576E-31	56.45992796	13.20033135	1.414610666	23.70189987	71.04296469	28.35023315	81.50249616	2.299727068	0.835676218	4.329066546	2.308803178	0.06584824	12.00712753	2.95217853	0.05207414	18.65325311	5.512204743	0.396410039	16.83227575
1179	2.778776691	-5.75522E-31	56.32679562	13.19183861	1.411985652	23.69124563	71.05015894	28.43524474	81.50740323	2.299852124	0.836082967	4.329070601	2.309738989	0.065879999	12.00899295	2.953259997	0.052093245	18.65701236	5.51637464	0.39756994	16.8425603
1180	2.773779976	-5.64191E-31	56.19343011	13.1833498	1.409366149	23.68089117	71.05733927	28.52038779	81.51384045	2.299976757	0.838712519	4.329074575	2.310672733	0.065911743	12.01055003	2.954340394	0.052112343	18.66076791	5.520541077	0.398731146	16.85243382
1181	2.768800255	-5.75513E-31	56.05983245	13.17486421	1.406752147	23.67258341	71.06450552	28.60566163	81.52166362	2.300100966	0.839046726	4.329078469	2.311605075	0.065943472	12.01210629	2.955419916	0.052131432	18.66451977	5.524704056	0.399893639	16.86030168
1182	2.763837496	-5.66012E-31	55.92573103	13.16638246	1.403971474	23.67918308	71.0716578	28.69106558	81.53055175	2.300224753	0.84142285	4.329082286	2.312535424	0.065975185	12.01366171	2.956498486	0.052150514	18.66826793	5.52886358	0.401057402	16.86815822
1183	2.758891663	-5.84862E-31	55.79120423	13.15790409	1.401168832	23.66978214	71.07879622	28.77659895	81.53943294	2.30034812	0.843562429	4.329086026	2.31346411	0.066007002	12.0152163	2.957576147	0.052169587	18.67201241	5.533019649	0.402222417	16.87597511
1184	2.753962725	-5.91813E-31	55.65644628	13.14942961	1.398371844	23.65975439	71.08592087	28.80718761	81.54830718	2.300471066	0.843569253	4.329089692	2.314391363	0.06603912	12.01822787	2.958652094	0.052188652	18.6757532	5.537172266	0.402421453	16.88370788
1185	2.749050646	-5.9564E-31	55.52145824	13.14095939	1.395580499	23.64877493	71.09303176	28.84445482	81.55547056	2.300593594	0.845152418	4.329093285	2.315316602	0.066071223	12.02181896	2.95972657	0.052207709	18.67949031	5.541321435	0.402563394	16.89142926
1186	2.744155392	-6.13662E-31	55.3862412	13.13249251	1.392794785	23.63236922	71.10012897	28.93000848	81.56021872	2.300715704	0.845760357	4.329414263	2.316240007	0.066103311	12.0254062	2.960800253	0.052226758	18.68322374	5.545467157	0.402705057	16.89913927
1187	2.739276931	-5.75869E-31	55.25079625	13.12402764	1.390014691	23.62258089	71.10721262	28.94650067	81.56492658	2.300837398	0.845760524	4.331944014	2.317162813	0.066135384	12.02898959	2.961873167	0.0522458	18.6869535	5.549609435	0.402846443	16.90683791
1188	2.734415231	-5.80683E-31	55.1151245	13.1155689	1.387240206	23.61423741	71.1142827	28.94989492	81.57136936	2.300958677	0.84576069	4.332365041	2.318084945	0.066167442	12.03157164	2.962941277	0.052264833	18.69067959	5.553748271	0.402990457	16.9138661
1189	2.72957026	-5.81868E-31	54.99789464	13.10711529	1.384632533	23.60488084	71.12133918	29.00385848	81.57849905	2.301079541	0.845803759	4.332368355	2.319006062	0.066199484	12.03248454	2.964005995	0.052283858	18.69440202	5.557883668	0.403537405	16.92009831
1190	2.724741984	-5.58083E-31	54.93496673	13.09866614	1.382050043	23.59399287	71.12838199	29.00409399	81.5856205	2.301199992	0.848045717	4.332371604	2.319925287	0.066231511	12.04032544	2.965068981	0.052302875	18.69812078	5.562015628	0.40480106	16.92631759
1191	2.71993037	-5.51475E-31	54.8721071	13.09022173	1.383001104	23.58310994	71.13541115	29.00432873	81.59273371	2.30132003	0.850742528	4.332374787	2.320842652	0.066263523	12.0439356	2.966129922	0.052321884	18.70183588	5.566144154	0.406078101	16.93252395
1192	2.715135385	-5.7384E-31	54.80931614	13.08178384	1.385734151	23.57365178	71.14242651	29.00456269	81.59768629	2.301439658	0.853162628	4.332377907	2.321757326	0.06629552	12.0475419	2.967188026	0.052341166	18.70554733	5.570269249	0.407363093	16.93871743
1193	2.710356995	-5.9704E-31	54.74659428	13.07335116	1.386958175	23.56773937	71.14942814	29.00479587	81.60252275	2.301558876	0.853170216	4.332380965	2.322670179	0.066327502	12.05114434	2.968243737	0.052358432	18.70925513	5.574390915	0.408669486	16.94489805
1194	2.705595166	-5.9076E-31	54.68394191	13.06492058	1.389275414	23.55759612	71.15641622	29.00502829	81.60735415	2.301677685	0.853177686	4.332383962	2.32358243	0.066359468	12.05474294	2.969298756	0.052369784	18.71295928	5.578509155	0.40997877	16.95106584
1195	2.700849867	-5.71358E-31	54.62130044	13.05649206	1.389731514	23.54729431	71.16339083	29.00643973	81.61211328	2.301796087	0.853214127	4.3323869	2.324494089	0.066391662	12.05833768	2.970353098	0.052407034	18.71665978	5.582623969	0.411290941	16.95722082
1196	2.696121063	-5.65059E-31	54.55865239	13.04806558	1.386125412	23.54102913	71.170352	29.10092053	81.61680394	2.301914081	0.853282159	4.332389779	2.325405154	0.066498201	12.06192859	2.971406761	0.052425699	18.72035665	5.586735361	0.412605997	16.96336303
1197	2.691408722	-5.578E-31	54.49607315	13.03964113	1.382601726	23.53740191	71.17729978	29.1977934	81.62182597	2.302031671	0.853350195	4.332392601	2.326315626	0.066520906	12.06551566	2.972459742	0.052444355	18.72404988	5.590843332	0.413923932	16.96949248
1198	2.68671281	-5.40679E-31	54.43356309	13.03122007	1.379156497	23.52857024	71.18423416	29.29522164	81.62895929	2.302148855	0.85426507	4.332395367	2.327225293	0.066524235	12.06909889	2.973510933	0.052463004	18.72773947	5.594947884	0.414693282	16.9756092
1199	2.68203329	-5.59547E-31	54.37112259	13.02280205	1.375720606	23.5223302	71.19115515	29.39492894	81.63450594	2.302265637	0.854764511	4.332398077	2.328133905	0.066527555	12.07267829	2.974560945	0.052482276	18.73142544	5.599049019	0.415353086	16.98171323
1200	2.677370127	-5.69811E-31	54.30875204	13.01438713	1.37510858	23.51513305	71.1980627	29.49488907	81.63847712	2.302382017	0.854764685	4.332400734	2.329041237	0.066553603	12.07625387	2.975610046	0.052527648	18.73510778	5.60314674	0.416865449	16.98780459
1201	2.672723282	-5.71749E-31	54.24645182	13.00598266	1.371869061	23.50694575	71.20495582	29.5951018	81.64375261	2.302497995	0.854764857	4.332403339	2.329943839	0.066584654	12.07982562	2.976655359	0.052624633	18.7387865	5.60724105	0.418380621	16.9938833
1202	2.66809271	-5.89792E-31	54.18422229	12.99758432	1.365058029	23.49876129	71.21183504	29.60809082	81.64660472	2.302613575	0.854765026	4.332405891	2.330844699	0.06661569	12.08339356	2.9776977	0.052721769	18.7424616	5.611331955	0.418884475	16.99994939
1203	2.663478374	-5.92053E-31	54.12206384	12.98918851	1.361405774	23.49054822	71.21870108	29.6110282	81.6506282	2.302728756	0.854765193	4.332408394	2.331744935	0.06664671	12.08695768	2.978738886	0.052819058	18.74613308	5.615419458	0.41891969	17.00600288
1204	2.658880236	-6.12886E-31	54.05997684	12.98079481	1.357763496	23.48730714	71.22555386	29.61396925	81.65517436	2.302843539	0.854765357	4.334176187	2.332644591	0.066677419	12.090518	2.979779398	0.052916498	18.74980095	5.61950356	0.419322911	17.01204381
1205	2.654298258	-5.94667E-31	53.92091054	12.97240441	1.354181084	23.47912575	71.23239336	29.67812762	81.66148144	2.302957928	0.854765519	4.334478408	2.333543611	0.066695185	12.0940745	2.980818168	0.052947274	18.75346522	5.623584265	0.42063511	17.0180722
1206	2.649732398	-5.90633E-31	53.76480695	12.9640162	1.35072137	23.47052232	71.2392196	29.7708865	81.67136116	2.303071921	0.854765678	4.334570306	2.33444205	0.066712931	12.09762721	2.981856258	0.052964207	18.75712588	5.627661574	0.421906755	17.02408807
1207	2.645182616	-6.19189E-31	53.60831552	12.95563192	1.347270418	23.461861	71.24603241	29.8638366	81.68123072	2.303185521	0.854765835	4.334660386	2.335338503	0.066730657	12.10117612	2.982893533	0.052981594	18.76078294	5.63173549	0.423234216	17.03009145
1208	2.64064887	-6.01912E-31	53.45143674	12.94725044	1.344133451	23.45320287	71.25283192	29.95697742	81.69109015	2.303298729	0.854826589	4.334748686	2.336233938	0.066748363	12.10472124	2.983930085	0.053000939	18.76443641	5.635806015	0.424528764	17.03608237
1209	2.636131118	-6.20425E-31	53.29417112	12.93887115	1.343546046	23.44454793	71.25961829	29.97192871	81.70093946	2.303411546	0.857591131	4.33483524	2.337128793	0.066766049	12.10826256	2.984965954	0.053020271	18.76808628	5.63987315	0.425826676	17.04206086
1210	2.631629315	-6.12603E-31	53.1365192	12.9304943	1.342949585	23.43589618	71.2663916	29.97194511	81.70705352	2.303523974	0.860361749	4.334920084	2.338022926	0.066783715	12.1118001	2.98600099	0.05303959	18.77173256	5.643936899	0.427127956	17.04802693
1211	2.627143419	-6.12067E-31	52.97848155	12.92212192	1.336955912	23.42724762	71.27315171	29.97196147	81.71216492	2.303636013	0.863173678	4.335003254	2.338915201	0.066807861	12.11533386	2.98703447	0.053120226	18.77537525	5.647997262	0.428432607	17.05398062
1212	2.622673384	-5.72279E-31	52.82005873	12.91375427	1.329797813	23.41843853	71.27989868	29.97336597	81.71727294	2.303747666	0.866005824	4.335084783	2.339805663	0.066842271	12.11872822	2.988066098	0.053150271	18.77901436	5.652054243	0.429740633	17.05992195
1213	2.618219161	-6.19828E-31	52.66125136	12.90539159	1.326323424	23.40986646	71.28663261	29.97512946	81.72224336	2.303858933	0.868844051	4.335164704	2.340695036	0.066876673	12.12148973	2.989094827	0.053168195	18.78264989	5.656107845	0.431052038	17.06585094
1214	2.613780704	-6.175E-31	52.50206007	12.89703211	1.326701077	23.40112659	71.29335355	29.9768955	81.72719932	2.303969817	0.869778104	4.33524305	2.341583612	0.066911065	12.12424821	2.990122137	0.053186108	18.78628185	5.66015807	0.432366825	17.07176763
1215	2.609357964	-6.1224E-31	52.34248549	12.88867556	1.328833065	23.39184703	71.30006154	29.97866408	81.74355944	2.304080318	0.869827705	4.335319852	2.342471521	0.066945448	12.12700367	2.991148183	0.05320401	18.78991024	5.664204922	0.432885554	17.07767203
1216	2.60495089	-6.8986E-31	52.1825283	12.88032784	1.330966395	23.38364067	71.3067564	29.9804352	81.74776133	2.304190437	0.869877364	4.335395143	2.343357254	0.066979822	12.12975611	2.992168777	0.053221901	18.79353505	5.668248403	0.433294228	17.08356418
1217	2.600559431	-6.6016E-31	52.02218919	12.87198401	1.333101053	23.37522235	71.31343823	30.02706307	81.75184773	2.304300177	0.86992708	4.335468953	2.344241591	0.067014187	12.13250553	2.993188051	0.053239781	18.79715631	5.672288517	0.43370267	17.08944409
1218	2.596183532	-6.38652E-31	51.86146889	12.86364536	1.335237022	23.36660787	71.32010695	30.09626324	81.75592825	2.304409539	0.870094727	4.335541311	2.345123006	0.067048542	12.13525194	2.994206341	0.053257649	18.800774	5.676325268	0.434110879	17.0953118
1219	2.59182314	-6.11733E-31	51.70036814	12.85531312	1.337175092	23.35799656	71.32676251	30.1655622	81.76000595	2.304518524	0.872082063	4.335612247	2.346001382	0.067082889	12.13799533	2.995222663	0.053275506	18.80438813	5.680358659	0.434518855	17.10116733
1220	2.587478199	-6.54232E-31	51.53888769	12.8469853	1.333365085	23.34938843	71.33340515	30.18545624	81.76408084	2.304627134	0.874711768	4.33568179	2.346878173	0.067117226	12.14073572	2.99623736	0.053293352	18.80799871	5.684388691	0.434926599	17.10750351
1221	2.583148654	-6.91512E-31	51.37702835	12.83866023	1.324351554	23.34078347	71.34003499	30.1934325	81.76847588	2.304735371	0.877140155	4.335749968	2.347754162	0.067151554	12.1434731	2.997251229	0.053311186	18.81160574	5.688415369	0.435334111	17.1159477
1222	2.578834451	-6.97529E-31	51.21479092	12.83033753	1.315391627	23.33218168	71.34665209	30.20170211	81.77388893	2.304843236	0.87789748	4.335816809	2.348629586	0.067185874	12.14620748	2.998264417	0.05332901	18.81520922	5.692438694	0.435753059	17.12437979
1223	2.574535533	-6.75599E-31	51.05217626	12.82201722	1.306485118	23.32357244	71.35325648	30.20989469	81.78211998	2.30495073	0.87789798	4.335882339	2.349504443	0.067220184	12.14893887	2.999276921	0.053346822	18.81880916	5.696458668	0.436184992	17.1327998
1224	2.570251842	-6.39882E-31	50.88918521	12.81369935	1.297631839	23.31491092	71.35984823	30.25524215	81.78668757	2.305057856	0.877898472	4.335946585	2.350378732	0.067254484	12.15166725	3.000288695	0.053364623	18.82240556	5.700475293	0.436616784	17.14120774
1225	2.565983321	-6.59044E-31	50.72581868	12.80538462	1.292653671	23.30639533	71.36642738	30.25540112	81.79112993	2.305164614	0.877898957	4.336009574	2.351252434	0.067288776	12.15436896	3.001299057	0.053382412	18.82599842	5.704488572	0.437048435	17.14960103
1226	2.56172991	-6.52328E-31	50.56207758	12.79707343	1.29353164	23.29780622	71.37299392	30.25555815	81.79726471	2.305271007	0.877899433	4.33607133	2.352125148	0.067323059	12.15701843	3.002308078	0.053401577	18.82958775	5.708498506	0.437479946	17.15798155
1227	2.557491548	-6.5156E-31	50.39796286	12.7887677	1.286675029	23.2897783	71.37954782	30.25571327	81.80437916	2.305377036	0.877899902	4.337007022	2.352996127	0.067356003	12.15966498	3.003314668	0.053502049	18.83317355	5.712505099	0.437911316	17.16641732
1228	2.553268173	-6.46293E-31	50.23347549	12.78046583	1.282575466	23.28252372	71.38608921	30.25586649	81.81148852	2.305482703	0.877900363	4.338066751	2.353865635	0.067381529	12.16230861	3.004320099	0.053640904	18.83675582	5.716508354	0.438342545	17.17484533
1229	2.549059724	-6.59801E-31	50.06861646	12.77216803	1.279947783	23.27525577	71.3926181	30.25601785	81.81859277	2.30558801	0.877900816	4.338066751	2.354733679	0.067407037	12.16494932	3.00532418	0.053780107	18.84033457	5.720508273	0.438773635	17.18326558
1230	2.544866139	-6.39978E-31	49.9033868	12.7638754	1.277393445	23.26782371	71.39913457	30.30215147	81.82569193	2.305692958	0.877901263	4.338066751	2.355600463	0.067432527	12.16797487	3.006325616	0.053802051	18.84390981	5.724504858	0.439204585	17.19167807
1231	2.540687352	-6.07933E-31	49.73778756	12.7555885	1.274865143	23.25892754	71.40563863	30.3958669	81.83278599	2.305797549	0.877901702	4.338066751	2.356465878	0.067457999	12.17068239	3.007323975	0.053816597	18.84748152	5.728498114	0.440021899	17.20008282
1232	2.5365233	-6.48291E-31	49.57181982	12.74730599	1.272341859	23.25000835	71.41213031	30.48985229	81.83985801	2.305901784	0.877902134	4.338066751	2.357330121	0.067483454	12.17338694	3.008320454	0.053831132	18.85104973	5.732488043	0.441380374	17.20847982
1233	2.532373916	-6.83826E-31	49.40548469	12.7390276	1.269823582	23.23997287	71.41860963	30.58405011	81.84683718	2.306005666	0.877902559	4.338066751	2.358193273	0.06750889	12.17608852	3.009315263	0.053845657	18.85461443	5.736474648	0.442019028	17.21686909
1234	2.528239138	-6.71023E-31	49.23878331	12.73075176	1.267310302	23.22990645	71.42507671	30.67846016	81.85381136	2.306109197	0.877902977	4.338066751	2.359055865	0.067534308	12.17878714	3.010309402	0.05386017	18.85817562	5.740457931	0.442319076	17.22525064
1235	2.524118898	-6.63774E-31	49.07171685	12.72248304	1.264858855	23.22049389	71.43153112	30.77308222	81.86078056	2.306212377	0.879236195	4.338066751	2.359915131	0.067559708	12.1814828	3.011301535	0.053875982	18.86284701	5.744437894	0.442611445	17.23362446
1236	2.520013127	-6.41948E-31	48.90428649	12.71421962	1.262493296	23.21190769	71.43797289	30.86791609	81.86774477	2.306315209	0.881055495	4.339188198	2.360772072	0.06758509	12.18413606	3.012292539	0.053892096	18.8675399	5.74841454	0.44288085	17.24199057
1237	2.515921761	-6.66957E-31	48.73649347	12.70595949	1.260139922	23.20332466	71.4444024	30.96414437	81.87470401	2.306417695	0.88105716	4.3391882	2.361628225	0.067610454	12.18677611	3.013282559	0.053908199	18.8722271	5.752387873	0.443150056	17.25034898
1238	2.511844731	-6.70447E-31	48.56833904	12.69770233	1.261874316	23.19452161	71.45081977	31.06170728	81.88057313	2.306519836	0.881105908	4.339188203	2.36248374	0.0676358	12.18941324	3.0142717	0.053924293	18.8769086	5.756357893	0.443419061	17.25869969
1239	2.50778197	-6.64931E-31	48.39982449	12.68945037	1.264468006	23.18526491	71.4572249	31.15948805	81.88470795	2.306621633	0.88226482	4.339188205	2.363337509	0.067661128	12.19204746	3.015259013	0.05394511	18.88158442	5.760324604	0.443695631	17.26704271
1240	2.503733411	-7.10562E-31	48.23335394	12.68120247	1.267066362	23.17766779	71.46361794	31.2574864	81.88883998	2.30672309	0.884706229	4.339188207	2.364190106	0.067686438	12.19467876	3.016244976	0.054026123	18.88625455	5.764288008	0.443974343	17.27537805
1241	2.499698986	-6.89042E-31	48.11196106	12.67296005	1.269669391	23.16857544	71.46999898	31.35570203	81.89296923	2.306824208	0.885588882	4.33918821	2.3650414	0.06771173	12.19730717	3.017228269	0.054107177	18.89091901	5.768248108	0.44425285	17.28370571
1242	2.495678624	-7.13436E-31	47.99055756	12.66472168	1.272277096	23.16054592	71.47636813	31.45413463	81.89709571	2.306924987	0.885588922	4.339188212	2.365891878	0.067737005	12.19993266	3.018209796	0.054188271	18.8955778	5.772204906	0.44453115	17.29202571
1243	2.491672258	-7.25288E-31	47.86914504	12.65648613	1.274889482	23.15199579	71.48272544	31.5527839	81.9037564	2.307025431	0.885588961	4.339188214	2.366741799	0.067762261	12.20670736	3.019190544	0.054204741	18.90023094	5.776158404	0.444809246	17.30033804
1244	2.487679818	-6.98168E-31	47.74772512	12.64825332	1.277506556	23.14342307	71.48907093	31.6516495	81.91101834	2.307125541	0.885619372	4.339188216	2.367591171	0.0677875	12.21306185	3.020170619	0.054219594	18.90487842	5.780108606	0.445087135	17.30864271
1245	2.483701237	-7.46774E-31	47.62629942	12.64002379	1.27705496	23.1336168	71.4954046	31.71047111	81.91827473	2.307225319	0.885683744	4.339188218	2.368439677	0.067812721	12.2146535	3.021149866	0.054234435	18.90952025	5.784055512	0.44536482	17.31693974
1246	2.479736445	-7.18942E-31	47.50486956	12.6317981	1.279165745	23.12179488	71.50172649	31.71338423	81.92552558	2.307324767	0.887625117	4.33918822	2.369287289	0.067837923	12.21717017	3.022127792	0.054249263	18.91415644	5.787999125	0.44655536	17.32522913
1247	2.475785371	-6.78191E-31	47.38343716	12.62357523	1.281290737	23.11131965	71.50803667	31.71630157	81.93277089	2.307423885	0.888601871	4.339188222	2.37013435	0.067863108	12.23039226	3.023105043	0.054296012	18.918787	5.791939448	0.448141161	17.33351088
1248	2.471847945	-6.67474E-31	47.26200386	12.61535523	1.278001472	23.10208816	71.51433519	31.71922313	81.94001068	2.307522677	0.888601871	4.339188224	2.370980858	0.067888276	12.24086222	3.024081615	0.054365515	18.92341194	5.795876484	0.449731333	17.34178501
1249	2.467924098	-6.88278E-31	47.10464575	12.60713914	1.274305087	23.09286037	71.52062201	31.72214889	81.94724493	2.307621144	0.88861145	4.339188226	2.371825953	0.067913425	12.24193235	3.025057417	0.054435072	18.92803125	5.799810233	0.451052246	17.34958981
1250	2.464013758	-7.01056E-31	46.94342404	12.59892829	1.270619394	23.08363626	71.52689715	31.72507884	81.95446605	2.307719288	0.891168295	4.339806274	2.372669405	0.067938557	12.24299315	3.026031409	0.054504682	18.93264496	5.8037407	0.451341606	17.35606659
1251	2.460116854	-7.16762E-31	46.78197057	12.59072147	1.266944361	23.07441583	71.53316072	31.72801295	81.96159002	2.30781711	0.892843532	4.340049705	2.373512071	0.06796367	12.24405189	3.027003891	0.05453845	18.93725306	5.807667888	0.451628946	17.36341146
1252	2.456233311	-7.34116E-31	46.62028751	12.58252317	1.263279958	23.06519909	71.53941281	31.75610736	81.96870853	2.307914612	0.892843532	4.340049779	2.374353113	0.067988766	12.24510857	3.027971183	0.054553748	18.94185556	5.8115918	0.451914278	17.37151986
1253	2.452363056	-6.78178E-31	46.50759776	12.57432828	1.259626154	23.05598602	71.54565359	31.75847465	81.97434431	2.308011797	0.892843532	4.340049852	2.375193473	0.068013845	12.2461632	3.028937362	0.054569041	18.94645247	5.815512439	0.452206348	17.37961675
1254	2.44850602	-6.76431E-31	46.46008126	12.56613666	1.255982918	23.04677664	71.55188311	31.76082298	81.97743635	2.308108665	0.892855467	4.340049923	2.376033166	0.068038905	12.24721578	3.029902569	0.054584328	18.95104379	5.819429808	0.45245747	17.38770215
1255	2.444662131	-6.6064E-31	46.4127356	12.55794973	1.252350221	23.03757094	71.55810122	31.7760156	81.98052587	2.30820522	0.892920682	4.340049994	2.376871374	0.068063948	12.24826631	3.030866407	0.05459961	18.95562954	5.823343909	0.45252438	17.39577608
1256	2.440831318	-6.86839E-31	46.30081041	12.54976855	1.24872803	23.02836891	71.56430794	31.85700074	81.98492915	2.308301462	0.893716951	4.340050063	2.377707665	0.068088973	12.2493148	3.031828324	0.054614887	18.96020972	5.827254745	0.452591041	17.40383856
1257	2.43701351	-6.87641E-31	46.18189177	12.54159033	1.245185882	23.01917056	71.57050352	31.93944012	81.99223704	2.308397393	0.895148225	4.340050132	2.378543371	0.06811398	12.25036125	3.03278956	0.054630157	18.96478433	5.831162319	0.453374206	17.41188959
1258	2.433208634	-6.95021E-31	46.06061037	12.53341503	1.241719348	23.00997589	71.57668804	32.02278056	81.99947317	2.308493015	0.897560614	4.340050199	2.379378528	0.06813897	12.25140567	3.033750124	0.054645423	18.96935338	5.835066633	0.453638655	17.41992919
1259	2.429416621	-6.8986E-31	45.93934506	12.52524265	1.241704193	23.00078488	71.58286156	32.10654471	82.00670231	2.30858833	0.898758547	4.340050266	2.380213135	0.068163941	12.25244805	3.034710015	0.054660683	18.97391688	5.838967688	0.453901181	17.42795739
1260	2.425637399	-6.93881E-31	45.81674034	12.5170744	1.240877759	22.99159755	71.5890241	32.19040984	82.01193192	2.30868334	0.899360818	4.340050331	2.381047019	0.068188896	12.25348678	3.035668261	0.054675937	18.97847484	5.842865488	0.45417001	17.43597419
1261	2.421870893	-6.96478E-31	45.65571932	12.50891349	1.237218406	22.98241389	71.59517575	32.27437533	82.01498716	2.308778046	0.901221206	4.340050395	2.381879621	0.068213832	12.26184226	3.036622162	0.054691186	18.98302727	5.846760036	0.454695729	17.443975
1262	2.418117034	-7.16223E-31	45.49444665	12.5007555	1.233569843	22.9732339	71.60131671	32.3584405	82.01804013	2.308872449	0.903048329	4.340050459	2.382711615	0.068238877	12.26360129	3.037575358	0.05470643	18.99232148	5.850651336	0.456301568	17.45193701
1263	2.414375747	-6.79132E-31	45.33292419	12.49260197	1.229932037	22.9638696	71.60744672	32.44260469	82.02106385	2.308966553	0.904872235	4.340050522	2.383541882	0.06826409	12.26510184	3.03852773	0.054721668	19.01239764	5.85453939	0.457912109	17.45988762
1264	2.410646959	-6.93754E-31	45.17115384	12.48445282	1.226304958	22.9508978	71.61356579	32.52686725	82.02401138	2.309060358	0.906741139	4.340050583	2.384370509	0.068291528	12.26660103	3.039479359	0.0547369	19.01490436	5.858424201	0.458882447	17.46782683
1265	2.406930596	-7.05656E-31	45.00913751	12.4763067	1.222688573	22.94153988	71.61967415	32.62919877	82.02695673	2.309153867	0.908612601	4.340050644	2.385198593	0.068320789	12.26809886	3.040430317	0.054752128	19.01624353	5.862305771	0.459299019	17.47575466
1266	2.403226587	-6.88677E-31	44.84659722	12.46816512	1.219082851	22.9362491	71.62577175	32.7321278	82.03266263	2.309247081	0.910486622	4.340050704	2.386025193	0.068350046	12.26959532	3.041380163	0.054767349	19.01757918	5.866184102	0.459635035	17.4836173
1267	2.399534857	-6.66557E-31	44.68295185	12.46002827	1.215487761	22.92720169	71.63185858	32.83526757	82.03885093	2.309340001	0.911096504	4.340050763	2.386849993	0.068381576	12.27109043	3.042329109	0.054782565	19.01891132	5.870059197	0.459970788	17.4905263
1268	2.395855336	-6.77301E-31	44.5190601	12.45189547	1.211903271	22.92171405	71.63793445	32.8780403	82.04503375	2.30943263	0.911097718	4.340050821	2.387673728	0.068570776	12.27258418	3.043277322	0.054797776	19.02023997	5.873931059	0.460306278	17.49742522
1269	2.392187948	-7.03777E-31	44.35492404	12.44376603	1.20832935	22.92297813	71.64399966	32.94547713	82.0512111	2.309524969	0.911098923	4.340050878	2.388496846	0.068645769	12.27407657	3.04422486	0.054812982	19.02156512	5.87779969	0.460641505	17.50431406
1270	2.388532623	-6.95552E-31	44.19054575	12.43563999	1.204765968	22.9143166	71.6500543	33.02770892	82.05738297	2.30961702	0.911100119	4.340050934	2.389319259	0.068665076	12.27556761	3.04517172	0.054828181	19.02375101	5.881665093	0.461088477	17.51119285
1271	2.384889287	-7.05211E-31	44.02592735	12.42751713	1.201213092	22.90560375	71.65609849	33.11238109	82.06365955	2.309708785	0.911101305	4.34005099	2.390141133	0.068684364	12.27705729	3.046117903	0.054846461	19.02824843	5.88552727	0.461881451	17.5180616
1272	2.381257868	-6.88362E-31	43.861071	12.41939809	1.197739499	22.89683366	71.66213227	33.16199334	82.06993742	2.309800265	0.911102482	4.340051045	2.390962041	0.068703635	12.27968789	3.047063244	0.054894699	19.03274039	5.889386224	0.462285961	17.52492031
1273	2.377638293	-6.94596E-31	43.69597889	12.41128446	1.197502212	22.88799204	71.6681555	33.16577818	82.07620982	2.309891462	0.911942589	4.340051099	2.391780926	0.068722888	12.28116821	3.048007411	0.055082876	19.03722689	5.893241957	0.462696397	17.53176902
1274	2.374030489	-6.96107E-31	43.53065322	12.40317614	1.19981799	22.87707883	71.6741684	33.25958983	82.0837795	2.309982377	0.912673594	4.340051152	2.392598233	0.068742123	12.2832493	3.048949886	0.05519592	19.04170794	5.897094473	0.463207961	17.53860773
1275	2.370434381	-6.93633E-31	43.36509625	12.3950729	1.202138712	22.86409381	71.68017097	33.35567715	82.09060524	2.310073013	0.912674743	4.340051204	2.393413556	0.068761341	12.28585056	3.049891406	0.05520361	19.04555255	5.900943775	0.464122062	17.54543646
1276	2.366849898	-6.68625E-31	43.19931026	12.38697314	1.204464385	22.85668337	71.68616339	33.45190998	82.09486682	2.310163371	0.913079553	4.340051256	2.394228201	0.06878054	12.2884485	3.050832137	0.055213108	19.04832859	5.904789866	0.465037701	17.55225522
1277	2.363276968	-6.94357E-31	43.03329756	12.37887766	1.204718238	22.84621392	71.69214574	33.49626447	82.10103853	2.310253453	0.915101368	4.340051307	2.395041723	0.068802068	12.29104314	3.051771713	0.055224675	19.05109964	5.908632748	0.46595488	17.55906402
1278	2.359715518	-6.9483E-31	42.86706049	12.3707863	1.201515727	22.83453066	71.6981181	33.53463228	82.10720485	2.310343261	0.915101368	4.340051357	2.395854027	0.06886684	12.29363446	3.052710371	0.05533971	19.05386571	5.912472425	0.466873604	17.56586289
1279	2.356165476	-6.8496E-31	42.70060144	12.36270084	1.19335705	22.82285034	71.70408053	33.61533043	82.11336577	2.310432795	0.915101368	4.340051406	2.396665415	0.068885085	12.29622249	3.053646044	0.055507922	19.05662682	5.916308898	0.467793874	17.57265183
1280	2.352626771	-7.09267E-31	42.53392281	12.3546203	1.184717821	22.8111507	71.71003307	33.69835535	82.1186403	2.310522058	0.915101368	4.340051455	2.397475994	0.068903311	12.29875016	3.054579636	0.055608165	19.05938296	5.920142171	0.468730839	17.57943086
1281	2.349099332	-6.86903E-31	42.36702706	12.3465437	1.176139341	22.79950908	71.71597576	33.7814668	82.1234005	2.310611051	0.915139614	4.340051503	2.398285585	0.068921517	12.30126095	3.055512324	0.055627157	19.06213415	5.923972246	0.469676756	17.58619999
1282	2.345583089	-6.93398E-31	42.19991665	12.33847183	1.167621217	22.79040215	71.72190863	33.86466414	82.12815792	2.310699776	0.916725001	4.34005155	2.399094434	0.068939705	12.303769	3.056443119	0.055648317	19.0648804	5.927799125	0.470624342	17.59295924
1283	2.342077972	-7.04566E-31	42.0325941	12.33040515	1.159492208	22.78129885	71.72783166	33.94794672	82.13291257	2.310788235	0.916725001	4.340051597	2.399902478	0.068957873	12.30627432	3.057371695	0.055669471	19.06762171	5.931622812	0.471573598	17.59970863
1284	2.338583912	-6.7021E-31	41.86506196	12.32234413	1.155967867	22.77219919	71.73374488	34.03131391	82.13766444	2.310876428	0.916725001	4.340051642	2.400709653	0.068976022	12.30877691	3.058297687	0.055690621	19.0703581	5.93544331	0.472524527	17.60644816
1285	2.335100839	-6.56342E-31	41.6973228	12.314287	1.152558878	22.76542216	71.7396484	34.11476504	82.14241354	2.310964358	0.916725001	4.340051688	2.401516278	0.068994152	12.31127677	3.059222503	0.05571348	19.07308958	5.939260622	0.473477133	17.61317785
1286	2.331628686	-6.75398E-31	41.52937925	12.30623838	1.14915994	22.75961875	71.74554202	34.19680087	82.14702962	2.311052026	0.916725001	4.340051732	2.402320755	0.069012263	12.31790067	3.060143388	0.05572861	19.07581614	5.943074751	0.47443888	17.61989772
1287	2.328167383	-6.47889E-31	41.36123395	12.29819432	1.145786159	22.75381684	71.75142578	34.27792285	82.15163126	2.311139434	0.916725001	4.340051776	2.403124137	0.069030355	12.32283188	3.061063251	0.05574678	19.07853781	5.946885701	0.475804962	17.62900901
1288	2.324716864	-6.46502E-31	41.19288959	12.29015561	1.142433806	22.74801641	71.75729968	34.36068305	82.15250228	2.311226583	0.917462134	4.340051819	2.40392581	0.069048428	12.34570704	3.061981984	0.055765149	19.08125459	5.950693474	0.477432426	17.63971885
1289	2.321277065	-6.56918E-31	41.02434889	12.28212042	1.139091288	22.74221747	71.76316395	34.44472407	82.15950676	2.311313474	0.91784851	4.340051862	2.404726958	0.069066481	12.36081117	3.062900061	0.055783508	19.08396649	5.954498073	0.478349001	17.65585377
1290	2.317847919	-6.6904E-31	40.8556146	12.27408963	1.135758574	22.73642002	71.76901855	34.52884723	82.16575146	2.311400109	0.919144274	4.340051904	2.405526858	0.069084516	12.36437432	3.063817434	0.055801856	19.08667351	5.9582995	0.47926536	17.66136053
1291	2.314429362	-7.03608E-31	40.68668951	12.26606418	1.133266786	22.73054575	71.77486332	34.61305187	82.17050691	2.31148649	0.919994461	4.340051945	2.406324962	0.069102532	12.37482587	3.06473392	0.055820195	19.08937568	5.962097758	0.480249109	17.67210681
1292	2.31102133	-7.22541E-31	40.51757646	12.25804332	1.131014023	22.70521241	71.78069838	34.69733728	82.17525957	2.311572617	0.920766934	4.340051986	2.40712183	0.069120528	12.38070183	3.065649673	0.055838523	19.09207299	5.96589285	0.481083406	17.68283596
1293	2.307623761	-6.76416E-31	40.3482783	12.25002746	1.12623364	22.69046567	71.786524	34.78170279	82.18000944	2.311658493	0.920766934	4.340052026	2.407917873	0.069138506	12.38254494	3.066563628	0.05585684	19.09476545	5.969684778	0.481978556	17.69354801
1294	2.304236592	-6.57158E-31	40.17879794	12.24201587	1.12232677	22.68140229	71.79234031	34.87051144	82.18467502	2.311744119	0.920766934	4.340052066	2.408712842	0.069156465	12.38438551	3.067476723	0.055875148	19.09745308	5.973473545	0.48304687	17.70157855
1295	2.300859763	-6.66899E-31	40.00913832	12.23400939	1.119016976	22.67234254	71.79814719	34.98171382	82.18931834	2.311829495	0.920766934	4.340052105	2.409506008	0.069174404	12.38622354	3.068388999	0.055893445	19.10013587	5.977259153	0.483948444	17.70927629
1296	2.297493211	-7.15628E-31	39.8393024	12.226009	1.115861701	22.6632864	71.80394474	35.03788774	82.19395892	2.311914623	0.921699306	4.340052143	2.410296532	0.069192325	12.38805904	3.069300283	0.055911733	19.10281385	5.981041607	0.4845188	17.71696295
1297	2.294136876	-7.2903E-31	39.6692932	12.21801286	1.117808623	22.65423389	71.80973322	35.1157428	82.19859678	2.311999506	0.922906779	4.34010332	2.411086027	0.069210227	12.38989201	3.070210605	0.05593001	19.10548702	5.984820909	0.484961505	17.72463856
1298	2.290790701	-7.278E-31	39.49911376	12.21002182	1.117780381	22.64518499	71.81551264	35.19770038	82.2032319	2.312084143	0.922954784	4.340225013	2.411874856	0.06922811	12.39066223	3.071118775	0.055948277	19.10815539	5.988597062	0.486033763	17.73230312
1299	2.28745463	-7.43137E-31	39.32876718	12.20203473	1.118882319	22.6361397	71.82128303	35.27972848	82.20634534	2.312168536	0.925746546	4.340225013	2.412663136	0.069245975	12.39089834	3.072025878	0.055966533	19.11081896	5.992370068	0.487407958	17.73991406
1300	2.284128606	-7.26073E-31	39.15825658	12.1940516	1.120964988	22.62709802	71.82704435	35.3618264	82.20935055	2.312252687	0.926236769	4.340225013	2.413450511	0.06926382	12.39113276	3.072932316	0.05598478	19.11347775	5.99613993	0.488313591	17.74748823
1301	2.280812574	-6.99245E-31	38.98758511	12.18607345	1.123051738	22.61940385	71.83279645	35.39208838	82.21235136	2.312336596	0.926236769	4.340225013	2.414236265	0.069281647	12.39307645	3.073838016	0.056003016	19.11613176	5.99990665	0.489181445	17.75505165
1302	2.277506481	-7.14714E-31	38.81675597	12.17809894	1.120673634	22.62410421	71.83853956	35.39214859	82.21534778	2.312420265	0.926252823	4.340225013	2.415021468	0.069299455	12.39662068	3.074743048	0.056021243	19.11878101	6.00367023	0.489797914	17.76260434
1303	2.274210275	-7.04413E-31	38.64577242	12.17012804	1.113765779	22.62649806	71.84427374	35.39220858	82.22002867	2.312503695	0.926313994	4.340225013	2.415806158	0.069317244	12.4001452	3.075647417	0.056039459	19.12142549	6.007430674	0.490751755	17.77014631
1304	2.270923903	-6.73389E-31	38.47463771	12.16216101	1.106900304	22.61598775	71.84999899	35.39226835	82.22604726	2.312586887	0.928460139	4.340225013	2.416590145	0.069335014	12.40294966	3.076551083	0.056057665	19.12406523	6.011187983	0.491715117	17.77767758
1305	2.267647314	-6.42825E-31	38.30335517	12.15419852	1.102471996	22.60301223	71.85571527	35.39380122	82.23206129	2.312669842	0.928984566	4.340225013	2.417372948	0.069352766	12.40484611	3.077453943	0.056143543	19.12670023	6.01494216	0.492696897	17.78627586
1306	2.264380458	-6.7225E-31	38.13192816	12.14623966	1.10018913	22.59004417	71.86142273	35.39631722	82.23807076	2.312752561	0.93028442	4.340225013	2.418155241	0.069370498	12.4067396	3.07835614	0.056194628	19.12933049	6.018693208	0.493680431	17.79773113
1307	2.261123287	-6.97079E-31	37.96036006	12.13828515	1.098072928	22.57707413	71.86712134	35.39883732	82.24407567	2.312835045	0.93028442	4.340225013	2.418936492	0.069388216	12.40863015	3.079257559	0.056209444	19.13195602	6.022441128	0.494612163	17.80917065
1308	2.257875752	-6.62924E-31	37.78865431	12.13033611	1.09598919	22.56409781	71.87281096	35.40136152	82.24986532	2.312917296	0.93028442	4.340225013	2.419715926	0.069406058	12.41051775	3.080158034	0.056224252	19.13457685	6.026185923	0.495519773	17.82059444
1309	2.254637804	-6.67502E-31	37.61681438	12.12239188	1.094172836	22.55112896	71.87849168	35.49672669	82.25454824	2.312999315	0.931067396	4.340225013	2.420493897	0.069423881	12.41236787	3.081057832	0.056239052	19.13719296	6.029927597	0.496427186	17.83200253
1310	2.251409399	-6.65809E-31	37.44484379	12.11445139	1.094827832	22.53816758	71.88416367	35.55991872	82.25922845	2.313081101	0.932195784	4.340225013	2.421271329	0.069441686	12.41419706	3.081956964	0.056254743	19.13980437	6.033666151	0.497334403	17.84312404
1311	2.24819049	-6.61734E-31	37.27274609	12.1065151	1.095479346	22.52777562	71.88982698	35.56268622	82.26585102	2.313162657	0.933889799	4.340225013	2.422047948	0.069464311	12.41602357	3.082855239	0.056344245	19.1424111	6.037401589	0.497884294	17.85107098
1312	2.244981032	-6.77849E-31	37.10052487	12.09858282	1.096127361	22.51875408	71.89548165	35.63769472	82.27419152	2.313243984	0.934947109	4.340225013	2.422823837	0.069488421	12.41784741	3.083752775	0.056482823	19.14501314	6.041133912	0.498956428	17.85901055
1313	2.241780983	-6.89098E-31	36.93008354	12.09065424	1.095299928	22.50973616	71.90112771	35.6939155	82.28027868	2.313325081	0.935001559	4.340225013	2.423599218	0.069512514	12.41966859	3.084649643	0.056621687	19.14761051	6.044863123	0.500018023	17.86694275
1314	2.238590298	-6.77895E-31	36.78012303	12.08273146	1.092507733	22.50111501	71.90676504	35.70673254	82.28897608	2.313405951	0.937247645	4.340225013	2.424372431	0.06953659	12.42148711	3.08554559	0.056661816	19.15020321	6.048589225	0.500937814	17.8748676
1315	2.235408936	-6.68881E-31	36.63020692	12.07481502	1.090873977	22.49582909	71.91239372	35.81723208	82.29394469	2.313486595	0.938838901	4.340225013	2.425144119	0.069560649	12.42330297	3.086439389	0.056671735	19.15279126	6.052312222	0.50199943	17.88278508
1316	2.232236852	-6.88943E-31	36.48029659	12.06690532	1.092337614	22.49054443	71.91801383	35.92796429	82.29825974	2.313567012	0.939583099	4.340225013	2.425914447	0.069584691	12.42511618	3.087330417	0.056681643	19.15537466	6.056032117	0.503534814	17.89052477
1317	2.229074008	-6.73871E-31	36.32991476	12.05900037	1.093844752	22.48526104	71.92362539	36.03984355	82.30421773	2.313647204	0.939583941	4.340225013	2.42668366	0.069608716	12.42692675	3.088220451	0.056691537	19.15795341	6.059748914	0.504589593	17.89823893
1318	2.225920362	-6.85493E-31	36.17958023	12.05109985	1.095431009	22.47997891	71.92922851	36.15396085	82.30988078	2.313727172	0.939842871	4.340225013	2.42745219	0.069632724	12.42873468	3.089109295	0.05670142	19.16052754	6.063462617	0.505588063	17.90594598
1319	2.222775877	-6.56139E-31	36.03104875	12.04320306	1.097018422	22.47469804	71.93482322	36.26831615	82.31447438	2.313806917	0.939842871	4.340225013	2.428220219	0.069656716	12.43053997	3.089997481	0.05671129	19.16309704	6.067173228	0.506588262	17.9136459
1320	2.219640516	-6.88466E-31	35.87777904	12.03531001	1.098606987	22.46732025	71.94040953	36.38290863	82.32104929	2.313886439	0.939842871	4.340225013	2.428987747	0.06968069	12.43234263	3.090885008	0.056721148	19.16566193	6.070880748	0.507590192	17.92043474
1321	2.216514243	-6.98353E-31	35.70209696	12.02742072	1.1001967	22.45788831	71.94598747	36.49773748	82.32817587	2.313965739	0.939842871	4.340225013	2.429754772	0.069704647	12.43414266	3.091771875	0.056730993	19.16822221	6.074585181	0.508593856	17.92433171
1322	2.21339702	-7.31426E-31	35.52583122	12.0195352	1.101787559	22.44835576	71.95155705	36.54077615	82.33423174	2.314044819	0.939842871	4.340225013	2.430521295	0.069728587	12.43594008	3.092658081	0.056741423	19.1707779	6.078286528	0.509599258	17.92822134
1323	2.210288814	-7.39765E-31	35.34952089	12.0116552	1.103379558	22.43882726	71.95711827	36.54520544	82.34028295	2.314123678	0.939842871	4.340225013	2.431287004	0.06975251	12.43747397	3.093542247	0.056752965	19.17332899	6.081984792	0.510606401	17.93210364
1324	2.207189587	-7.26854E-31	35.21123698	12.00378232	1.104551816	22.42930281	71.96267056	36.55741718	82.34620312	2.314202317	0.939842871	4.340225013	2.432050873	0.069776417	12.43868993	3.094424375	0.056764496	19.1758755	6.085679976	0.511615286	17.93597863
1325	2.204099305	-7.61532E-31	35.04597883	11.99591414	1.10525396	22.42217622	71.96821411	36.67348451	82.35211719	2.314280738	0.940708761	4.340225013	2.432813889	0.069800306	12.43989751	3.095305735	0.056776017	19.17841744	6.089372082	0.512628752	17.93984633
1326	2.201017935	-7.11912E-31	34.96489864	11.98805176	1.105952379	22.41349525	71.97374928	36.67827559	82.35802674	2.314358941	0.942355167	4.340225013	2.43357551	0.069824179	12.44109676	3.096185467	0.056789699	19.18095482	6.093061114	0.513660706	17.94370674
1327	2.197945443	-7.47439E-31	34.83815252	11.98019674	1.105049946	22.40341415	71.97927598	36.68078065	82.36393177	2.314436927	0.942560769	4.340225013	2.434335206	0.069848035	12.44228775	3.097062626	0.05687152	19.18348763	6.096747076	0.514694523	17.94797838
1328	2.194881797	-7.03799E-31	34.69291292	11.97234728	1.106789766	22.38951552	71.98479427	36.68328095	82.36983227	2.314514696	0.942747873	4.340225013	2.435093491	0.069871874	12.44347054	3.097938501	0.0569534	19.1860159	6.100429969	0.515999512	17.95525737
1329	2.191826964	-7.24406E-31	34.54521284	11.96450226	1.104895139	22.38174114	71.99030427	36.6857765	82.37584194	2.314592249	0.942932337	4.340225013	2.435850738	0.069895696	12.44464517	3.09881372	0.05703534	19.18853963	6.104109797	0.517675367	17.96252603
1330	2.188780915	-6.9921E-31	34.39760709	11.95666116	1.101979635	22.37224091	71.99580608	36.6889604	82.38188909	2.314669586	0.942975262	4.340225013	2.436607454	0.069920501	12.44581171	3.099688245	0.05711734	19.19105882	6.107786562	0.518714896	17.96978438
1331	2.185743621	-7.27489E-31	34.25009884	11.9488241	1.099072167	22.36274472	72.00129972	36.69369841	82.38781312	2.314746709	0.942975262	4.340225013	2.43736358	0.069968195	12.44697021	3.100561999	0.057199399	19.1935735	6.111460267	0.518790312	17.97703244
1332	2.182715054	-7.62713E-31	34.10269131	11.94099202	1.096172713	22.35338955	72.0067852	36.76719998	82.39367073	2.314823618	0.942975262	4.340225013	2.438118838	0.070103737	12.44812074	3.10143435	0.057281518	19.19608365	6.115130915	0.519791629	17.98427021
1333	2.179695184	-7.56232E-31	33.95538768	11.93316396	1.09338237	22.34438078	72.01226254	36.85660365	82.39952388	2.314900314	0.942981366	4.340225013	2.438873548	0.070239517	12.44926334	3.102305945	0.057348992	19.1985893	6.118798507	0.520821941	17.99149772
1334	2.176683985	-7.77769E-31	33.80819116	11.92533979	1.090712815	22.33493238	72.01773173	36.94606626	82.4048369	2.314976796	0.943826953	4.340225013	2.439627763	0.070375538	12.45039807	3.103176892	0.057367975	19.20109045	6.122463047	0.521866831	17.99871497
1335	2.173681429	-7.68527E-31	33.66110497	11.91751966	1.088050236	22.32548798	72.02319281	37.03558676	82.40888475	2.315053066	0.943996329	4.340225013	2.440381442	0.070403073	12.45152499	3.104047053	0.057386943	19.2035871	6.126124536	0.522644807	18.00681954
1336	2.170687491	-7.70106E-31	33.51413232	11.90970374	1.085394617	22.31604757	72.02864598	37.12516409	82.41191651	2.315129124	0.945545976	4.340225013	2.441134508	0.070428582	12.45264416	3.104916176	0.057405897	19.2063405	6.129782977	0.523063109	18.01807744
1337	2.167702145	-7.76576E-31	33.36727643	11.90189469	1.08274594	22.3065805	72.03409114	37.2149022	82.41494408	2.315204971	0.946055252	4.340225013	2.44188654	0.070454077	12.45375561	3.105782136	0.057424836	19.20960257	6.133438373	0.523481242	18.02927673
1338	2.164725362	-7.6328E-31	33.22054055	11.89409223	1.080104187	22.30385689	72.03952822	37.30665678	82.41795861	2.315280608	0.946059414	4.340225013	2.442637678	0.07047956	12.45485942	3.10664518	0.057443761	19.21286146	6.137090727	0.523900323	18.04045728
1339	2.161757119	-8.18452E-31	33.07295001	11.88629369	1.078427163	22.29353422	72.04495721	37.39846742	82.42114438	2.315356034	0.946707893	4.340225013	2.443388321	0.070505029	12.45595563	3.107507584	0.057462672	19.21611719	6.140740041	0.524337778	18.0516191
1340	2.158797392	-7.67024E-31	32.92510593	11.87849909	1.080158835	22.27866475	72.05037813	37.49033301	82.42436199	2.315431251	0.947684804	4.340225013	2.444138468	0.070530485	12.4570443	3.10836935	0.057481568	19.21936975	6.144386317	0.524775064	18.0595725
1341	2.155846157	-8.02761E-31	32.77738662	11.87070843	1.079087779	22.27122113	72.055791	37.58225247	82.42757745	2.315506258	0.948328568	4.340225013	2.444888118	0.070555927	12.45812548	3.109230476	0.05750045	19.23902051	6.148029559	0.52518462	18.06382972
1342	2.152903392	-7.65482E-31	32.62979539	11.86292224	1.075108787	22.26376626	72.06119576	37.67422469	82.4311522	2.315581057	0.948328568	4.340225013	2.445636926	0.070581357	12.45919922	3.110090859	0.057519317	19.26243429	6.151669767	0.525636208	18.06797209
1343	2.149969074	-7.44615E-31	32.48233554	11.85514024	1.069746389	22.25631395	72.06659246	37.76624857	82.43680393	2.315655647	0.948328568	4.340225013	2.446385078	0.070601794	12.46026558	3.110950554	0.057538898	19.2858319	6.155306946	0.526150178	18.0720871
1344	2.147043181	-7.38168E-31	32.34506999	11.84736219	1.064407912	22.2488642	72.07198116	37.7944937	82.44245004	2.31573003	0.948328568	4.340225013	2.447132732	0.070613047	12.4613246	3.111809609	0.057560105	19.30921321	6.158941097	0.527280899	18.07619469
1345	2.144125693	-7.45416E-31	32.21179162	11.83958812	1.061041141	22.23485881	72.07736185	37.79668712	82.44809054	2.315804205	0.948338352	4.340225013	2.447879889	0.070624284	12.46237634	3.112668023	0.057581294	19.33257814	6.162572222	0.527959661	18.08029488
1346	2.141216587	-7.64244E-31	32.04194431	11.83181799	1.058273676	22.22129732	72.08273458	37.79888255	82.45372544	2.315878174	0.950722163	4.340225013	2.448626548	0.070635506	12.46342084	3.113525796	0.057603029	19.35365213	6.166200325	0.528272784	18.08438768
1347	2.138315844	-7.86065E-31	31.89624999	11.82405181	1.055513518	22.2119324	72.08809937	37.80125039	82.45935473	2.315951935	0.952971862	4.340225013	2.449372708	0.070646711	12.46445817	3.114382927	0.057625649	19.35828837	6.169825407	0.528585749	18.09284366
1348	2.135423444	-7.63377E-31	31.81690234	11.81628957	1.049197177	22.20429978	72.09345624	37.80393856	82.46497844	2.316025491	0.952981509	4.340225013	2.450118368	0.0706579	12.46566671	3.115239417	0.057648261	19.36291931	6.17344747	0.528898554	18.10303969
1349	2.132539366	-7.94584E-31	31.68803808	11.80853128	1.040256357	22.19694529	72.09880521	37.80663013	82.47059655	2.316098842	0.953042226	4.340225013	2.45086353	0.070669073	12.46801249	3.116095264	0.05771567	19.36754496	6.177066517	0.529211201	18.11317933
1350	2.129663593	-7.71659E-31	31.55936712	11.80077692	1.032467674	22.18959324	72.10414629	37.89127405	82.47707767	2.316171987	0.953296748	4.340225013	2.451608191	0.07068023	12.47035568	3.116950469	0.057896634	19.37216532	6.18068255	0.529523689	18.1233075
1351	2.126796104	-8.32481E-31	31.42822061	11.79302652	1.027138665	22.18224362	72.1094795	37.99680427	82.48391763	2.316244927	0.954857443	4.340225013	2.452352351	0.070691371	12.47269629	3.11780503	0.057984767	19.3767804	6.184295572	0.529836018	18.127216
1352	2.123936882	-8.54089E-31	31.29670758	11.78528004	1.021834446	22.17489644	72.11480487	38.10247354	82.48985163	2.316317663	0.954858673	4.340225013	2.453096011	0.070702496	12.47503432	3.118658948	0.05800783	19.38139019	6.187905585	0.530149529	18.1306533
1353	2.121085908	-8.66853E-31	31.16539763	11.77753747	1.016554935	22.16755169	72.12012245	38.20828079	82.49416559	2.316390194	0.955622833	4.340225013	2.453839169	0.070713605	12.47736977	3.119512223	0.058030882	19.3859947	6.191512591	0.53121968	18.13401009
1354	2.118243165	-8.62996E-31	31.03429298	11.76979979	1.011429979	22.16020937	72.12543222	38.31422491	82.49875931	2.316462522	0.957856689	4.340225013	2.454581175	0.070724698	12.47970265	3.12036454	0.058116387	19.39059394	6.195116592	0.531766758	18.14024701
1355	2.115408634	-8.27752E-31	30.90339587	11.76206796	1.006366631	22.15286949	72.13073417	38.42030479	82.50440994	2.316534647	0.960091461	4.340225013	2.455322188	0.070735776	12.48203296	3.121214818	0.058217167	19.39490135	6.198717592	0.531779749	18.14721557
1356	2.112582296	-8.44012E-31	30.77270851	11.75434363	1.001326247	22.14553203	72.13602828	38.52651932	82.51005492	2.316606568	0.961785534	4.340225013	2.456061832	0.070746837	12.4843607	3.122061802	0.05830752	19.39895059	6.202315594	0.532517203	18.15417414
1357	2.109764133	-8.28768E-31	30.64223313	11.74662462	0.996308752	22.14239934	72.14131462	38.63286737	82.51569427	2.316678287	0.961785534	4.340225013	2.456800614	0.070757883	12.48668587	3.122907118	0.058326929	19.40299493	6.205910603	0.532682879	18.16112272
1358	2.10695413	-8.45141E-31	30.50017931	11.73890964	0.993426669	22.13077156	72.14659324	38.73938759	82.52132797	2.316749804	0.961785534	4.340225013	2.457538855	0.070768913	12.48900848	3.12375171	0.05834633	19.40703437	6.209502619	0.532858171	18.16806132
1359	2.104152268	-8.3501E-31	30.34175377	11.73120176	0.991452083	22.12349645	72.15186414	38.84622306	82.52695605	2.31682112	0.961785534	4.340225013	2.458276064	0.070779927	12.49132853	3.124592993	0.058365722	19.41106892	6.213091647	0.533019727	18.17498998
1360	2.101358531	-7.89917E-31	30.21808705	11.72350041	0.990131402	22.11650666	72.15712722	38.90927701	82.5325785	2.316892233	0.961785534	4.340225013	2.459011498	0.070790925	12.49364602	3.125432411	0.058385107	19.41509858	6.216677689	0.53326275	18.18190869
1361	2.098572902	-7.9064E-31	30.12601277	11.71580554	0.991846035	22.10951912	72.16238245	38.91282003	82.53819534	2.316963146	0.961785534	4.340225013	2.459745398	0.070801908	12.49596096	3.126269821	0.058404484	19.41912335	6.220260748	0.533678346	18.18881748
1362	2.095795363	-7.77219E-31	29.99926101	11.7081156	0.993563963	22.10116082	72.16762972	38.91636002	82.54380656	2.317033858	0.961785534	4.340225013	2.460478367	0.070812874	12.49827335	3.127106261	0.058423852	19.42314325	6.223840827	0.534093774	18.19571635
1363	2.093025899	-7.54954E-31	29.87272972	11.70043147	0.990192131	22.08614391	72.17286903	38.95540941	82.54992704	2.31710437	0.961785534	4.340225013	2.461209954	0.070823826	12.50058318	3.127941347	0.058443212	19.42715827	6.22741793	0.534509036	18.20260532
1364	2.090264495	-7.60796E-31	29.74642089	11.69275192	0.984062749	22.07407829	72.17810043	38.96785435	82.55695173	2.317174681	0.961785534	4.340225013	2.461940799	0.070834882	12.50289048	3.128775618	0.058462565	19.43116844	6.23099206	0.534924638	18.20948441
1365	2.087511136	-8.06862E-31	29.62033649	11.68507635	0.979859946	22.06201929	72.18332409	38.96787776	82.56396984	2.317244794	0.961785534	4.340225013	2.462671153	0.070846099	12.50519522	3.129609264	0.058481909	19.43517374	6.23456322	0.535343215	18.21635363
1366	2.084765807	-8.15966E-31	29.49447852	11.67740472	0.977868085	22.05113255	72.18854006	38.96790106	82.57098136	2.317314706	0.961785534	4.340225013	2.463401017	0.0708573	12.50749743	3.130442285	0.058501245	19.43917419	6.238131411	0.535761626	18.22321299
1367	2.082028495	-8.14886E-31	29.3670137	11.66973702	0.976032355	22.04350854	72.19374836	38.97228813	82.57798631	2.31738442	0.961785534	4.340225013	2.464130389	0.070868485	12.5097971	3.131274682	0.058520573	19.44316979	6.241696636	0.536179873	18.23005657
1368	2.079299185	-7.99972E-31	29.23900932	11.66207349	0.976122581	22.0358178	72.19894903	39.08409517	82.58258808	2.317453935	0.961810132	4.340225013	2.464859118	0.070879655	12.51209424	3.13210634	0.058539892	19.44716055	6.245258897	0.536597955	18.23555691
1369	2.076577862	-7.95415E-31	29.11123684	11.65441558	0.977491467	22.02809749	72.20414204	39.19708061	82.58617236	2.317523251	0.961882257	4.340225013	2.465586488	0.070908524	12.51438885	3.132936584	0.058559204	19.45114648	6.248818197	0.537015872	18.23828848
1370	2.073864512	-8.0941E-31	28.98369829	11.64676179	0.978862125	22.0203799	72.20932742	39.31026654	82.58975248	2.31759237	0.961954478	4.340225013	2.466313286	0.070943112	12.51668092	3.133766077	0.058578508	19.45512757	6.252374539	0.537462847	18.24101275
1371	2.071159122	-8.0541E-31	28.85639572	11.63911192	0.980234557	22.0204943	72.2145052	39.39466404	82.59369805	2.317661291	0.962084395	4.340225013	2.467039592	0.07097769	12.51897047	3.134594945	0.058597803	19.45910384	6.255927925	0.53854914	18.24395169
1372	2.068461677	-7.94476E-31	28.72933114	11.63146708	0.981608762	22.00946907	72.21967539	39.45791887	82.59926086	2.317730014	0.962088789	4.340225013	2.467764982	0.071012258	12.5212575	3.135422501	0.058617091	19.4630753	6.259478357	0.540222629	18.25087807
1373	2.065772163	-8.37727E-31	28.60250656	11.62382831	0.98298474	21.99822205	72.22483797	39.47680646	82.60481812	2.31779854	0.962093107	4.340225013	2.468489025	0.071046956	12.523542	3.136248156	0.05863637	19.46704194	6.263025837	0.541900421	18.25779363
1374	2.063090565	-8.4222E-31	28.475924	11.61619508	0.97727026	21.990051	72.22999287	39.56169544	82.61036983	2.31786687	0.962097351	4.340225013	2.469211556	0.071081825	12.52582399	3.13707269	0.058655642	19.47100378	6.26657037	0.54323291	18.2646984
1375	2.06041687	-8.49257E-31	28.34958543	11.60856592	0.969847718	21.98227486	72.23514015	39.64902996	82.61591601	2.317935003	0.962101523	4.340225013	2.469933519	0.071116685	12.52810346	3.137896577	0.058674905	19.47496081	6.270111956	0.543254534	18.2715924
1376	2.057751063	-8.17933E-31	28.22349284	11.60094246	0.962480369	21.97450152	72.2402797	39.73631712	82.62143025	2.31800294	0.962105624	4.340225013	2.470654177	0.071151535	12.53022937	3.138719069	0.05869416	19.47891305	6.273650598	0.54327605	18.27847563
1377	2.055093131	-8.29043E-31	28.09764818	11.59332313	0.957023526	21.96429961	72.24541158	39.823555	82.62690474	2.318070682	0.962109654	4.340225013	2.471374252	0.071186375	12.53192631	3.139540927	0.058713407	19.48286051	6.277186299	0.543297459	18.28534813
1378	2.052443059	-8.20384E-31	27.97205342	11.58570793	0.955006687	21.95521683	72.25053587	39.93042472	82.63237379	2.318138228	0.962113616	4.340225013	2.472093761	0.071221206	12.53362095	3.140362093	0.058732646	19.48680318	6.280719061	0.543341388	18.2922099
1379	2.049800833	-8.2494E-31	27.84671049	11.57809803	0.953027581	21.94760465	72.25565253	40.0242923	82.63782418	2.318205579	0.96211751	4.340225013	2.472812076	0.071256027	12.53531331	3.141182064	0.058751877	19.49074107	6.284248886	0.543556089	18.29906097
1380	2.047166439	-8.20295E-31	27.72162133	11.57049466	0.951149766	21.9417504	72.2607616	40.08159651	82.64325315	2.318272735	0.962121338	4.340225013	2.473528947	0.071290839	12.53700338	3.141999839	0.0587711	19.49467419	6.287775778	0.545334125	18.30590134
1381	2.044539863	-8.19929E-31	27.59678784	11.56289576	0.949275494	21.93671567	72.26586313	40.16576453	82.64867666	2.318339697	0.962125101	4.340225013	2.47424501	0.071325641	12.53869118	3.142816801	0.058790315	19.49860255	6.291299739	0.547117265	18.31273104
1382	2.041921088	-8.27166E-31	27.45826048	11.55530321	0.946445868	21.9293469	72.2709568	40.24987177	82.65409472	2.318406465	0.962145641	4.340225013	2.474958759	0.071360434	12.54037669	3.143632906	0.058809522	19.50252614	6.294820772	0.548578013	18.31955007
1383	2.039310101	-7.84132E-31	27.30612778	11.54771483	0.942305695	21.92172908	72.27604273	40.29412165	82.65950733	2.31847304	0.963150341	4.340225013	2.475672028	0.071395217	12.54205994	3.144448391	0.058828721	19.50644499	6.298338881	0.548932559	18.32635847
1384	2.036706887	-7.66479E-31	27.1542336	11.54013046	0.938177531	21.91408107	72.2811211	40.29853848	82.66491449	2.318539421	0.964086348	4.340225013	2.476384814	0.07142999	12.54373813	3.145263255	0.058847912	19.51035908	6.301854066	0.549286863	18.33315625
1385	2.034111433	-8.11629E-31	27.0025822	11.53255072	0.934061403	21.90642599	72.28619191	40.30295468	82.67031622	2.318605609	0.964086438	4.340225013	2.477096674	0.071448202	12.54538753	3.146077329	0.058867095	19.51426843	6.30536633	0.549640925	18.33900062
1386	2.031523724	-7.64525E-31	26.85117785	11.52497522	0.929957337	21.8987736	72.29125519	40.394231	82.67571252	2.318671605	0.964086527	4.340225013	2.477807868	0.071456859	12.5470347	3.146890712	0.058886269	19.51817305	6.308875676	0.550009421	18.34482041
1387	2.028943745	-7.42683E-31	26.70002482	11.51740371	0.925865357	21.89112388	72.29631098	40.39946172	82.68100729	2.318737409	0.964086614	4.340225013	2.47851858	0.071465501	12.54867964	3.147703474	0.058905436	19.52207293	6.312382105	0.551315966	18.35063123
1388	2.026371483	-8.03726E-31	26.54912737	11.50983672	0.922931053	21.88347684	72.30135924	40.40128816	82.68442955	2.318803021	0.964086699	4.340225013	2.479228459	0.071474128	12.55032237	3.14851546	0.058924595	19.52596809	6.315885621	0.552622614	18.35639939
1389	2.023806922	-8.5828E-31	26.39848977	11.50227444	0.924260416	21.87583249	72.30639998	40.40311206	82.687783	2.318868442	0.964086783	4.340225013	2.479937376	0.071484937	12.55196288	3.149326613	0.058943745	19.52985853	6.319386225	0.553929343	18.36214218
1390	2.021250047	-8.86926E-31	26.24811628	11.4947163	0.925591661	21.86819081	72.31143325	40.40493341	82.69024477	2.318933671	0.964086866	4.340225013	2.480645808	0.071542659	12.55513295	3.150137005	0.058962888	19.53374426	6.32288392	0.555236133	18.36787609
1391	2.018700843	-8.48498E-31	26.09801116	11.48716347	0.926924791	21.85900114	72.31645907	40.40675223	82.69245251	2.31899871	0.964086947	4.340225013	2.481353727	0.071676885	12.5563893	3.15094548	0.058982023	19.53762528	6.326378708	0.556542962	18.3732769
1392	2.016159294	-8.83221E-31	25.94817868	11.47961591	0.928259809	21.84888619	72.32147737	40.40856851	82.69465804	2.319063559	0.964087027	4.340642156	2.482059954	0.071711214	12.55750917	3.151753313	0.059001149	19.54150159	6.329870592	0.557849809	18.37804445
1393	2.013625385	-8.41141E-31	25.79862308	11.47207266	0.927058477	21.84131088	72.32648823	40.41038227	82.69686136	2.319128218	0.964087106	4.340642156	2.482765414	0.071745533	12.55876794	3.152560522	0.059020268	19.54537321	6.333359576	0.559156654	18.3828043
1394	2.011099098	-8.0527E-31	25.64934862	11.46453451	0.924806877	21.83373819	72.33149153	40.41451402	82.69906249	2.319192688	0.964087183	4.340642156	2.483469698	0.071779842	12.56042636	3.153366809	0.059039379	19.54924014	6.33684566	0.560463476	18.38755646
1395	2.008580419	-8.06744E-31	25.50035953	11.45700176	0.919927557	21.82616813	72.33648731	40.51484013	82.70126142	2.319256969	0.964087259	4.340642156	2.484172742	0.071814143	12.56208255	3.154171944	0.059058481	19.55310239	6.340328847	0.561791214	18.39230096
1396	2.006069331	-8.27604E-31	25.35166007	11.44947426	0.915073374	21.8186007	72.34147562	40.51908099	82.70345816	2.319321061	0.964108589	4.340642156	2.484874692	0.071848433	12.5637365	3.154975893	0.059077576	19.55695995	6.343809141	0.563122098	18.3970378
1397	2.003565816	-8.59098E-31	25.20325446	11.44195076	0.910244205	21.81103589	72.34645653	40.51988554	82.7056527	2.319384965	0.964710431	4.340642156	2.485576166	0.071882715	12.56538822	3.155779224	0.059096662	19.57761829	6.347286543	0.564452971	18.40176699
1398	2.001069859	-8.43171E-31	25.05514693	11.43443125	0.905439927	21.8034737	72.35143005	40.52200221	82.70784506	2.319448681	0.96537186	4.340642156	2.486277163	0.071916987	12.56703771	3.156581936	0.059115741	19.62267986	6.350761055	0.565783811	18.40648855
1399	1.998581442	-8.85914E-31	24.9073417	11.42691575	0.90066042	21.80019175	72.3563962	40.56545828	82.71003522	2.319512211	0.965716372	4.340642156	2.486977683	0.071951249	12.57315186	3.15738403	0.059134812	19.64749053	6.35423268	0.567124447	18.41117568
1400	1.996100548	-9.15622E-31	24.75984298	11.41940427	0.896827403	21.79261682	72.36135498	40.61125066	82.7122232	2.319575553	0.965716372	4.340642156	2.487677726	0.071985502	12.58478862	3.158185504	0.059153874	19.65053447	6.357701419	0.568468201	18.41583879
1401	1.99362716	-9.49519E-31	24.63835756	11.4118968	0.893927731	21.7843924	72.36630641	40.68158655	82.714409	2.319638709	0.965716372	4.340642156	2.48837729	0.072019746	12.58709397	3.15898636	0.059172929	19.65357505	6.361167276	0.569551457	18.42049433
1402	1.991161259	-9.46202E-31	24.53785295	11.40439336	0.888527656	21.77618919	72.37125048	40.75158002	82.71659261	2.31970168	0.965716372	4.340642156	2.489076376	0.07205429	12.58927845	3.159786596	0.059191976	19.65561036	6.364630252	0.570063201	18.42514232
1403	1.988702829	-8.77359E-31	24.43763544	11.39689396	0.883159052	21.76747017	72.3761872	40.82122709	82.71877405	2.319764465	0.965716372	4.340642156	2.489774983	0.072088884	12.59146045	3.160586212	0.059211014	19.65758715	6.36809035	0.570574803	18.42978277
1404	1.986251849	-9.33174E-31	24.33770582	11.38939861	0.877821751	21.75921166	72.38111658	40.85747519	82.7256533	2.319827065	0.965716372	4.340642156	2.490473111	0.072114585	12.59363996	3.161385208	0.059223408	19.65956068	6.371547571	0.571086261	18.4344157
1405	1.983808301	-9.67544E-31	24.23806486	11.38190746	0.872515587	21.75051332	72.38603861	40.85751437	82.7327944	2.319889481	0.965716372	4.340642156	2.491170653	0.072134901	12.595817	3.162183576	0.059229257	19.66153096	6.375001918	0.57143661	18.43904111
1406	1.981372166	-9.6663E-31	24.13871334	11.37442197	0.867469054	21.74235159	72.39095312	40.85755325	82.73988188	2.319951712	0.966457925	4.340642156	2.491866475	0.072155203	12.59797635	3.16298116	0.059235099	19.66349798	6.378453393	0.572090031	18.44365902
1407	1.978943422	-9.81292E-31	24.039652	11.36694221	0.862805642	21.73375138	72.39586007	40.85759184	82.74329182	2.320013761	0.968276322	4.340642156	2.492560555	0.072175492	12.5985004	3.163777983	0.059240935	19.66545379	6.381902	0.572554957	18.44826945
1408	1.976522049	-9.57762E-31	23.94088159	11.35946751	0.85816671	21.72515458	72.40075956	40.85763014	82.74783177	2.320075626	0.970097156	4.340642156	2.493253589	0.072195768	12.59902055	3.16457392	0.059246763	19.66734017	6.38534774	0.573019641	18.45287239
1409	1.974108027	-9.21216E-31	23.84240282	11.35199688	0.853700801	21.71656118	72.40565179	40.85766815	82.75339276	2.32013731	0.971920425	4.340642156	2.493946147	0.072216031	12.59953683	3.165369236	0.059252585	19.66922334	6.388790616	0.573499851	18.45731158
1410	1.971701335	-9.76376E-31	23.74421641	11.34453043	0.852158983	21.70797119	72.41053678	40.85770588	82.75416868	2.320198811	0.972195786	4.340642156	2.494638158	0.072236281	12.60004927	3.166163847	0.0592584	19.67110329	6.392230631	0.573997122	18.46119866
1411	1.969301951	-9.4682E-31	23.64632304	11.33706807	0.850622383	21.69938459	72.41541457	40.85774333	82.75493942	2.320260131	0.972195786	4.340642156	2.495329674	0.072256518	12.60055791	3.166957814	0.059264208	19.67298004	6.395667786	0.574784632	18.46507849
1412	1.966909854	-9.77915E-31	23.54872339	11.32961	0.849147037	21.69080139	72.42028512	40.8577805	82.7603232	2.320321271	0.972195786	4.340642156	2.496020558	0.072276741	12.60104573	3.16775112	0.05927001	19.67485359	6.399102084	0.576099478	18.46895108
1413	1.964525022	-9.44109E-31	23.45141813	11.32215652	0.847684515	21.68279624	72.42514841	40.85898026	82.76762681	2.32038223	0.972195786	4.340642156	2.496710732	0.072296952	12.60804124	3.168543563	0.059275805	19.67672394	6.402533528	0.577416995	18.47281646
1414	1.962147431	-9.31547E-31	23.35440791	11.31470794	0.846224509	21.6757268	72.43000444	40.86141535	82.77102369	2.32044301	0.972195786	4.340642156	2.497400098	0.072317149	12.61298703	3.169334965	0.059294108	19.67859111	6.405962119	0.578737188	18.47667463
1415	1.959777059	-9.30389E-31	23.25769336	11.30726499	0.844767016	21.66784287	72.43485322	40.86385094	82.77434547	2.320503611	0.972195786	4.340642156	2.498088516	0.072337334	12.61418719	3.17012475	0.059314151	19.68045509	6.40938786	0.58006732	18.48263891
1416	1.957413882	-9.2106E-31	23.16127511	11.29982617	0.84331203	21.65734379	72.43969479	40.94149383	82.77758216	2.320564033	0.972195786	4.340642156	2.498776456	0.072357506	12.61538617	3.170913915	0.059334184	19.6823159	6.412810754	0.581412838	18.48894704
1417	1.955057877	-9.01853E-31	23.06515375	11.29239194	0.841859547	21.64779017	72.44452913	41.03581202	82.7808144	2.320624278	0.972195786	4.340642156	2.49946376	0.072377664	12.61658398	3.171702217	0.059354208	19.68417353	6.416230803	0.58276109	18.49414486
1418	1.952709018	-9.42747E-31	22.96932987	11.28496309	0.840409564	21.64158667	72.44935615	41.10215423	82.78404222	2.320684345	0.972195786	4.340642156	2.50015017	0.07239781	12.6177806	3.172489212	0.059374223	19.68602799	6.419648009	0.583923156	18.49873664
1419	1.950367282	-9.42408E-31	22.87380406	11.27753887	0.839009834	21.6321748	72.45417596	41.10461557	82.78726562	2.320744236	0.972259349	4.340642156	2.500835898	0.072417942	12.61897606	3.173275384	0.059394229	19.6878793	6.423062376	0.58412383	18.50332096
1420	1.948032641	-9.34206E-31	22.77857688	11.27012143	0.837635522	21.6221624	72.45898849	41.10858439	82.7904846	2.32080395	0.972328029	4.340642156	2.50151978	0.072438061	12.62017034	3.174059794	0.059414226	19.68972745	6.426473906	0.584325183	18.50789782
1421	1.945705071	-9.54832E-31	22.68364886	11.26270833	0.83626365	21.61637189	72.4637939	41.11818031	82.79369917	2.320863489	0.972847416	4.340642156	2.502203054	0.072458168	12.62136346	3.174843556	0.059435786	19.69157245	6.429882601	0.584691267	18.51246724
1422	1.943384544	-9.51742E-31	22.58902055	11.25529938	0.835985505	21.61110672	72.4685922	41.13643016	82.79690933	2.320922854	0.972847416	4.340642156	2.502885856	0.072478261	12.6225554	3.175626701	0.059474285	19.6934143	6.433288464	0.586285898	18.51702923
1423	1.941071036	-9.26034E-31	22.49469245	11.24789465	0.837078032	21.60018533	72.47338341	41.2042888	82.8001151	2.320982044	0.972847416	4.340642156	2.503568151	0.072498342	12.62374617	3.176409206	0.059565456	19.69525301	6.436691497	0.587888996	18.52158381
1424	1.938764519	-9.21874E-31	22.40066508	11.24049415	0.83817198	21.58792622	72.47816755	41.20546239	82.80323236	2.321041061	0.972847416	4.340642156	2.504249943	0.072518409	12.62493578	3.177191073	0.059608991	19.69708859	6.440091702	0.589495795	18.52613098
1425	1.936464967	-9.32979E-31	22.30693892	11.23309804	0.839267351	21.57936855	72.48294463	41.27355804	82.80554285	2.321099904	0.972849963	4.340642156	2.504931165	0.072538464	12.62612422	3.177972209	0.059627855	19.69892104	6.443489082	0.590523804	18.53103807
1426	1.934172351	-9.00628E-31	22.21351444	11.22570655	0.840364145	21.57081335	72.48771471	41.37319149	82.80785039	2.321158576	0.972937291	4.340642156	2.505611813	0.072558506	12.62731149	3.178752357	0.059646711	19.70075036	6.446883639	0.590765266	18.53994556
1427	1.931886646	-9.15295E-31	22.12039211	11.21831971	0.838512819	21.56226153	72.49247784	41.47291328	82.81014425	2.321217076	0.97421288	4.340642156	2.506291936	0.072578534	12.6284976	3.179531421	0.059665559	19.70257657	6.450275376	0.5920274	18.54884092
1428	1.92960782	-9.2068E-31	22.02757236	11.21093884	0.8363808	21.55371311	72.49723394	41.57272223	82.8123793	2.321275405	0.974213911	4.340642156	2.506970521	0.07259855	12.62968255	3.180309175	0.0596844	19.70439966	6.453664294	0.592676452	18.55772416
1429	1.927335847	-9.51016E-31	21.93505563	11.20356317	0.834249207	21.54516807	72.5019831	41.67402381	82.81364813	2.321333563	0.974214934	4.340642156	2.507648101	0.072618553	12.63086633	3.181085827	0.05970424	19.70621965	6.457050396	0.593518744	18.5665953
1430	1.925070696	-9.65459E-31	21.84284233	11.19619163	0.832118077	21.53662642	72.50672536	41.77630404	82.81423364	2.321391552	0.974232043	4.340642156	2.508325208	0.072638543	12.63204896	3.181861863	0.059724324	19.70803653	6.460433685	0.594135325	18.57545436
1431	1.922812339	-9.09733E-31	21.75093286	11.18882426	0.829987444	21.52808816	72.51146074	41.86569419	82.81680199	2.321449372	0.975676376	4.340642156	2.509001842	0.07265852	12.63323042	3.182637283	0.059780453	19.70985031	6.463814162	0.594412298	18.58283421
1432	1.920560746	-9.14208E-31	21.64653928	11.18146149	0.827857343	21.51955329	72.51618921	41.94778077	82.82078559	2.321507024	0.977753029	4.340642156	2.509677743	0.072678484	12.63441073	3.183411955	0.059849917	19.71166101	6.46719183	0.594689143	18.58906608
1433	1.918315887	-9.60684E-31	21.5384106	11.1741035	0.825727809	21.51102179	72.52091082	42.02978931	82.82408455	2.321564508	0.979829664	4.340642156	2.510352922	0.072698511	12.64273638	3.184185676	0.059919436	19.72673211	6.470566692	0.594965861	18.59528628
1434	1.916077733	-9.64058E-31	21.43061444	11.16675128	0.823598877	21.50249368	72.5256256	42.11171844	82.8288564	2.321621825	0.980368916	4.340642156	2.511027522	0.072718537	12.65947225	3.18495729	0.059989011	19.7525922	6.47393875	0.595242451	18.60149483
1435	1.913846253	-9.32013E-31	21.32315179	11.15940324	0.821497898	21.49396895	72.53033358	42.19356681	82.83293466	2.321678976	0.980414755	4.340642156	2.511701649	0.072738549	12.66203932	3.185728294	0.060041611	19.77839249	6.477308005	0.595735828	18.60764525
1436	1.911621415	-9.28505E-31	21.21602361	11.15205939	0.819410979	21.4854476	72.53503478	42.27533304	82.8369725	2.321735962	0.980472944	4.340642156	2.512375302	0.072758549	12.6641403	3.186498689	0.060058453	19.80413301	6.480674461	0.596926612	18.6137433
1437	1.90940319	-9.58188E-31	21.10923084	11.14471983	0.817972576	21.47692963	72.53972923	42.35701577	82.84096541	2.321792782	0.980736952	4.340642156	2.51304848	0.072778536	12.66623897	3.18726837	0.060075288	19.81158586	6.484038119	0.598117137	18.61982987
1438	1.907191547	-9.2272E-31	21.00277441	11.13738473	0.818136227	21.46828705	72.54441695	42.43861365	82.84530432	2.321849438	0.981553918	4.340642156	2.51372118	0.07279851	12.66833531	3.18803717	0.060155404	19.81304419	6.487398982	0.599307395	18.62590497
1439	1.904986454	-9.40232E-31	20.89665524	11.13005383	0.818297327	21.45962211	72.54909796	42.52087787	82.85120646	2.32190593	0.981553918	4.340642156	2.514393406	0.072818471	12.67042935	3.188805362	0.060249996	19.81449926	6.490757052	0.600497373	18.63196863
1440	1.902787879	-9.52127E-31	20.7908742	11.12272714	0.816579191	21.45096026	72.55377229	42.60307708	82.85447452	2.32196226	0.981553918	4.340642156	2.515065156	0.072838419	12.67252107	3.189572943	0.060344717	19.81574998	6.494112331	0.601136922	18.63802087
1441	1.900595791	-1.01473E-30	20.68543217	11.11540616	0.814256437	21.43872131	72.55843988	42.62230593	82.85773821	2.322018428	0.981553918	4.340642156	2.51573578	0.072858355	12.67461049	3.190339147	0.060359263	19.81660832	6.497464822	0.601143795	18.64761072
1442	1.898410158	-9.82662E-31	20.58033001	11.10809009	0.811942723	21.43013741	72.56310076	42.6258856	82.86127309	2.322074434	0.981553918	4.340642156	2.516405737	0.072878278	12.6766976	3.191104292	0.060368342	19.81746487	6.500814526	0.601152397	18.65543024
1443	1.896230948	-9.80034E-31	20.47530034	11.10077829	0.809651864	21.42155694	72.56775502	42.70439101	82.86536278	2.322130279	0.981570066	4.340642156	2.517075213	0.072898187	12.67878241	3.191868805	0.060377407	19.81831962	6.504161447	0.601195245	18.66072301
1444	1.894058129	-9.66871E-31	20.36982382	11.09347071	0.807367494	21.4129799	72.57240269	42.8253668	82.86944969	2.322185964	0.982469557	4.340642156	2.517744213	0.072918085	12.68086492	3.192632708	0.06038646	19.81917259	6.507505586	0.601238208	18.66600762
1445	1.891891669	-9.2513E-31	20.26469133	11.08616737	0.805089594	21.4052925	72.57704379	42.94844925	82.87343172	2.322241489	0.982535435	4.340642156	2.518412738	0.072937969	12.68294513	3.193396001	0.060395498	19.82002377	6.510846946	0.602651026	18.67103552
1446	1.889731537	-9.34494E-31	20.15990374	11.07886825	0.802818147	21.39849445	72.58167836	43.07171996	82.87737904	2.322296856	0.983041701	4.340642156	2.519080784	0.07295858	12.68502304	3.194158682	0.060404524	19.82087317	6.514185529	0.6043759	18.67466239
1447	1.887577701	-9.31939E-31	20.05546191	11.07157385	0.800553133	21.38824721	72.58630645	43.168952	82.88132364	2.322352065	0.984337747	4.340642156	2.519748127	0.07298285	12.68709867	3.194920469	0.060414388	19.82172079	6.517521337	0.606106507	18.68003487
1448	1.885430128	-9.38293E-31	19.96235542	11.06428361	0.798424338	21.3787061	72.59092814	43.2496267	82.88526552	2.322407116	0.984337747	4.340642156	2.520414993	0.073073424	12.689172	3.195681646	0.060424502	19.82255784	6.520854373	0.606508763	18.68524169
1449	1.883288789	-9.29481E-31	19.89380379	11.05699822	0.798118744	21.37014622	72.59554332	43.33020165	82.88920468	2.322462011	0.984337747	4.340642156	2.521080913	0.073236469	12.69124305	3.196442105	0.060434594	19.8233767	6.524184638	0.607810209	18.68998963
1450	1.881153649	-9.88159E-31	19.79601526	11.04971737	0.798472627	21.36158977	72.60015203	43.4106755	82.89314113	2.322516749	0.984337747	4.340642156	2.521746145	0.07326045	12.69331181	3.197201923	0.060444663	19.82419379	6.527512135	0.608720276	18.69472256
1451	1.87902468	-1.00781E-30	19.71406744	11.04244077	0.798825028	21.35303675	72.60475432	43.49104691	82.89707487	2.322571332	0.984340335	4.341036792	2.522410901	0.07328442	12.69537829	3.19796113	0.060491027	19.82500914	6.530836867	0.608726795	18.69943833
1452	1.876901848	-1.03014E-30	19.63242523	11.0351692	0.799175942	21.34448715	72.60935016	43.5384236	82.9010059	2.322625761	0.984380002	4.341662136	2.52307462	0.073308377	12.69744249	3.198719578	0.060547607	19.82582274	6.534158835	0.60873327	18.7041469
1453	1.874785122	-9.84772E-31	19.55108859	11.02790448	0.796357226	21.33594097	72.61393945	43.54260608	82.90493423	2.322680035	0.985800301	4.341662136	2.52373596	0.073332321	12.69841388	3.199476914	0.06060383	19.8266346	6.537478043	0.6087397	18.7088483
1454	1.87267447	-9.68433E-31	19.52922329	11.02064397	0.791899259	21.3287386	72.61852244	43.5571552	82.90885984	2.322734156	0.987346912	4.341662136	2.52439683	0.073356253	12.69878698	3.200233643	0.060659698	19.82744472	6.540794493	0.608746087	18.71354253
1455	1.870569862	-1.00904E-30	19.52346849	11.01338765	0.789515855	21.32216909	72.62309918	43.57335194	82.91278275	2.322788124	0.987674328	4.341662136	2.525057229	0.073380173	12.69915921	3.200989763	0.060715211	19.82825311	6.544108187	0.608775329	18.7182296
1456	1.868471268	-9.26781E-31	19.51775019	11.00613558	0.788864027	21.31514436	72.62766965	43.57506315	82.91670296	2.32284194	0.987709922	4.341662136	2.525717158	0.07340408	12.69953056	3.201745276	0.060770373	19.82905976	6.547419127	0.608804815	18.72387353
1457	1.866378658	-9.42044E-31	19.4256394	10.99888782	0.788212428	21.30673498	72.63223387	43.57677227	82.92062047	2.322895604	0.988505969	4.341662136	2.526376575	0.073427975	12.69990104	3.202500153	0.060791958	19.82986469	6.550727315	0.609508821	18.73180166
1458	1.864292003	-9.77448E-31	19.25931248	10.9916444	0.787561059	21.29839699	72.63679186	43.57847929	82.92436863	2.322949118	0.989857697	4.341662136	2.527035477	0.073451858	12.70027064	3.203254392	0.060808343	19.83066789	6.554032754	0.610440747	18.73933364
1459	1.862211271	-1.04976E-30	19.09349499	10.98440901	0.786909921	21.29228929	72.64134337	43.58018422	82.92665118	2.323002481	0.989857697	4.341662136	2.527692342	0.073475728	12.70063938	3.204006081	0.060824718	19.83146938	6.557335447	0.611373882	18.74458071
1460	1.860136433	-1.07172E-30	18.9817324	10.97717992	0.786259014	21.28618334	72.64588847	43.59780376	82.93085991	2.323055695	0.989857697	4.343137397	2.528347912	0.073493478	12.70100725	3.204756167	0.060841085	19.83226914	6.560635399	0.612308229	18.74981979
1461	1.858067458	-1.07778E-30	18.87594433	10.96995525	0.785608341	21.28328286	72.65042736	43.60236243	82.93130989	2.323108759	0.989857697	4.343202002	2.529002955	0.073503099	12.70137425	3.205505609	0.06085826	19.8330672	6.563932611	0.613243789	18.75502743
1462	1.856004319	-1.1332E-30	18.73542829	10.96273633	0.784957902	21.27687845	72.65496001	43.60488035	82.93532914	2.323161675	0.989857697	4.343516349	2.529656274	0.073512705	12.70174039	3.206254302	0.060876261	19.83386354	6.567227086	0.614180563	18.76019721
1463	1.853946987	-1.11654E-30	18.55000965	10.95552445	0.783235127	21.27033233	72.65948608	43.60739517	82.93957676	2.323214444	0.989857697	4.34729048	2.53030746	0.073522298	12.70210567	3.207001756	0.060894254	19.83465818	6.570518827	0.615118553	18.76535895
1464	1.851895434	-1.05518E-30	18.36506941	10.9483182	0.781159746	21.26378822	72.66400581	43.60990691	82.94382193	2.323267065	0.989857697	4.34729048	2.530957982	0.073531875	12.70247009	3.207747671	0.06091224	19.83545112	6.573807837	0.61605776	18.77051269
1465	1.849849634	-1.11419E-30	18.24606322	10.94111625	0.779089882	21.25724613	72.66851943	43.61241556	82.95098576	2.32331954	0.989857697	4.34729048	2.531608041	0.073541438	12.70283365	3.208492987	0.060930219	19.83624236	6.577094119	0.616998185	18.77633033
1466	1.847809559	-1.17969E-30	18.14794627	10.93391859	0.77702552	21.25070606	72.67302697	43.61385319	82.95616289	2.323371868	0.989857697	4.34729048	2.532257639	0.073550987	12.70319636	3.209237705	0.06094819	19.83703191	6.580377673	0.61793983	18.78263391
1467	1.845775184	-1.1485E-30	18.05018938	10.9267252	0.774966645	21.24411204	72.67752846	43.61431025	82.96018459	2.323424051	0.989857697	4.34729048	2.532906775	0.073560521	12.70355822	3.209981823	0.061021678	19.83781976	6.583658504	0.618882697	18.78892683
1468	1.843746484	-1.1393E-30	17.9210051	10.91953784	0.77332849	21.23739875	72.68202379	43.6231569	82.9646975	2.323476089	0.989857697	4.34729048	2.533554346	0.07357004	12.70391922	3.210724839	0.061095306	19.83860593	6.586936612	0.619826786	18.7952091
1469	1.841723428	-1.13039E-30	17.78749681	10.91235733	0.773493686	21.23105542	72.68651343	43.723599	82.97135838	2.323527982	0.989857697	4.34729048	2.534200017	0.073579546	12.70427938	3.211465811	0.061168994	19.83939041	6.590212002	0.620772099	18.80148073
1470	1.83970599	-1.13936E-30	17.65449108	10.90518139	0.771522716	21.22456591	72.69099737	43.82383726	82.97801457	2.323579732	0.989857697	4.34729048	2.534845209	0.073589037	12.70463869	3.212205639	0.061244465	19.85140196	6.593484676	0.621723703	18.80774175
1471	1.837694149	-1.10576E-30	17.5219916	10.89800963	0.769574734	21.21607434	72.69547543	43.91788579	82.98466608	2.323631338	0.989880162	4.34729048	2.535489941	0.073598513	12.70499715	3.212944873	0.061321789	19.87742731	6.596754637	0.622705073	18.81399218
1472	1.835687879	-1.12291E-30	17.44943333	10.89084343	0.767631684	21.20594841	72.69994739	44.01195137	82.99127596	2.323682801	0.990246106	4.34729048	2.536133126	0.073607975	12.70535478	3.213683494	0.061399173	19.90340482	6.600021887	0.623687715	18.82023203
1473	1.833687156	-1.15035E-30	17.44706726	10.8836826	0.765693553	21.19582731	72.70441316	44.0431203	82.99628124	2.323734122	0.990246125	4.34729048	2.536775343	0.073617423	12.70571156	3.21442119	0.06155272	19.92933453	6.603286428	0.624671629	18.82646132
1474	1.831691957	-1.10994E-30	17.38414325	10.87652999	0.763760328	21.18571106	72.70887272	44.04542737	83.00128119	2.323785302	0.990246145	4.34729048	2.537415165	0.073626857	12.70606751	3.215156603	0.061707909	19.95521647	6.606548264	0.625656816	18.83268006
1475	1.829702256	-1.03952E-30	17.29256722	10.86938347	0.762215477	21.17559963	72.7133261	44.05861989	83.00627582	2.323836339	0.990246164	4.34729048	2.538053634	0.073636276	12.70788763	3.215890804	0.061777786	19.95837863	6.609807397	0.626643279	18.83888829
1476	1.82771803	-1.0631E-30	17.20134177	10.86224143	0.759871498	21.16548035	72.71777347	44.13977699	83.01126513	2.323887237	0.990253208	4.34729048	2.538691633	0.073645681	12.7105042	3.216624365	0.061827924	19.95985114	6.61306383	0.627631018	18.84507477
1477	1.825739258	-1.08506E-30	17.11046715	10.85510515	0.758457921	21.15534223	72.72221491	44.21904899	83.01624914	2.323937993	0.990343955	4.34729048	2.539328679	0.073655072	12.7131189	3.217356441	0.061877746	19.96123225	6.616317566	0.628028163	18.85058476
1478	1.823765918	-1.10238E-30	17.01994359	10.84797422	0.757422272	21.14512436	72.72665047	44.28702643	83.02114429	2.32398861	0.990343956	4.34729048	2.539964868	0.073664448	12.71573172	3.218087307	0.061927254	19.96261081	6.619568607	0.628062189	18.85367977
1479	1.821797989	-1.07936E-30	16.92977127	10.8408476	0.756384719	21.1378058	72.73108017	44.30176722	83.02602871	2.324039088	0.990343956	4.34729048	2.540600607	0.073673811	12.71834268	3.218817583	0.061976451	19.9639868	6.622816956	0.628096255	18.86228163
1480	1.819835451	-1.01238E-30	16.83992422	10.83372529	0.755345279	21.1288672	72.73550405	44.3164336	83.03090785	2.324089427	0.990343957	4.34729048	2.541235896	0.073683159	12.72095176	3.219547271	0.062025336	19.96536024	6.626062614	0.628130362	18.86975749
1481	1.817878282	-9.9174E-31	16.74861481	10.82660819	0.754303964	21.12137986	72.7399221	44.33102588	83.03578172	2.324139627	0.990343957	4.34729048	2.541870578	0.073692493	12.72355898	3.220275641	0.062079852	19.96673113	6.629305585	0.62817601	18.87591762
1482	1.815926461	-1.01697E-30	16.65766468	10.81949719	0.753015413	21.11378016	72.74433431	44.34757596	83.04038765	2.324189689	0.990343957	4.34729048	2.542504334	0.073701813	12.72616433	3.221002146	0.062152363	19.96809947	6.632545872	0.628223152	18.88205268
1483	1.813979969	-1.03279E-30	16.56707394	10.81239087	0.749170777	21.10618321	72.74874072	44.37668676	83.04351481	2.324239613	0.990343958	4.34729048	2.54313737	0.073711119	12.7302309	3.221727975	0.062172987	19.96946528	6.635783476	0.628270407	18.88817735
1484	1.812038787	-1.0023E-30	16.47684272	10.80528899	0.74938973	21.09858899	72.75314135	44.48304369	83.04663781	2.324289401	0.990343958	4.34729048	2.543769873	0.07372041	12.73455939	3.222453192	0.06221493	19.97082855	6.6390184	0.630108719	18.89390645
1485	1.810102894	-1.05712E-30	16.38697111	10.79819143	0.749132708	21.08980884	72.75753622	44.58951667	83.04975666	2.324339051	0.990343959	4.34729048	2.544401926	0.073729688	12.73886844	3.223177826	0.062260882	19.97218929	6.642250647	0.631991269	18.89949503
1486	1.808172272	-1.07677E-30	16.29673854	10.7910982	0.747832585	21.08033603	72.76192534	44.69610459	83.05287135	2.324388566	0.990343959	4.34729048	2.545033529	0.073744485	12.74315814	3.223901876	0.062306532	19.9735475	6.645480219	0.633881694	18.90507307
1487	1.806246901	-1.04757E-30	16.20613631	10.78400929	0.746534731	21.07086748	72.76630872	44.80280634	83.0559819	2.324437944	0.99034396	4.34729048	2.545664683	0.073764333	12.74742856	3.224625342	0.062351882	19.97490319	6.648707117	0.635776545	18.91064059
1488	1.804326765	-1.07379E-30	16.11590013	10.77692473	0.744759805	21.06140319	72.77068637	44.90962079	83.05908831	2.324487187	0.99034396	4.34729048	2.546295382	0.073792997	12.7516798	3.225348224	0.062396932	19.97625637	6.651931344	0.637675825	18.91619762
1489	1.802411842	-1.07989E-30	16.02603012	10.76984498	0.738063897	21.05194315	72.77505817	45.0165468	83.06219058	2.324536296	0.990343961	4.34729048	2.546925357	0.073821651	12.75591194	3.226070452	0.062441686	19.97760703	6.655152903	0.639579536	18.92368861
1490	1.800502117	-1.08694E-30	15.93652639	10.76276968	0.736464557	21.04248737	72.77942416	45.12358321	83.06528872	2.324585269	0.992006194	4.34729048	2.547554882	0.073850294	12.75708129	3.226792097	0.062486143	19.97895519	6.658371795	0.641487679	18.9308801
1491	1.798597571	-1.02644E-30	15.84738901	10.75569875	0.733747784	21.03303584	72.78378444	45.20587222	83.06838275	2.324634108	0.993989685	4.34729048	2.548183956	0.073878926	12.75800033	3.227513159	0.062530307	20.00286171	6.661588023	0.642601126	18.93699186
1492	1.796698185	-1.02662E-30	15.75861807	10.74863343	0.732141211	21.0249667	72.78813895	45.22939835	83.07147265	2.324682814	0.995975955	4.34729048	2.548811479	0.073923538	12.75891827	3.22823355	0.062574179	20.02556974	6.664801589	0.643609458	18.94309348
1493	1.794803942	-1.05003E-30	15.67021361	10.74157257	0.733095726	21.01812263	72.79248779	45.24959126	83.07455844	2.324731386	0.997965003	4.34729048	2.549438468	0.074129087	12.75983511	3.228953352	0.062612663	20.0287959	6.668012496	0.644619088	18.94903573
1494	1.792914824	-1.01336E-30	15.58217566	10.73451606	0.732874369	21.0112808	72.79683097	45.25291122	83.07764013	2.324779825	0.999297358	4.34729048	2.55006501	0.074164059	12.76075087	3.229672572	0.062621951	20.03112217	6.671220746	0.645630017	18.95189222
1495	1.791030815	-9.99353E-31	15.49450426	10.72746418	0.730626519	21.00441711	72.80116846	45.25622877	83.08071771	2.324828131	0.999297358	4.34729048	2.550690942	0.074175853	12.76166554	3.230391128	0.062631229	20.03344544	6.67442634	0.646642246	18.9548045
1496	1.789151898	-9.76658E-31	15.40719939	10.72041766	0.728385569	20.99752902	72.80550005	45.25954389	83.0837912	2.324876305	0.999297358	4.34729048	2.55131592	0.074187633	12.76303428	3.231108881	0.062640498	20.03576571	6.677629282	0.647655776	18.96027825
1497	1.787278054	-9.32851E-31	15.32026104	10.7133784	0.726202201	20.99064308	72.80982587	45.26285654	83.08686059	2.324924347	0.999297358	4.34729048	2.551939616	0.074199398	12.76565478	3.231824144	0.062649757	20.03808298	6.680829573	0.648670609	18.96574168
1498	1.785409267	-9.30324E-31	15.23368918	10.7063435	0.724028431	20.9837593	72.81414608	45.26616669	83.08992591	2.324972258	0.999297358	4.34729048	2.552562861	0.074211148	12.76824587	3.232538819	0.062659006	20.04039727	6.684027217	0.649171524	18.97119481
1499	1.78354552	-9.65793E-31	15.14748377	10.69931291	0.722886741	20.97663709	72.81846074	45.26947429	83.09298714	2.325020038	0.999308785	4.34729048	2.55318566	0.074222883	12.7708351	3.233252917	0.062668246	20.04270856	6.687222216	0.649549869	18.97663765
1500	1.781686797	-9.89956E-31	15.06164473	10.69228663	0.723125139	20.97009355	72.82276986	45.27277932	83.0960443	2.325067687	0.999374028	4.34729048	2.553808011	0.074234603	12.77342247	3.233966437	0.062677475	20.04501688	6.690414571	0.650266598	18.98203206
1501	1.779833084	-9.50891E-31	14.97617198	10.68526466	0.723362379	20.96331705	72.82707347	45.28282055	83.10020722	2.325115206	0.999439389	4.34729048	2.554429916	0.074246309	12.77600799	3.23467938	0.062686695	20.04732221	6.693604285	0.651637212	18.98741434
1502	1.777984364	-9.83338E-31	14.89106544	10.67824726	0.723637699	20.95654273	72.83137156	45.28952631	83.10438469	2.325162595	0.999504867	4.34729048	2.555051185	0.074258	12.77859165	3.23539168	0.062695905	20.04962458	6.69679136	0.653009244	18.99278647
1503	1.776140621	-1.0347E-30	14.8498916	10.67123575	0.723952219	20.94977061	72.83566403	45.28955137	83.1085597	2.325209854	1.000932777	4.34729048	2.555671086	0.074269677	12.78117347	3.236102859	0.062705106	20.05192397	6.699975799	0.654112902	18.99814849
1504	1.774301841	-1.09585E-30	14.8340183	10.66422986	0.724265432	20.94298487	72.83995095	45.2895764	83.11270828	2.325256984	1.000932777	4.34729048	2.556289796	0.074281339	12.78375342	3.23681296	0.062714297	20.0541473	6.703157604	0.654147884	19.00350041
1505	1.772468007	-1.06134E-30	14.83370661	10.65722896	0.723076887	20.93616095	72.84423238	45.2896014	83.1168153	2.325303985	1.000932777	4.34729048	2.556907662	0.074292986	12.78633153	3.237522222	0.062723478	20.05636113	6.706336778	0.654182699	19.00884224
1506	1.770639105	-1.08987E-30	14.83339785	10.65023308	0.720636461	20.92928961	72.84850831	45.28962636	83.12091993	2.325350858	1.000932777	4.34729048	2.557524554	0.074311601	12.78890535	3.238230768	0.062732649	20.05857203	6.709513324	0.654217346	19.01417402
1507	1.768815118	-1.1072E-30	14.83309199	10.64324189	0.721350738	20.92106803	72.85277878	45.28965128	83.12502219	2.325397603	1.000932777	4.34729048	2.558140707	0.074339871	12.79145131	3.238938663	0.062741811	20.06078002	6.712687243	0.654251827	19.01949574
1508	1.766996033	-1.11426E-30	14.78302557	10.63625497	0.720034042	20.91141702	72.85704383	45.31757346	83.12912206	2.325444219	1.000945911	4.34729048	2.558756417	0.07436813	12.7939954	3.239645984	0.062750963	20.06298509	6.715858539	0.654286144	19.02407593
1509	1.765181835	-1.0803E-30	14.65498505	10.62927233	0.718720091	20.90621385	72.8613035	45.41256563	83.13321956	2.325490709	1.001862014	4.34729048	2.559371686	0.074396379	12.79653763	3.240352732	0.062760105	20.06518726	6.719027214	0.654320296	19.03016191
1510	1.76337251	-1.0286E-30	14.52756538	10.6222941	0.717408877	20.90136488	72.86555775	45.50755228	83.13731468	2.325537071	1.001862014	4.34729048	2.559986425	0.074424617	12.799078	3.241058871	0.062769238	20.06738652	6.722193269	0.654354285	19.03552274
1511	1.761568043	-1.01086E-30	14.4007704	10.61532101	0.716028377	20.89430379	72.86980652	45.55350556	83.14140742	2.325583306	1.001862014	4.34729048	2.560600193	0.074452845	12.80161651	3.241764219	0.062778361	20.10601006	6.725356707	0.654388112	19.04081647
1512	1.75976842	-1.05767E-30	14.273455	10.6083522	0.714369444	20.88633278	72.87404992	45.55459202	83.14549779	2.325629415	1.001862014	4.34729048	2.561213517	0.074481062	12.8027992	3.242468994	0.062787474	20.13060015	6.72851753	0.655394558	19.04415394
1513	1.757973626	-1.05402E-30	14.14517256	10.60138769	0.712714583	20.87835011	72.87828795	45.55567646	83.14958578	2.325675398	1.001862014	4.34729048	2.561826399	0.074509269	12.80314212	3.243173196	0.062796578	20.13108121	6.731675741	0.657108823	19.04712001
1514	1.756183649	-1.02137E-30	14.01753899	10.59442776	0.711063785	20.87037049	72.88252062	45.55675887	83.15367141	2.325721255	1.001862014	4.34729048	2.562438744	0.074537465	12.80348326	3.243876626	0.062805672	20.13131456	6.734831341	0.658832648	19.05487121
1515	1.754398473	-1.00254E-30	13.89055789	10.58747316	0.709417041	20.86239392	72.88674784	45.55783927	83.15775466	2.325766986	1.001862014	4.34729048	2.563050107	0.074565651	12.80382264	3.244579096	0.062814757	20.13154674	6.737984334	0.660558643	19.06192567
1516	1.752618084	-1.05494E-30	13.76423282	10.58052378	0.70777434	20.8544204	72.89096952	45.5596969	83.16183554	2.325812593	1.002162112	4.34729048	2.563660497	0.074593826	12.80416025	3.245280801	0.062826307	20.13177775	6.741134721	0.662286797	19.06724636
1517	1.750842468	-1.03429E-30	13.68368499	10.57357868	0.706135673	20.84643818	72.89518589	45.56304559	83.16591406	2.325858074	1.002501994	4.34729048	2.564270449	0.07462199	12.8044884	3.245981936	0.06286594	20.1320076	6.744282506	0.6640171	19.07255709
1518	1.749071612	-1.03619E-30	13.60451037	10.56663796	0.70450103	20.83845381	72.89939695	45.56639268	83.16999021	2.325903432	1.002526838	4.34729048	2.564879875	0.07465026	12.80479348	3.246682489	0.062998976	20.13223631	6.747427691	0.66574954	19.0778527
1519	1.7473055	-1.03839E-30	13.52569556	10.55970223	0.705024198	20.83047249	72.90360264	45.59312987	83.174064	2.325948665	1.002526838	4.34729048	2.565488299	0.07467874	12.80509685	3.247382385	0.063059541	20.13246388	6.750570277	0.667484109	19.0830445
1520	1.745544121	-1.04869E-30	13.44678392	10.55277141	0.705498983	20.82245135	72.90780295	45.68205781	83.17813542	2.325993774	1.002526838	4.34729048	2.566095786	0.074707209	12.80539853	3.24808169	0.063070087	20.13269031	6.753710268	0.669220795	19.08822652
1521	1.743787459	-1.0482E-30	13.36761622	10.54584626	0.70427698	20.81073077	72.91199761	45.75855848	83.18220448	2.32603876	1.002526838	4.34729048	2.566702033	0.074735668	12.80929012	3.248780213	0.063080627	20.13291562	6.756847666	0.670985524	19.09339877
1522	1.742035499	-1.05429E-30	13.28881277	10.53892623	0.703057103	20.80571429	72.91618684	45.77763976	83.18627118	2.326083623	1.002526838	4.34729048	2.567307403	0.074764116	12.82250419	3.249477935	0.06309116	20.13313981	6.759982474	0.672759489	19.09856127
1523	1.74028823	-9.54241E-31	13.2103733	10.53201111	0.701839346	20.79854924	72.92037079	45.87440482	83.18924205	2.326128363	1.003470279	4.34729048	2.567912116	0.074792554	12.82257051	3.250174695	0.063101688	20.1333629	6.763114694	0.673681816	19.10371404
1524	1.738545636	-1.01403E-30	13.13209473	10.52510067	0.700171965	20.7912348	72.92454951	45.96419712	83.19151418	2.32617298	1.003470279	4.34729048	2.56851625	0.074820982	12.82260587	3.250870628	0.063112209	20.13358488	6.766244328	0.674060281	19.10849055
1525	1.736807707	-9.69687E-31	13.05363689	10.51819446	0.698248854	20.78471145	72.92872303	45.98633575	83.19378395	2.326217476	1.003470279	4.34729048	2.569119953	0.074849399	12.82264119	3.251565995	0.063122723	20.17217884	6.769371378	0.674438664	19.11228981
1526	1.735074428	-9.99179E-31	12.95062859	10.51129407	0.696331027	20.77758643	72.93289131	46.00911282	83.19605134	2.326261849	1.003470279	4.34729048	2.569722944	0.074877805	12.82267649	3.25225955	0.063133232	20.20516626	6.772495848	0.674816965	19.11608312
1527	1.733345787	-9.9725E-31	12.77851983	10.50439836	0.69441847	20.7695243	72.9370544	46.03190771	83.19825503	2.326306101	1.003470279	4.34729048	2.570325376	0.074906201	12.82271176	3.252952244	0.063143734	20.208668	6.775617739	0.675195183	19.11987048
1528	1.731621772	-9.88661E-31	12.60707107	10.49750688	0.692511168	20.7613774	72.94121231	46.07231817	83.20044927	2.326350231	1.003470279	4.34729048	2.570927378	0.074934587	12.82274699	3.253644374	0.063154229	20.21196128	6.778737053	0.67557332	19.12365191
1529	1.729902368	-9.97854E-31	12.56935202	10.49062032	0.690532827	20.75149889	72.94536501	46.15765789	83.20264115	2.326394241	1.003470279	4.34729048	2.571528402	0.074962962	12.8227822	3.254335864	0.063164719	20.21525185	6.781853794	0.675951376	19.1274274
1530	1.728187564	-9.45468E-31	12.44805059	10.48373922	0.688411685	20.74287954	72.94951243	46.22773063	83.20483066	2.32643813	1.003470279	4.34729048	2.572128052	0.074991326	12.82281737	3.255026641	0.063175202	20.21853969	6.784967963	0.67632935	19.13119698
1531	1.726477347	-9.88581E-31	12.30979475	10.47686372	0.686306074	20.73717237	72.95365451	46.30470777	83.20819903	2.326481899	1.003470279	4.34729048	2.572726517	0.075019681	12.82285252	3.255716447	0.063185679	20.22182482	6.788079563	0.676707244	19.13496065
1532	1.724771702	-9.70909E-31	12.17243313	10.46999302	0.685009932	20.72699317	72.9577912	46.30539687	83.21119482	2.326525547	1.003470279	4.34729048	2.573324331	0.075048024	12.82288764	3.256405596	0.063196149	20.22510724	6.791188597	0.677085058	19.13871841
1533	1.723070618	-9.38448E-31	12.17156171	10.46312665	0.683116005	20.71922845	72.96192269	46.30608456	83.21405016	2.326569076	1.003470279	4.34729048	2.573921719	0.075076357	12.82292272	3.257094181	0.063206614	20.22838695	6.794295066	0.678418006	19.14247028
1534	1.721374083	-1.04361E-30	12.17038224	10.45626467	0.681430581	20.71285319	72.96604902	46.30677085	83.21990963	2.326612485	1.003470279	4.34729048	2.574518668	0.07510468	12.82295778	3.257782099	0.063217072	20.23166395	6.797398974	0.680298322	19.14621628
1535	1.719682084	-1.02345E-30	12.16855741	10.44940918	0.682227823	20.70483507	72.97017022	46.30780456	83.22631691	2.326655775	1.003470279	4.34729048	2.575114987	0.075132993	12.82299281	3.258467433	0.063227523	20.24551097	6.800500323	0.681325072	19.1499564
1536	1.717994609	-9.65795E-31	12.16674139	10.44255897	0.683026157	20.69682006	72.97428624	46.3088895	83.22847683	2.326698946	1.003470279	4.34729048	2.57571016	0.075161294	12.82302781	3.259151953	0.063237969	20.26187771	6.803599114	0.681931262	19.15369065
1537	1.716311645	-1.00445E-30	12.12188914	10.435714	0.681444402	20.68868064	72.9783971	46.32324413	83.23388857	2.326741999	1.003470279	4.34729048	2.576304233	0.075189586	12.82306277	3.259835674	0.063248408	20.26595698	6.806695352	0.682537316	19.15741905
1538	1.714633179	-1.01714E-30	11.97548321	10.42887325	0.679577654	20.68048346	72.98250288	46.34180987	83.23932446	2.326784933	1.003610491	4.34729048	2.576897881	0.075217867	12.82309771	3.260518838	0.063258841	20.27003396	6.809789036	0.683143234	19.16114161
1539	1.7129592	-1.00609E-30	11.87614482	10.42203669	0.67771602	20.6722819	72.98660364	46.35568695	83.24475531	2.32682775	1.003822305	4.34729048	2.577491106	0.075246138	12.82313262	3.261201445	0.063276035	20.27404708	6.812880171	0.683749016	19.16485832
1540	1.711289696	-1.02084E-30	11.855231	10.41520435	0.675859485	20.66443351	72.99069935	46.37975007	83.25011984	2.326870448	1.003822305	4.34729048	2.578083906	0.075274398	12.8231675	3.261883496	0.06329526	20.27755743	6.815968758	0.684354662	19.16856922
1541	1.709624655	-1.07336E-30	11.80546025	10.40837625	0.674008037	20.65639412	72.99479	46.39797565	83.25546554	2.326913029	1.003822986	4.34729048	2.578676281	0.075302647	12.82320235	3.262564991	0.063314477	20.28106546	6.819054799	0.684960172	19.17227429
1542	1.707964066	-1.09557E-30	11.71264429	10.40155267	0.67216166	20.64835787	72.99887556	46.41608744	83.26076481	2.326955493	1.00402341	4.34729048	2.579268098	0.075330887	12.82323717	3.263245815	0.063333686	20.28457117	6.822138295	0.685565546	19.17597356
1543	1.706307917	-1.03515E-30	11.61915073	10.39473397	0.670320342	20.64032474	73.00295601	46.43415015	83.26605859	2.32699784	1.004300509	4.34729048	2.579859188	0.075359116	12.82327196	3.263925824	0.063352887	20.28807456	6.825219251	0.686170783	19.17966702
1544	1.704656196	-1.03327E-30	11.52619593	10.38791952	0.668484067	20.63229473	73.00703142	46.45251675	83.27114171	2.327040071	1.00430051	4.34729048	2.580449853	0.075387334	12.8247938	3.264605277	0.063372079	20.29157563	6.828297667	0.686775884	19.1833547
1545	1.703008892	-1.09205E-30	11.43377985	10.38110933	0.666652823	20.62426785	73.01110178	46.47076913	83.27359066	2.327082185	1.00430051	4.34729048	2.581040092	0.075415542	12.82706144	3.265284174	0.063391263	20.29507438	6.831373545	0.687380849	19.18703659
1546	1.701365993	-1.09454E-30	11.42901791	10.3743034	0.664826595	20.61625796	73.01516711	46.48890774	83.27603545	2.327124182	1.004300511	4.34729048	2.581629907	0.07544374	12.82932779	3.265962515	0.063410438	20.29857081	6.834446889	0.68798581	19.19198965
1547	1.699727487	-1.09574E-30	11.42710299	10.36750174	0.663006134	20.60838093	73.01922741	46.50693304	83.27847607	2.327166064	1.004300512	4.34729048	2.582219297	0.075471927	12.83159285	3.2666403	0.063429605	20.30206493	6.837517699	0.688611469	19.19816775
1548	1.698093364	-1.10932E-30	11.40123147	10.36070435	0.661217559	20.60050692	73.02328268	46.5248455	83.28090332	2.327207831	1.004300512	4.34729048	2.582808261	0.075500104	12.83385663	3.26731753	0.063448764	20.30555674	6.840585978	0.689236983	19.20433868
1549	1.696463612	-1.0921E-30	11.33523796	10.35391123	0.659433852	20.59248931	73.02733294	46.54264561	83.28330345	2.327249482	1.004300513	4.34729048	2.5833968	0.075528271	12.83611486	3.267994204	0.063467915	20.30904623	6.843651728	0.689862353	19.21050244
1550	1.694838219	-1.08305E-30	11.2695728	10.34712367	0.657654999	20.58398965	73.03137817	46.56033386	83.2856995	2.327291018	1.004300514	4.34729048	2.583984775	0.075556427	12.8383668	3.268669196	0.063487057	20.31253342	6.846714952	0.690487579	19.21665905
1551	1.693217173	-1.05503E-30	11.20423522	10.34034133	0.655880989	20.57596609	73.03541839	46.57791078	83.28809149	2.327332439	1.004300514	4.34729048	2.584572223	0.075584573	12.84061745	3.269342789	0.063506191	20.3160183	6.849775652	0.69111266	19.22280851
1552	1.691600464	-1.04274E-30	11.13922448	10.33356338	0.654111806	20.56794565	73.03945361	46.59677486	83.29047942	2.327373746	1.004300515	4.34729048	2.58515917	0.075612708	12.84286681	3.270015806	0.063525317	20.31950087	6.852833829	0.691737597	19.22895083
1553	1.689988078	-1.019E-30	11.07453978	10.32679104	0.653054939	20.56096413	73.04348366	46.70349833	83.29564951	2.327414939	1.004300515	4.34729048	2.585744987	0.075640833	12.84511489	3.270687804	0.063544434	20.32298113	6.855889487	0.692362389	19.23508602
1554	1.688380005	-1.02622E-30	11.01018036	10.32002383	0.652327467	20.55314379	73.04750864	46.81187473	83.30094165	2.327456018	1.004300516	4.34729048	2.586330011	0.075668947	12.84736168	3.27135887	0.063551997	20.32645909	6.858942628	0.692987037	19.24121408
1555	1.686776234	-1.06961E-30	10.94614541	10.31326132	0.651629919	20.54769239	73.05152859	46.920296	83.30623117	2.327496982	1.004300517	4.34729048	2.586914273	0.075697052	12.84960719	3.272029345	0.063556735	20.32993475	6.861993254	0.693611539	19.24733503
1556	1.685176752	-1.0576E-30	10.88243413	10.30650365	0.650950618	20.54241994	73.05554354	46.97934587	83.31343593	2.327537834	1.004300517	4.349160826	2.587497766	0.075725146	12.85409661	3.272699088	0.063561464	20.33340811	6.865041367	0.694235897	19.25344888
1557	1.683581548	-1.05963E-30	10.84330197	10.29975148	0.650271952	20.53033797	73.05955353	47.06643112	83.32152368	2.327578572	1.004301187	4.349177346	2.588080761	0.075753229	12.85911735	3.273367138	0.063566187	20.33687917	6.86808697	0.69486011	19.25955562
1558	1.681990611	-1.04865E-30	10.82991033	10.29300358	0.650162665	20.5217465	73.06355858	47.15575562	83.32960342	2.327619198	1.005274151	4.349177346	2.588663331	0.075781302	12.86411852	3.274034641	0.063570901	20.34034793	6.871130065	0.695992266	19.26565528
1559	1.680403929	-1.01867E-30	10.81660334	10.28625997	0.650224044	20.51383918	73.06755868	47.15773379	83.33683857	2.327659711	1.006530321	4.349177346	2.589245459	0.075809282	12.86910018	3.274701598	0.063575607	20.34381439	6.874170654	0.697151419	19.27174786
1560	1.678821492	-9.70486E-31	10.80338056	10.27952062	0.650283816	20.50593491	73.07155386	47.15970937	83.34096723	2.327700111	1.008501414	4.349177346	2.589827162	0.075832073	12.87263925	3.27536801	0.063582052	20.34727856	6.877208739	0.698310037	19.27783336
1561	1.677243288	-9.99016E-31	10.79024151	10.27278551	0.650341977	20.49708616	73.07554417	47.16168235	83.34509344	2.327740399	1.010513277	4.349177346	2.590408441	0.075854852	12.87366919	3.276033875	0.063643988	20.35074044	6.880244323	0.699458637	19.2839118
1562	1.675669307	-1.05414E-30	10.77718575	10.26605457	0.650398527	20.48791303	73.07952965	47.16365274	83.3492172	2.327780576	1.011066427	4.349177346	2.590989295	0.075868755	12.87465	3.276699194	0.063718369	20.35420003	6.883277407	0.699560971	19.28998318
1563	1.674099538	-1.06312E-30	10.76421281	10.25932781	0.648727487	20.47992691	73.08351033	47.16562054	83.3612179	2.32782064	1.011438026	4.349177346	2.591569725	0.075878047	12.87562952	3.277363968	0.063737266	20.35765732	6.886307993	0.6996629	19.29604752
1564	1.67253397	-1.03498E-30	10.75132224	10.25260522	0.645406148	20.47194391	73.08748621	47.16758575	83.37459587	2.327860594	1.012021253	4.349177346	2.59214973	0.075887327	12.87660777	3.278028196	0.063756155	20.36111233	6.889336085	0.699764425	19.30210481
1565	1.670972592	-1.00758E-30	10.7028155	10.24588681	0.64464439	20.46396402	73.0914573	47.16954839	83.38293211	2.327900436	1.012021253	4.349177346	2.592729309	0.075896596	12.87758474	3.278691878	0.063775035	20.36456505	6.892361682	0.699865549	19.30815507
1566	1.669415394	-9.99284E-31	10.70249323	10.23917257	0.643883758	20.45598724	73.0954236	47.17150844	83.38825836	2.327940167	1.012021253	4.349177346	2.593308464	0.075905854	12.87823625	3.279355013	0.063793907	20.36801549	6.895384789	0.700335993	19.31419831
1567	1.667862365	-9.9831E-31	10.70217314	10.23246251	0.643124248	20.44801357	73.09938514	47.17433494	83.39353525	2.327979788	1.012021253	4.349177346	2.593887193	0.075915101	12.87861964	3.280017603	0.063812771	20.37146364	6.898405406	0.700931713	19.32023453
1568	1.666313494	-1.01732E-30	10.70185519	10.22575663	0.642365858	20.44004301	73.1033419	47.17764903	83.39873884	2.328019298	1.012021253	4.349177346	2.594465497	0.075924336	12.8790027	3.280679647	0.063831627	20.37490951	6.901423536	0.701527291	19.32626375
1569	1.66476877	-9.96964E-31	10.69672814	10.21905493	0.641608585	20.43207556	73.1072939	47.18095817	83.40393761	2.328058698	1.012021253	4.349177346	2.595043376	0.075933561	12.88090994	3.281341145	0.063840785	20.3783531	6.90443918	0.702122727	19.33203482
1570	1.663228183	-1.08853E-30	10.66539416	10.21235741	0.639757263	20.42681131	73.11124115	47.18426235	83.40913156	2.328097988	1.012021253	4.349177346	2.595620829	0.075942774	12.8825369	3.282002097	0.06384866	20.3817944	6.907452342	0.702718021	19.33681378
1571	1.661691721	-1.03712E-30	10.56897722	10.20566408	0.636892253	20.41974091	73.11518365	47.23324406	83.41427021	2.328137169	1.012021253	4.349177346	2.596197856	0.075951977	12.88355351	3.282662502	0.063856523	20.38523344	6.910463022	0.703313174	19.34158381
1572	1.660159373	-9.92874E-31	10.47058267	10.19897561	0.634040439	20.4119338	73.11912132	47.28613103	83.41462275	2.32817624	1.012021253	4.349177346	2.596774006	0.075961168	12.8845397	3.283322222	0.063864376	20.38867019	6.913471223	0.703908185	19.34634494
1573	1.658631128	-1.00667E-30	10.37270186	10.19229253	0.631201763	20.4041604	73.12305412	47.3389232	83.41494742	2.328215202	1.012021253	4.349177346	2.5973491	0.07596718	12.88551588	3.283980979	0.063872219	20.39210467	6.916476947	0.704503055	19.35109718
1574	1.657106974	-1.04285E-30	10.2754661	10.1856141	0.62950812	20.39638996	73.12698214	47.39162026	83.42036235	2.328254056	1.012021253	4.349177346	2.597923635	0.07597102	12.88649069	3.284638902	0.06388005	20.39553688	6.919480197	0.705097783	19.35584054
1575	1.6555869	-1.02073E-30	10.17887577	10.17893987	0.630150448	20.39101105	73.13090543	47.41512149	83.426907	2.3282928	1.012021253	4.349177346	2.598497745	0.075974853	12.88746414	3.285296279	0.063883983	20.39896681	6.922480974	0.705584205	19.36057504
1576	1.654070895	-1.03859E-30	10.08293118	10.17226983	0.629607205	20.38796778	73.13482402	47.41590481	83.43328786	2.328331437	1.012031391	4.349177346	2.599071431	0.075978678	12.88843623	3.285953112	0.063887539	20.40239448	6.925479281	0.705657818	19.3652368
1577	1.652558949	-1.0362E-30	9.974226735	10.16560398	0.626047229	20.38223849	73.1387379	47.41668683	83.43693423	2.328369965	1.013625533	4.349177346	2.599644691	0.075982497	12.88940697	3.286609399	0.063891093	20.40581988	6.928475119	0.705745767	19.36984026
1578	1.65105105	-1.04712E-30	9.859842834	10.15894231	0.622505316	20.37611557	73.14264709	47.41778119	83.44057792	2.328408385	1.015111925	4.349177346	2.600217527	0.075986307	12.89037636	3.287265141	0.063894643	20.40924301	6.931468491	0.705863932	19.374435
1579	1.649547188	-1.01207E-30	9.746288591	10.15228485	0.619010794	20.36999449	73.14655159	47.42027216	83.44421891	2.328446698	1.015111925	4.349177346	2.600789937	0.075990111	12.89134439	3.287920337	0.063898286	20.41266387	6.934459398	0.705981822	19.37637773
1580	1.648047352	-1.05015E-30	9.633566581	10.14563157	0.615804013	20.36387525	73.15045141	47.42275997	83.44785721	2.328484904	1.015135737	4.349177346	2.601361923	0.075993907	12.8922976	3.288574989	0.063901969	20.41608247	6.937447843	0.707159364	19.37931676
1581	1.64655153	-1.0504E-30	9.521679254	10.1389825	0.616372954	20.35762343	73.15434656	47.42524461	83.45149062	2.328523002	1.015189831	4.349177346	2.601933483	0.075997696	12.89300979	3.289229096	0.063905649	20.41949881	6.940433828	0.709023079	19.38593704
1582	1.645059711	-1.06909E-30	9.410628928	10.13233762	0.616943009	20.34720571	73.15823705	47.49234482	83.45503528	2.328560994	1.015658164	4.349177346	2.602504619	0.076001478	12.89371787	3.289882657	0.063909327	20.42291288	6.943417354	0.709973218	19.39254895
1583	1.643571885	-1.05741E-30	9.300417792	10.12569693	0.617514177	20.33467844	73.16212288	47.51336164	83.4599784	2.328598879	1.015658164	4.349177346	2.603075329	0.076005253	12.89442186	3.290535674	0.063913001	20.4263247	6.946398424	0.710566412	19.39636786
1584	1.642088041	-1.0383E-30	9.191047903	10.11906044	0.618086457	20.3228416	73.16600406	47.51370273	83.46542496	2.328636658	1.016443539	4.349177346	2.603645613	0.076024026	12.8951218	3.291188146	0.063916673	20.42973426	6.94937704	0.711159466	19.39860089
1585	1.640608166	-1.04866E-30	9.117571528	10.11242815	0.618690564	20.31471549	73.1698806	47.51569894	83.4708671	2.32867433	1.016443545	4.349177346	2.604215472	0.076047001	12.8958177	3.291840074	0.063920342	20.43314156	6.952353203	0.711763912	19.40082935
1586	1.639132251	-1.00156E-30	9.060939936	10.10580007	0.619314397	20.30659264	73.1737525	47.55208492	83.47630482	2.328711897	1.016443551	4.349177346	2.604784906	0.076069961	12.89650958	3.292491456	0.063924008	20.43654661	6.955326916	0.712401425	19.40305326
1587	1.637660283	-1.08877E-30	9.004619634	10.0991762	0.619963158	20.29847304	73.17761977	47.55488584	83.48173811	2.328749359	1.016443557	4.349177346	2.605353914	0.076092907	12.89719748	3.293142294	0.063927671	20.4399494	6.958298181	0.713038895	19.40527263
1588	1.636192252	-1.06008E-30	8.985987879	10.09255784	0.62064087	20.29616718	73.18148217	47.55768383	83.4856222	2.328786715	1.016443562	4.349177346	2.605921549	0.076104319	12.89788141	3.293792472	0.063931331	20.44334994	6.961267	0.713676323	19.4074454
1589	1.634728145	-1.07204E-30	8.902812111	10.08594568	0.620129657	20.29588509	73.18533965	47.58698243	83.48838575	2.328823966	1.016443568	4.349177346	2.606488398	0.076112819	12.89856139	3.294440785	0.063934988	20.44674823	6.964233376	0.714343281	19.40960363
1590	1.63326795	-1.13046E-30	8.841808107	10.07933796	0.617762395	20.29248239	73.18919244	47.70902037	83.49114689	2.328861113	1.017519771	4.349177346	2.607054816	0.076121309	12.89923746	3.295088415	0.063938643	20.45014428	6.967197311	0.714913556	19.41175743
1591	1.631811657	-1.13267E-30	8.788867628	10.07273446	0.614206352	20.28232922	73.19304061	47.83120155	83.49590737	2.328898155	1.018763034	4.349177346	2.607620813	0.07613015	12.89990962	3.295735504	0.063942294	20.45353807	6.970158807	0.715503951	19.41390681
1592	1.630359254	-1.11557E-30	8.73621739	10.06613532	0.610658378	20.27203258	73.1968842	47.95352414	83.50112076	2.328935093	1.018763034	4.350176699	2.608186224	0.076139192	12.90057792	3.296382047	0.063945943	20.45692962	6.973117867	0.716094213	19.41605178
1593	1.628910729	-1.11986E-30	8.720733313	10.05954148	0.607131511	20.26171079	73.20072318	48.07598628	83.50629016	2.328971927	1.018763035	4.350176699	2.608750175	0.076148598	12.90124235	3.297028015	0.063949589	20.46031745	6.976074493	0.716684344	19.41819234
1594	1.627466071	-1.14202E-30	8.720243719	10.0529518	0.603625629	20.25132091	73.20455764	48.19858608	83.51145701	2.329008657	1.018763035	4.350176699	2.609313706	0.076256061	12.90190296	3.297673442	0.063953231	20.46369729	6.979028687	0.717274343	19.42425752
1595	1.626025269	-1.19234E-30	8.719757852	10.04636627	0.602771025	20.24093636	73.20838758	48.32293489	83.51661411	2.329045284	1.018763035	4.350176699	2.609876818	0.076279027	12.90255977	3.298318328	0.063956871	20.4670749	6.981980451	0.71786421	19.43457852
1596	1.624588312	-1.18819E-30	8.719275682	10.03978542	0.603328799	20.24740758	73.21221295	48.4060149	83.51999965	2.329081808	1.018797526	4.350176699	2.610439117	0.076302011	12.90321278	3.298962607	0.063960508	20.47045026	6.984929787	0.718453945	19.43894239
1597	1.623155188	-1.12797E-30	8.718797183	10.03320961	0.601097761	20.2411392	73.21603364	48.40846708	83.52265694	2.32911823	1.019995945	4.350176699	2.611000501	0.076325389	12.90386204	3.299606133	0.063964142	20.47382337	6.987876698	0.719043548	19.44392209
1598	1.621725886	-1.14088E-30	8.718322326	10.02663821	0.598512997	20.23088469	73.21984975	48.41091786	83.52681192	2.329154548	1.020731259	4.350176699	2.611561412	0.076348752	12.90450755	3.300249004	0.063967773	20.47719425	6.990821184	0.719636984	19.44865399
1599	1.620300394	-1.15852E-30	8.717851083	10.02007101	0.596014592	20.22063537	73.22366134	48.41336724	83.52992629	2.329190765	1.020731259	4.350176699	2.612121904	0.076372101	12.90514934	3.300891336	0.063971401	20.48056289	6.993763249	0.720248622	19.45144153
1600	1.618878702	-1.18221E-30	8.716722686	10.01350799	0.594275043	20.21494952	73.22746843	48.41581516	83.53303839	2.329226879	1.020731259	4.350176699	2.612681977	0.076395436	12.91067997	3.301533127	0.063975026	20.4839293	6.996702894	0.720860118	19.45422418
1601	1.617460797	-1.15024E-30	8.714318607	10.0069493	0.591926027	20.20755723	73.23127102	48.41826162	83.53614822	2.329262892	1.020731259	4.350176699	2.613241561	0.076418756	12.91258735	3.302174307	0.063978649	20.48729347	6.999640121	0.721188907	19.45700196
1602	1.616046669	-1.13775E-30	8.711931708	10.00039531	0.58958622	20.19722378	73.23506908	48.42070656	83.53925577	2.329298803	1.020731259	4.350176699	2.613800388	0.076442062	12.91368225	3.302814819	0.063982268	20.4906554	7.002574933	0.721446058	19.45977487
1603	1.614636306	-1.13314E-30	8.709561933	9.993846541	0.587255588	20.18689566	73.23886248	48.42314998	83.54236106	2.329334613	1.020731259	4.350176699	2.614358228	0.076465354	12.91477502	3.3034545	0.063985884	20.4940151	7.005507331	0.721702968	19.46501602
1604	1.613229696	-1.12507E-30	8.653509289	9.987303206	0.584934096	20.17657285	73.24265131	48.44630835	83.54546409	2.329370322	1.020731259	4.350176699	2.614915198	0.076488632	12.91574614	3.304092949	0.063989497	20.49737257	7.008437318	0.721959636	19.47204786
1605	1.611826828	-1.12564E-30	8.579944341	9.980765638	0.582621707	20.16625537	73.24643561	48.47324889	83.54856485	2.329405931	1.020731259	4.350176699	2.615471194	0.076511896	12.91668506	3.304729901	0.063993107	20.50072782	7.011364898	0.722216064	19.47906726
1606	1.610427689	-1.11985E-30	8.50690698	9.974232247	0.580340858	20.1559432	73.25021546	48.47372159	83.55166334	2.329441439	1.020731259	4.350176699	2.616026773	0.076535146	12.91762276	3.305366319	0.063996715	20.50408083	7.014290071	0.722472251	19.48604357
1607	1.609032268	-1.13071E-30	8.434395861	9.967703037	0.578094446	20.14563634	73.25399087	48.47419307	83.55475958	2.329476847	1.020731259	4.350176699	2.616581937	0.076558381	12.91855924	3.306002203	0.064000319	20.50743162	7.01721284	0.722896602	19.49298546
1608	1.607640554	-1.11856E-30	8.3624096	9.961178013	0.577273047	20.13528491	73.25776183	48.47466333	83.55785355	2.329512156	1.020731259	4.350176699	2.617136684	0.076581602	12.91949451	3.306637553	0.06400392	20.51078018	7.020133208	0.723769219	19.49991497
1609	1.606252536	-1.10569E-30	8.329020784	9.954657175	0.576588738	20.1258387	73.26152836	48.47513237	83.56329644	2.329547365	1.020731259	4.350176699	2.617691015	0.076604809	12.92459661	3.30727237	0.064007518	20.51412652	7.023051176	0.724641417	19.50683212
1610	1.604868203	-1.1495E-30	8.328932996	9.948141301	0.575905276	20.11814909	73.26529046	48.47560021	83.56917883	2.329582475	1.020731259	4.350176699	2.618244691	0.076628002	12.93841618	3.307906128	0.064069012	20.51747064	7.025966746	0.725513197	19.51373692
1611	1.603487542	-1.17868E-30	8.328845957	9.941630037	0.575222661	20.12004784	73.26904813	48.47606683	83.57505637	2.329617486	1.020757913	4.350176699	2.618797822	0.076651181	12.93935372	3.308539066	0.064167628	20.52081254	7.028879921	0.726387835	19.5206294
1612	1.602110543	-1.17205E-30	8.328759661	9.935122958	0.574540891	20.13200739	73.27280139	48.47653225	83.58092908	2.329652398	1.020946929	4.350176699	2.619350536	0.076674346	12.9401818	3.309171474	0.064175043	20.52415222	7.031790704	0.727297648	19.52750959
1613	1.600737194	-1.14813E-30	8.328674103	9.928620369	0.573859965	20.11487899	73.27655024	48.47699647	83.58679695	2.329687212	1.020946929	4.350176699	2.619902592	0.076690519	12.94100903	3.3098033	0.064182447	20.52748968	7.034699096	0.728207071	19.53264555
1614	1.599367484	-1.15522E-30	8.328589274	9.922122237	0.573182518	20.09772987	73.28029468	48.47745949	83.59265999	2.329721928	1.020946929	4.350176699	2.620454018	0.076705061	12.94183539	3.310434551	0.064189841	20.53082493	7.037605099	0.729191993	19.53701931
1615	1.598001402	-1.14483E-30	8.328505171	9.915628754	0.572538895	20.08056045	73.2840347	48.47792131	83.5985182	2.329756546	1.020946929	4.350176699	2.621004623	0.076719588	12.94266089	3.31106526	0.064197226	20.53415796	7.040508716	0.730015479	19.54134071
1616	1.596638936	-1.18012E-30	8.326887216	9.909139636	0.571895923	20.07207305	73.28777032	48.47838194	83.60437159	2.329791067	1.020946929	4.350176699	2.621554699	0.076734102	12.94348553	3.311695392	0.064204681	20.53748878	7.043409949	0.730878776	19.54479462
1617	1.595280075	-1.15373E-30	8.324176877	9.902655193	0.571253603	20.06462637	73.29150159	48.47884138	83.61022015	2.32982549	1.021934015	4.350176699	2.622104008	0.076748602	12.9443093	3.312324845	0.064212202	20.54081739	7.0463088	0.731257814	19.54768156
1618	1.593924807	-1.16313E-30	8.321488396	9.896174871	0.570611933	20.05777093	73.29522856	48.47929963	83.6160639	2.329859817	1.021934015	4.350176699	2.622652902	0.076763087	12.94513223	3.31295377	0.064219714	20.54414379	7.049205271	0.731816372	19.55056288
1619	1.592573123	-1.13185E-30	8.318821816	9.889698795	0.569970914	20.05091784	73.29895119	48.4797567	83.62189597	2.329894047	1.021934015	4.350176699	2.623201344	0.076777558	12.94595429	3.313582137	0.064227216	20.54746798	7.052099364	0.732411623	19.5534386
1620	1.59122501	-1.18936E-30	8.227263482	9.883227109	0.569330544	20.04406709	73.30266945	48.48021259	83.6276676	2.329928181	1.021934015	4.350176699	2.623749267	0.076795332	12.94677549	3.314209897	0.064234707	20.55078996	7.054991081	0.733006738	19.55630873
1621	1.589880457	-1.14083E-30	8.12769496	9.876759656	0.568690825	20.03721867	73.30638337	48.4806673	83.63343445	2.329962219	1.021934015	4.350176699	2.62429676	0.076805758	12.95339041	3.314837119	0.064242189	20.55410974	7.057880424	0.733601716	19.55918189
1622	1.588539454	-1.12318E-30	8.028960867	9.870296606	0.568051754	20.0303726	73.31009292	48.48636298	83.63919652	2.32999616	1.021934015	4.350176699	2.62484373	0.07681963	12.96003897	3.315463734	0.06424966	20.55742732	7.060767395	0.734148249	19.56485437
1623	1.58720199	-1.15819E-30	8.010654938	9.86383777	0.567413333	20.02352887	73.31379813	48.58566795	83.64495383	2.330030007	1.021934015	4.350176699	2.625390285	0.076833487	12.9615085	3.316089823	0.064257121	20.56074269	7.063651996	0.734447645	19.57052147
1624	1.585868053	-1.15063E-30	8.010560494	9.857383152	0.566793379	20.01668748	73.317499	48.68492138	83.65077453	2.330063758	1.022259178	4.350176699	2.625936426	0.076847331	12.96277628	3.316715386	0.064264573	20.56405586	7.06653423	0.734746838	19.57618321
1625	1.584537632	-1.11242E-30	8.010466875	9.850932754	0.566189758	20.01204225	73.32119553	48.72261678	83.65638894	2.330097415	1.022728982	4.350176699	2.626482151	0.076861161	12.96404298	3.317340422	0.064272014	20.56736683	7.069414099	0.735056045	19.58183959
1626	1.583210717	-1.08381E-30	8.010374074	9.84448658	0.565586765	20.0167079	73.32488773	48.72426617	83.65966564	2.330130977	1.022728982	4.350176699	2.627027462	0.076874976	12.96530861	3.317964932	0.064279445	20.57067561	7.072291603	0.735915623	19.58749061
1627	1.581887296	-1.08217E-30	8.010282085	9.838044657	0.564984401	20.02116197	73.32857561	48.7259136	83.66293995	2.330164444	1.022728982	4.350176699	2.627572353	0.076888778	12.96657317	3.318588897	0.064286867	20.57398218	7.075166746	0.737193489	19.59223217
1628	1.58056736	-1.08063E-30	8.0101909	9.831609038	0.564382664	20.02540664	73.33225901	48.72755906	83.66621187	2.330197818	1.022728982	4.350176699	2.628116074	0.076902566	12.96783665	3.319211172	0.064294278	20.57728657	7.07803953	0.737786426	19.59488457
1629	1.579250894	-1.08465E-30	8.010100513	9.825179058	0.563781555	20.02625005	73.33593778	48.72920255	83.6694814	2.330231098	1.022728982	4.35077451	2.628658837	0.07691634	12.96909906	3.319832377	0.064301679	20.57963332	7.080909957	0.738379226	19.59753235
1630	1.57793789	-1.15623E-30	8.010010915	9.818753417	0.563181072	20.01925148	73.33961213	48.73084407	83.67274855	2.330264284	1.022739444	4.35077451	2.629201188	0.0769301	12.97036041	3.32045306	0.064309071	20.58196395	7.08377803	0.738971889	19.6001755
1631	1.576628335	-1.14127E-30	8.009922102	9.812332045	0.562581216	20.01212362	73.34328214	48.73248364	83.67601331	2.330297377	1.023656339	4.35077451	2.629743128	0.076943846	12.97162068	3.321073221	0.064316452	20.58429163	7.086643751	0.739564416	19.60281404
1632	1.575322219	-1.17544E-30	8.009426658	9.80591526	0.561981987	20.0049983	73.34694785	48.73412125	83.67927569	2.330330378	1.024923721	4.35077451	2.630284577	0.076957578	12.97287989	3.321692592	0.064323824	20.58661636	7.089507122	0.73994575	19.60544799
1633	1.574019532	-1.18756E-30	8.006709978	9.799502918	0.561383383	19.99605678	73.35060927	48.7357569	83.68253569	2.330363285	1.026189117	4.35077451	2.630825567	0.076971296	12.97413803	3.322311277	0.064331186	20.58893815	7.092368145	0.740319808	19.60807733
1634	1.572720263	-1.15273E-30	8.004016034	9.793094802	0.560883878	19.98800162	73.35426642	48.7373906	83.68579331	2.330396101	1.026505667	4.35077451	2.631366145	0.076985	12.9753951	3.322929442	0.064338537	20.591257	7.095226823	0.740693711	19.61070209
1635	1.5714244	-1.24934E-30	7.988654297	9.786691317	0.561416563	19.98384864	73.3579193	48.73902234	83.68904855	2.330428825	1.026505667	4.35077451	2.631906267	0.076998691	12.97665111	3.32354673	0.064345879	20.59357292	7.098083157	0.741067458	19.61332227
1636	1.570131935	-1.23249E-30	7.886002008	9.78029213	0.561949588	19.97690067	73.36156792	48.74065214	83.69230142	2.330461457	1.026534675	4.35077451	2.632445969	0.077012367	12.97790605	3.324163436	0.064353211	20.5958859	7.10093715	0.741441051	19.61593787
1637	1.568842855	-1.23754E-30	7.777628608	9.773897172	0.562482954	19.96986406	73.36521229	48.74227999	83.69555191	2.330493997	1.026593538	4.35077451	2.63298526	0.07702603	12.97915993	3.324779624	0.064360534	20.59819595	7.103788804	0.741814489	19.61854892
1638	1.567557151	-1.22576E-30	7.65973567	9.767507069	0.56301666	19.96281719	73.36885235	48.74390589	83.69880004	2.330526447	1.027245381	4.35077451	2.63352396	0.077039679	12.98041275	3.325394902	0.064367846	20.60050308	7.10663812	0.742187772	19.62115541
1639	1.566274812	-1.25265E-30	7.574562228	9.76112239	0.560832515	19.9557728	73.37248807	48.74552986	83.70321003	2.330558806	1.027245598	4.35077451	2.634061905	0.077053314	12.9816645	3.326008914	0.064375149	20.60280729	7.109485101	0.742568313	19.62375735
1640	1.564995827	-1.24649E-30	7.486437635	9.75474193	0.55777692	19.9487309	73.37611957	48.74818955	83.70846567	2.330591074	1.027245812	4.35077451	2.634599439	0.077069165	12.98242954	3.326622411	0.064382441	20.60510858	7.112329749	0.742952756	19.62635475
1641	1.563720187	-1.27377E-30	7.462897894	9.748365675	0.556258921	19.94169149	73.37974686	48.75070652	83.71371665	2.330623252	1.027246023	4.35077451	2.635136563	0.077166473	12.98248563	3.327235393	0.064389724	20.60740696	7.115172066	0.74333704	19.62894762
1642	1.56244788	-1.31438E-30	7.461002382	9.741993627	0.553942033	19.93465456	73.38336996	48.75321797	83.71896297	2.33065534	1.027246232	4.35077451	2.635673277	0.077356025	12.98254148	3.327847861	0.064396998	20.60970209	7.118012054	0.743721167	19.63153597
1643	1.561178898	-1.29765E-30	7.459117655	9.735625782	0.55163475	19.92762011	73.38698887	48.75572389	83.72420464	2.330687338	1.027246439	4.35077451	2.63620958	0.077378459	12.98691084	3.328459814	0.064404261	20.61197622	7.120849715	0.744105135	19.6341198
1644	1.559913229	-1.31521E-30	7.457243651	9.729263525	0.548863234	19.92058815	73.3906036	48.7602333	83.72944165	2.330719247	1.027246643	4.35077451	2.636745307	0.077400879	12.98858535	3.329070042	0.064411515	20.61424743	7.123685051	0.744488946	19.63669912
1645	1.558650863	-1.30406E-30	7.455380308	9.722905773	0.545589684	19.91352742	73.39421415	48.76185721	83.73466439	2.330751067	1.027246845	4.35077451	2.637280587	0.077423285	12.99013304	3.32967949	0.064418759	20.61651572	7.126518065	0.744872599	19.63927395
1646	1.55739179	-1.24333E-30	7.453527562	9.716552649	0.542335531	19.90584872	73.39782053	48.78329337	83.7398772	2.330782798	1.027247045	4.35077451	2.63781525	0.077445677	12.9913922	3.330288223	0.064425993	20.6187811	7.129348758	0.745324296	19.64184428
1647	1.556136001	-1.22956E-30	7.451685353	9.710203887	0.539163188	19.89463916	73.40142275	48.78362469	83.74547219	2.330814441	1.027247243	4.35077451	2.638349422	0.077461835	12.99265028	3.330896365	0.064433217	20.62104358	7.132177133	0.747337482	19.64441013
1648	1.554883484	-1.25212E-30	7.44985362	9.703860156	0.536119089	19.88343462	73.40502073	48.78395418	83.75178303	2.330845995	1.027247438	4.35077451	2.638882487	0.077477072	12.99390729	3.331503954	0.064440432	20.62330315	7.135003191	0.749362315	19.6469715
1649	1.553634229	-1.28405E-30	7.448032301	9.697522011	0.53530296	19.87365828	73.40861419	48.78428185	83.75806902	2.330877462	1.027247631	4.35077451	2.639414249	0.077492296	12.99516324	3.332110922	0.064447637	20.62555982	7.137826936	0.750328549	19.6495284
1650	1.552388226	-1.26589E-30	7.446221336	9.691188699	0.534488342	19.86946583	73.41220336	48.78460772	83.76434513	2.33090884	1.028334837	4.35077451	2.63994522	0.077507507	12.99641811	3.33271729	0.064454832	20.62781359	7.140648368	0.750929925	19.65208084
1651	1.551145465	-1.21688E-30	7.444420664	9.684859611	0.533644173	19.86527427	73.41578836	48.78493181	83.77061654	2.330940132	1.028334837	4.35077451	2.640475787	0.077522704	12.99767192	3.333323151	0.064462018	20.63006447	7.143467491	0.751531162	19.65462883
1652	1.549905935	-1.21839E-30	7.441253778	9.678534797	0.531424318	19.86108361	73.41936924	48.78525411	83.77688325	2.330971337	1.028334837	4.35077451	2.641005883	0.077537889	12.99892466	3.333928504	0.064469194	20.63231246	7.146284307	0.75213226	19.65717237
1653	1.548669628	-1.23214E-30	7.438088139	9.672215368	0.529301199	19.85689384	73.42294581	48.79806717	83.78314526	2.331002455	1.028334837	4.35077451	2.641534593	0.077553061	13.00017634	3.334533334	0.064476361	20.63455756	7.149098817	0.752733218	19.65971148
1654	1.547436532	-1.29673E-30	7.429028623	9.665900276	0.527186808	19.85036356	73.42651812	48.85559178	83.78940258	2.331033486	1.028334837	4.35077451	2.6420629	0.077568221	13.00142695	3.335137657	0.064483517	20.63679978	7.151911024	0.753334038	19.66224615
1655	1.546206639	-1.28313E-30	7.428063262	9.659589569	0.525081109	19.84340011	73.43008627	48.9130205	83.79565521	2.331064431	1.028334837	4.35077451	2.642590722	0.077583367	13.0026765	3.335741436	0.064490665	20.63903912	7.154720929	0.753934718	19.6647764
1656	1.544979938	-1.25515E-30	7.427103738	9.653283231	0.525078663	19.83639787	73.43365029	48.97035306	83.80190316	2.331095291	1.028334837	4.35077451	2.643118048	0.0775985	13.00392498	3.336344668	0.064497802	20.64127559	7.157528534	0.75453526	19.66730224
1657	1.54375642	-1.25926E-30	7.426150015	9.646981518	0.525454938	19.82939809	73.43721012	49.02758919	83.80814642	2.331126065	1.02836238	4.35077451	2.643644735	0.077613621	13.0051724	3.336947296	0.06450493	20.64350919	7.160333843	0.755135662	19.66982368
1658	1.542536075	-1.27336E-30	7.425202057	9.640684484	0.525891752	19.82240079	73.44076571	49.07336383	83.81438501	2.331156753	1.028843689	4.35077451	2.644170814	0.077628728	13.00641876	3.337549304	0.064512049	20.64573992	7.163136856	0.755658692	19.67234071
1659	1.541318893	-1.19005E-30	7.36760468	9.634392002	0.526328782	19.81540595	73.44431718	49.07450989	83.82061892	2.331187357	1.028843689	4.35077451	2.64469631	0.077643823	13.00766406	3.338150678	0.064519158	20.64796778	7.165937577	0.756153551	19.67485335
1660	1.540104865	-1.20126E-30	7.300117873	9.628103978	0.526766028	19.80841358	73.44786461	49.07565484	83.82684817	2.331217876	1.028843689	4.35077451	2.645221322	0.077658905	13.0089083	3.338751346	0.064526257	20.65019279	7.168736006	0.756648173	19.67736161
1661	1.538893981	-1.19628E-30	7.232876525	9.621821669	0.526300879	19.80142368	73.45140797	49.07769242	83.83307274	2.331248311	1.028843689	4.35077451	2.645745487	0.077673974	13.01015149	3.339350436	0.064533347	20.65241494	7.171532148	0.75714256	19.67986549
1662	1.537686231	-1.16086E-30	7.186730731	9.615543538	0.525589985	19.79443625	73.45494729	49.08073655	83.83929265	2.331278661	1.028844291	4.35077451	2.646269253	0.07768903	13.01139361	3.339949025	0.064540427	20.65463423	7.174326002	0.757557606	19.68236501
1663	1.536481606	-1.22093E-30	7.185856987	9.609269588	0.524880116	19.78745128	73.45848257	49.08376923	83.8455079	2.331308928	1.030613205	4.35077451	2.646792618	0.077704074	13.01263468	3.340547115	0.064547498	20.65685068	7.177117572	0.757927648	19.68486016
1664	1.535280096	-1.27966E-30	7.184989929	9.602999819	0.524344429	19.78046878	73.46201383	49.08679035	83.8517185	2.331339111	1.031383053	4.35077451	2.647315582	0.077719104	13.01387469	3.341144704	0.064554559	20.65906428	7.179906859	0.758297476	19.68735096
1665	1.534081692	-1.31418E-30	7.184129511	9.596734231	0.52479438	19.77348874	73.46554106	49.09602687	83.85647435	2.331369211	1.031383054	4.35077451	2.647838146	0.077734122	13.01511365	3.341741795	0.064561611	20.66127504	7.182693865	0.759001758	19.68983742
1666	1.532886385	-1.31455E-30	7.183275685	9.590472816	0.525244637	19.76651117	73.46906428	49.09707397	83.8605577	2.331399227	1.031383056	4.35077451	2.64836031	0.077749127	13.01635155	3.342338387	0.064568653	20.66348297	7.185478593	0.759592512	19.69231953
1667	1.531694165	-1.32946E-30	7.182428404	9.584217418	0.5256952	19.75953605	73.4725835	49.09811987	83.86454187	2.331429162	1.031383057	4.35077451	2.648881883	0.07776412	13.0175884	3.342932827	0.064575686	20.66568805	7.188261045	0.760075847	19.69479732
1668	1.530505022	-1.33678E-30	7.172958744	9.577967918	0.524511259	19.75254337	73.47609872	49.09916457	83.86852172	2.331459014	1.031383059	4.35077451	2.649402877	0.077779099	13.0188242	3.343525223	0.06458271	20.66789031	7.191041223	0.760567611	19.69727078
1669	1.529318944	-1.37505E-30	7.14555273	9.571722572	0.522967161	19.74444627	73.47960997	49.10020806	83.87115054	2.331488783	1.03138306	4.35077451	2.649923472	0.077794066	13.02005894	3.344117132	0.064589723	20.67008974	7.193819131	0.761618025	19.69973993
1670	1.528135924	-1.37109E-30	7.118349963	9.565481375	0.52142764	19.73446061	73.48311724	49.10125035	83.87352357	2.331518472	1.03138447	4.35077451	2.650443668	0.07780902	13.02129264	3.344708555	0.064596728	20.67228635	7.196594769	0.762704971	19.70220477
1671	1.526955953	-1.36456E-30	7.091349069	9.559244327	0.519892682	19.72620588	73.48662054	49.10229145	83.87589317	2.331548078	1.031437355	4.35077451	2.650963466	0.077823961	13.02252529	3.345299492	0.064603723	20.67448013	7.199368141	0.763442366	19.70466531
1672	1.52577902	-1.30791E-30	7.065697074	9.553011428	0.518362274	19.72020763	73.49011989	49.10333134	83.87825936	2.331577604	1.033103819	4.35077451	2.651482864	0.07783889	13.02375688	3.345889943	0.064610709	20.6766711	7.202139248	0.764082551	19.70712156
1673	1.524605118	-1.35013E-30	7.065633751	9.546782885	0.517540863	19.71421122	73.49361528	49.10437004	83.88062214	2.331607048	1.033279669	4.35077451	2.652001671	0.077853806	13.02498743	3.346479906	0.064617685	20.67885926	7.204908091	0.764674279	19.71224245
1674	1.523434236	-1.34528E-30	7.06557105	9.540559367	0.516791559	19.70821662	73.49710665	49.10540755	83.88331964	2.331636412	1.033280497	4.35077451	2.652519328	0.077868709	13.02621694	3.347069332	0.064624652	20.68104461	7.207674674	0.765265871	19.71894598
1675	1.522266364	-1.33924E-30	7.065508963	9.534342197	0.516043372	19.70222385	73.50059398	49.10644386	83.88837459	2.331665696	1.033325248	4.35077451	2.653035124	0.0778836	13.02744539	3.347657642	0.06463161	20.68322715	7.210438999	0.765857325	19.72564164
1676	1.521101491	-1.24571E-30	7.065447486	9.52812918	0.515296298	19.69623291	73.50407736	49.10747899	83.89342502	2.331694899	1.035018565	4.35077451	2.653550528	0.077898478	13.02867281	3.34824547	0.064638558	20.68540689	7.213201067	0.766448643	19.73232944
1677	1.51993961	-1.26015E-30	7.065386612	9.52192031	0.514550336	19.68988089	73.50755682	49.10851292	83.89847095	2.331724023	1.035800666	4.351154895	2.65406554	0.077913343	13.02989917	3.348832818	0.064645497	20.68758383	7.215960882	0.767039824	19.73900938
1678	1.51878071	-1.33014E-30	7.063785372	9.515715567	0.513824278	19.68295971	73.51103237	49.10954566	83.90351237	2.331753068	1.035800666	4.351860779	2.654580162	0.077928196	13.0311245	3.349419685	0.064652427	20.68975798	7.218718444	0.767630869	19.74568147
1679	1.517624782	-1.34896E-30	7.000625959	9.509515357	0.512810331	19.67572028	73.51450401	49.11057721	83.90854929	2.331782033	1.035841611	4.351974117	2.655094256	0.077943036	13.03234878	3.350005803	0.064659348	20.69192934	7.221473756	0.768212257	19.75234573
1680	1.516471819	-1.33311E-30	6.884950004	9.503320282	0.511474182	19.66683741	73.51797171	49.11160758	83.91352485	2.33181092	1.036722023	4.351991874	2.655607614	0.077957863	13.03357202	3.350590836	0.064666259	20.69409791	7.22422682	0.76855808	19.75877227
1681	1.51532181	-1.26088E-30	6.829196111	9.497129532	0.510141505	19.65794931	73.5214355	49.11263676	83.91542808	2.331839728	1.037014006	4.35200022	2.656120527	0.077972678	13.03479422	3.351175269	0.06467316	20.6962637	7.226977638	0.768926725	19.76185176
1682	1.514174746	-1.29242E-30	6.804328316	9.490943894	0.508812293	19.6490561	73.52489534	49.11366476	83.91670285	2.331868458	1.037014006	4.35200022	2.656632483	0.07798748	13.03601538	3.35175887	0.064680053	20.69841815	7.229726213	0.769469612	19.764926
1683	1.513030618	-1.24779E-30	6.779646325	9.484762348	0.507503735	19.64015789	73.52835133	49.11469158	83.91796694	2.33189711	1.037014006	4.35200022	2.65714405	0.07800227	13.03723551	3.352341995	0.064686936	20.70054545	7.232472547	0.770548306	19.76799501
1684	1.511889417	-1.26E-30	6.755148836	9.478585843	0.506997736	19.63125479	73.53180346	49.11571722	83.91920979	2.331925685	1.037014006	4.35200022	2.657654859	0.078017047	13.03845459	3.35292409	0.06469381	20.70266999	7.235216642	0.771238564	19.77105879
1685	1.510751135	-1.27867E-30	6.730784912	9.472413832	0.506490557	19.62234691	73.53525176	49.11674168	83.92045032	2.331954182	1.037014006	4.35200022	2.65816512	0.078031811	13.03967264	3.35350547	0.064700675	20.70479178	7.237958499	0.771839491	19.77411735
1686	1.509615761	-1.26954E-30	6.70557835	9.4662459	0.505982204	19.61343436	73.53869625	49.148589	83.92168851	2.331982602	1.037014006	4.35200022	2.658674994	0.078046563	13.04088965	3.354086376	0.064707531	20.70691082	7.240698122	0.77345661	19.77717071
1687	1.508483287	-1.28601E-30	6.680558704	9.460082048	0.504067032	19.60451725	73.54213692	49.23913048	83.92292437	2.332010945	1.037014006	4.35200022	2.65918448	0.078061302	13.04213555	3.354666809	0.064714377	20.70902712	7.243435511	0.773969429	19.78021887
1688	1.507353704	-1.31498E-30	6.65572467	9.453922276	0.501939332	19.59559568	73.54557379	49.3295594	83.92415792	2.332039212	1.037014006	4.35200022	2.659693579	0.078076029	13.04492014	3.355246769	0.064721214	20.71114067	7.246170669	0.774481959	19.78326183
1689	1.506227004	-1.26995E-30	6.631074948	9.447766586	0.499819668	19.58666975	73.54900686	49.4202896	83.92538915	2.332067403	1.037020209	4.35200022	2.66020229	0.078090743	13.04769081	3.355826256	0.064730139	20.71325148	7.248903597	0.775012435	19.78629962
1690	1.505103177	-1.2261E-30	6.606608245	9.441614979	0.498142491	19.57773161	73.55243614	49.51199891	83.92661806	2.332095518	1.038056672	4.35200022	2.660710614	0.078105445	13.0486375	3.35640527	0.064830023	20.71535955	7.251634298	0.776476583	19.78933224
1691	1.503982214	-1.28788E-30	6.582323275	9.435467455	0.496803291	19.5687768	73.55586164	49.52496394	83.92784466	2.332123557	1.038125996	4.35200022	2.661218551	0.078120345	13.04926978	3.356983812	0.064946684	20.71746489	7.254362773	0.778014468	19.79235969
1692	1.502864107	-1.33677E-30	6.558218756	9.429324015	0.495467699	19.55981796	73.55928335	49.52657149	83.92906779	2.332151521	1.038399341	4.35200022	2.661726101	0.078135244	13.04990089	3.357561882	0.065063507	20.71956751	7.257089025	0.778964858	19.79538198
1693	1.501748846	-1.33358E-30	6.542917103	9.42318466	0.494135705	19.55085518	73.56270129	49.52817785	83.93028679	2.33217941	1.038399341	4.35200022	2.662233264	0.078150131	13.05051176	3.358139481	0.06518049	20.7216674	7.259813055	0.779696134	19.79839913
1694	1.500636421	-1.28752E-30	6.541678783	9.417049393	0.4928073	19.5434635	73.56611545	49.52978301	83.93150353	2.332207224	1.038399341	4.35200022	2.662740039	0.078165005	13.05107207	3.358716609	0.065297634	20.72376456	7.262534865	0.7804271	19.80141114
1695	1.499526825	-1.24685E-30	6.540448154	9.410918213	0.491482474	19.53676567	73.56952585	49.53138695	83.93271804	2.332234964	1.038399341	4.35200022	2.663246428	0.078179867	13.05196269	3.359293266	0.06541494	20.72585901	7.265254457	0.781157755	19.80441803
1696	1.498420048	-1.24841E-30	6.539225174	9.404791123	0.490161217	19.53007015	73.57293248	49.54028739	83.9340229	2.33226263	1.038399341	4.35200022	2.66375243	0.078193813	13.05315552	3.359869452	0.065532407	20.72795075	7.267971833	0.781888099	19.80741979
1697	1.497316081	-1.25998E-30	6.538009803	9.398668124	0.48884352	19.52337692	73.57633536	49.54072264	83.93630246	2.332290222	1.038399341	4.35200022	2.664258045	0.078207425	13.05434734	3.360445169	0.065575085	20.73003977	7.270686995	0.782618134	19.81040428
1698	1.496214914	-1.32508E-30	6.520456055	9.392549216	0.487529374	19.51668598	73.57973449	49.54115686	83.93857877	2.33231774	1.038399341	4.35200022	2.664763274	0.078221026	13.05553816	3.361020416	0.065585698	20.73247529	7.273399945	0.783347858	19.81332371
1699	1.495116539	-1.33421E-30	6.481610509	9.386434708	0.486218769	19.51632645	73.58312987	49.54159005	83.94085184	2.332345185	1.038399341	4.35200022	2.665267916	0.078234616	13.05672796	3.361595096	0.065596304	20.73528271	7.276110685	0.784030372	19.81623807
1700	1.494020946	-1.3317E-30	6.442537925	9.380324378	0.484911696	19.51647432	73.5865215	49.54202222	83.94312168	2.332372558	1.039875984	4.35200022	2.665772118	0.078248197	13.05791676	3.36216928	0.065606903	20.73808776	7.278819217	0.78433206	19.81914736
1701	1.492928126	-1.27675E-30	6.403194404	9.374218508	0.483625092	19.5146005	73.58990937	49.54754909	83.94538829	2.332399857	1.040472558	4.353633151	2.666275699	0.078261767	13.05824925	3.362742897	0.065617495	20.74089046	7.281525543	0.784646712	19.82205159
1702	1.491838069	-1.26851E-30	6.363189567	9.368117073	0.482384756	19.50696523	73.59329348	49.5932519	83.94765168	2.332427085	1.040472558	4.353642557	2.666778676	0.078275326	13.05829612	3.363315954	0.06562808	20.7436908	7.284229665	0.784962135	19.82590179
1703	1.490750765	-1.28759E-30	6.323859416	9.362021045	0.48114773	19.49925148	73.59667382	49.59414648	83.94991185	2.33245424	1.040472558	4.353642557	2.667280302	0.078288876	13.05834281	3.363888245	0.065638658	20.74648879	7.286931584	0.785277388	19.83085593
1704	1.489666204	-1.35118E-30	6.286156145	9.355929393	0.479914005	19.49154079	73.60005043	49.59503989	83.9521688	2.332481324	1.040472558	4.353642557	2.667781338	0.078302415	13.05838933	3.364460006	0.065649228	20.7479992	7.289631304	0.78559247	19.83580437
1705	1.488584375	-1.30332E-30	6.262749723	9.349841798	0.478683573	19.48334268	73.60342337	49.59593214	83.95442255	2.332508336	1.040472558	4.353642557	2.668281997	0.078315944	13.05843567	3.365031302	0.065659792	20.74912984	7.292328827	0.786504692	19.8407471
1706	1.487505269	-1.30705E-30	6.241057715	9.343758254	0.477206605	19.46737111	73.60679263	49.59682323	83.95667308	2.332535278	1.040472558	4.353642557	2.668782278	0.078329463	13.05848183	3.365602135	0.065670349	20.75025848	7.295024153	0.787982316	19.84568415
1707	1.486428878	-1.2703E-30	6.219527257	9.337678786	0.476130815	19.45657073	73.61015821	49.59771317	83.95891878	2.332562148	1.040472558	4.353642557	2.669282183	0.078342971	13.05852783	3.366172504	0.065680931	20.75138511	7.297717286	0.789459374	19.85061551
1708	1.485355192	-1.27193E-30	6.198157175	9.331603403	0.474881876	19.4499027	73.61352011	49.59860194	83.96113199	2.332588949	1.040472558	4.353642557	2.669781711	0.078356469	13.05906302	3.36674241	0.06569169	20.75304988	7.300408226	0.790759924	19.8590632
1709	1.484284202	-1.25333E-30	6.176946303	9.325532451	0.473664991	19.44323556	73.61687823	49.61905175	83.96435778	2.332615679	1.040472558	4.353642557	2.670280614	0.078369958	13.05964101	3.367311846	0.065702443	20.75515036	7.303096976	0.791334168	19.86768384
1710	1.483215898	-1.2021E-30	6.142560241	9.319466265	0.473434033	19.43655533	73.6202325	49.67451039	83.96860769	2.332642339	1.040472558	4.353642557	2.670778652	0.078383435	13.06021818	3.367880805	0.065713188	20.75724817	7.305783539	0.792225024	19.87629538
1711	1.48215027	-1.22974E-30	6.100470856	9.313404165	0.473764869	19.42987741	73.6235831	49.6746159	83.97285247	2.33266893	1.040472558	4.353642557	2.671276315	0.078396903	13.06079452	3.368449302	0.065723926	20.7593433	7.308467915	0.793390184	19.88489783
1712	1.48108731	-1.21655E-30	6.046239032	9.307346149	0.474095874	19.42320178	73.62693004	49.67472115	83.97709211	2.332695452	1.040472558	4.353642557	2.671773602	0.07841036	13.06137005	3.369017338	0.065734657	20.76143577	7.311150106	0.794538531	19.89349121
1713	1.480027008	-1.23604E-30	5.992420088	9.301292469	0.474427049	19.41652846	73.63027332	49.67571322	83.98132664	2.332721904	1.040472558	4.353642557	2.672270474	0.078423807	13.06194475	3.369584709	0.065745381	20.76352557	7.313830116	0.795687265	19.90207552
1714	1.478969353	-1.22596E-30	5.939012138	9.295244134	0.473513237	19.40948981	73.63361291	49.71994829	83.98555605	2.332748288	1.040472558	4.353642557	2.672766774	0.078437244	13.06251864	3.370150596	0.065756098	20.76561271	7.316507945	0.796414067	19.91065077
1715	1.477914337	-1.24816E-30	5.886013288	9.289199882	0.472280615	19.39907902	73.63694886	49.79968653	83.98978034	2.332774604	1.040472558	4.353642557	2.673262699	0.078450671	13.06309171	3.370716022	0.065766808	20.7676972	7.319183596	0.79669921	19.91921697
1716	1.47686195	-1.21732E-30	5.84054997	9.283159712	0.471051201	19.38870802	73.64028118	49.87882486	83.99399953	2.332800852	1.040472558	4.353642557	2.673758249	0.078464088	13.06366396	3.371280991	0.06577751	20.76977903	7.32185707	0.796862879	19.92777414
1717	1.475812183	-1.22371E-30	5.804823807	9.277124111	0.469824988	19.3822525	73.64360985	49.88200085	83.99821363	2.332827032	1.040472558	4.353642557	2.674253197	0.078477494	13.0642354	3.371845254	0.065788206	20.7718582	7.32452837	0.797349806	19.93632228
1718	1.474765025	-1.21099E-30	5.76931431	9.271092998	0.468601967	19.37300544	73.6469349	49.88517403	84.00242263	2.332853145	1.040472558	4.353642557	2.674747582	0.078490891	13.06480602	3.372408855	0.065798895	20.77393473	7.327197497	0.79801616	19.94486139
1719	1.473720467	-1.21197E-30	5.76280655	9.265065971	0.46738213	19.36541592	73.65025633	49.9107295	84.00662655	2.332879191	1.04048873	4.353642557	2.675241592	0.078504277	13.06537583	3.372971998	0.065809576	20.77600862	7.329864454	0.798391204	19.95244918
1720	1.4726785	-1.21385E-30	5.76193247	9.259043032	0.466165468	19.35899641	73.65357414	49.9608974	84.01082538	2.33290517	1.040518786	4.353642557	2.675735228	0.078517653	13.06594482	3.373534684	0.065820251	20.77807987	7.332529242	0.798569008	19.9561492
1721	1.471639115	-1.15732E-30	5.752471482	9.253024177	0.464951973	19.35257484	73.65688836	50.01099148	84.01658302	2.332931083	1.041425102	4.353642557	2.676228489	0.078531019	13.06651301	3.374096914	0.065830918	20.78014848	7.335191863	0.798746564	19.9598424
1722	1.470602301	-1.17252E-30	5.71907412	9.247010054	0.463635154	19.34478959	73.66019895	50.06101147	84.02250988	2.332956929	1.042285845	4.353642557	2.67672099	0.078544375	13.06708039	3.374658453	0.065841578	20.78221445	7.33785232	0.798923873	19.9635288
1723	1.46956805	-1.17413E-30	5.685867742	9.24100112	0.46207963	19.33653788	73.66350582	50.11095708	84.02843248	2.33298271	1.043033272	4.353642557	2.677212458	0.07855772	13.07508762	3.375219228	0.065852232	20.7842778	7.340510614	0.799100934	19.96720841
1724	1.46853635	-1.23812E-30	5.652851442	9.23499631	0.460546157	19.32926067	73.66680906	50.16082802	84.0343508	2.333008425	1.043033272	4.353642557	2.677703553	0.078571056	13.08524033	3.375779548	0.065862878	20.78633851	7.343166749	0.79927775	19.97086325
1725	1.467507192	-1.19708E-30	5.620021985	9.228995577	0.458307915	19.32297583	73.67010874	50.21062402	84.04026485	2.333034075	1.043033272	4.353642557	2.678194277	0.078584381	13.08540997	3.376339415	0.065873517	20.7883966	7.345820726	0.799950485	19.97437369
1726	1.466480568	-1.19378E-30	5.58632133	9.222998898	0.456023636	19.32078366	73.67340487	50.2603448	84.04617465	2.33305966	1.043033272	4.353642557	2.678684628	0.078597697	13.08557942	3.376898828	0.065884149	20.79045208	7.348472547	0.80117229	19.97787746
1727	1.465456467	-1.16056E-30	5.552815288	9.217006266	0.454706696	19.31476996	73.67669748	50.30999008	84.05208018	2.333085181	1.043033272	4.353642557	2.679174607	0.078611002	13.08574869	3.377457787	0.065894774	20.79250493	7.351122213	0.801513756	19.98137457
1728	1.464434881	-1.17784E-30	5.519502922	9.211017683	0.453942817	19.30809024	73.67998656	50.35955958	84.05798146	2.333110637	1.043033272	4.353642557	2.679664214	0.078624297	13.08591776	3.378016294	0.065905392	20.79455517	7.353769727	0.801700608	19.98486502
1729	1.463415799	-1.21464E-30	5.486383295	9.205033147	0.453997337	19.30176465	73.68327214	50.40905304	84.06387849	2.333136029	1.043033272	4.353642557	2.680153449	0.078637582	13.08608666	3.378574349	0.065916004	20.7966028	7.356415091	0.801886498	19.98834883
