hour	m_N	l_N	u_N	m_BN	l_BN	u_BN	m_Nof	l_Nof	u_Nof	m_NEnz	l_NEnz	u_NEnz	m_NExu	l_NExu	u_NExu	m_NWaste	l_NWaste	u_NWaste	m_deadNB	l_deadNB	u_deadNB
1	5	5	5	0.01685	0.01685	0.01685	0	0	0	0	0	0	0	0	0	0	0	0	0	0	0
2	4.999605143	4.998985928	4.999889681	0.016534577	0.014422953	0.017608297	0.000645291	0	0.002678448	4.01665E-05	8.24743E-06	0.000119439	1.82307E-05	3.87491E-07	0.00011026	0	0	0	6.5923E-06	9.86621E-07	2.33406E-05
3	4.999196143	4.997857123	4.99978198	0.01673624	0.013803529	0.018443748	0.000785838	0	0.003485483	8.17504E-05	1.64306E-05	0.000249117	3.67539E-05	7.82687E-07	0.00022515	0	0	0	1.32736E-05	2.00719E-06	4.72618E-05
4	4.998771345	4.996637721	4.999673964	0.017075981	0.013838333	0.019405162	0.000801966	0	0.00363235	0.000124915	2.46654E-05	0.000387074	5.56879E-05	1.1754E-06	0.000340335	0	0	0	2.01045E-05	3.08354E-06	7.10773E-05
5	4.998331355	4.99535028	4.999564007	0.017443994	0.014039441	0.020399872	0.000802949	0	0.003642209	0.000169595	3.2909E-05	0.000533284	7.50145E-05	1.58772E-06	0.000458987	0	0	0	2.70921E-05	4.14979E-06	9.50535E-05
6	4.997876335	4.993973662	4.999453368	0.017825785	0.014230414	0.021499085	0.000803161	0	0.003642209	0.00021577	4.1185E-05	0.000688047	9.47139E-05	1.99766E-06	0.000577457	0	0	0	3.42358E-05	5.26003E-06	0.000119605
7	4.997405881	4.992513592	4.9993441	0.018220987	0.014380101	0.022769851	0.000803332	0	0.003642209	0.000263477	4.96171E-05	0.000855748	0.000114785	2.42969E-06	0.00069627	0	0	0	4.15381E-05	6.40322E-06	0.000144761
8	4.996919295	4.990968846	4.99923505	0.018630184	0.014533401	0.024086061	0.000803499	0	0.003642209	0.000312781	5.80414E-05	0.001028769	0.000135237	2.8555E-06	0.000822353	0	0	0	4.90036E-05	7.57353E-06	0.000170646
9	4.996415716	4.989334829	4.99912572	0.019054135	0.014686559	0.02553593	0.000803666	0	0.003642209	0.000363764	6.66611E-05	0.001203364	0.000156082	3.30721E-06	0.000950555	0	0	0	5.66376E-05	8.73073E-06	0.000197409
10	4.995894155	4.987590555	4.99901494	0.019493711	0.014816431	0.026996349	0.000803834	0	0.003642209	0.000416518	7.5252E-05	0.001394963	0.000177336	3.75566E-06	0.001072455	0	0	0	6.44463E-05	9.89178E-06	0.00022565
11	4.995353511	4.985743825	4.998901726	0.019949889	0.014964303	0.028587938	0.000804004	0	0.003642209	0.000471145	8.38236E-05	0.001599812	0.000199015	4.19995E-06	0.001200033	0	0	0	7.24362E-05	1.11317E-05	0.000254962
12	4.99479256	4.983753032	4.998787921	0.020423753	0.01509829	0.030210365	0.000804175	0	0.003642209	0.000527759	9.22524E-05	0.00181197	0.000221139	4.66914E-06	0.00133436	0	0	0	8.06143E-05	1.23655E-05	0.000283597
13	4.994209942	4.981670611	4.998673885	0.020916511	0.015263728	0.032060555	0.000804348	0	0.003642209	0.000586484	0.00010087	0.002026331	0.000243727	5.13739E-06	0.00146945	0	0	0	8.89882E-05	1.36333E-05	0.000312203
14	4.993604138	4.979480845	4.998560705	0.021429515	0.015391029	0.033916633	0.000804522	0	0.003644695	0.00064746	0.000109757	0.002255724	0.0002668	5.65976E-06	0.001607497	0	0	0	9.75659E-05	1.48911E-05	0.000341657
15	4.992973454	4.977116841	4.998448263	0.021964272	0.015523208	0.03584268	0.000804699	0	0.003644695	0.000710837	0.000118455	0.002502987	0.000290382	6.13163E-06	0.00176001	0	0	0	0.000106356	1.61909E-05	0.000372905
16	4.99231599	4.97458632	4.998336459	0.022522479	0.015671764	0.038021362	0.000804878	0	0.003644695	0.000776787	0.000127572	0.002743676	0.000314498	6.63014E-06	0.001895869	0	0	0	0.000115368	1.74917E-05	0.000407005
17	4.99162962	4.97195186	4.998224158	0.023106035	0.015797506	0.040180526	0.000805058	0	0.003644695	0.000845499	0.000136732	0.003003298	0.000339175	7.1306E-06	0.00206152	0	0	0	0.000124613	1.8835E-05	0.000440692
18	4.990911962	4.969042151	4.998107955	0.02371707	0.015938547	0.042474295	0.000805241	0	0.003644871	0.000917182	0.000145751	0.003297192	0.000364445	7.63473E-06	0.00221342	0	0	0	0.0001341	2.01893E-05	0.000473556
19	4.990160356	4.96604478	4.997992599	0.024357966	0.016082571	0.044899823	0.000805425	0	0.003644871	0.000992069	0.00015508	0.003618126	0.000390341	8.14565E-06	0.002378	0	0	0	0.000143843	2.15714E-05	0.000507422
20	4.98937185	4.962977547	4.997875883	0.025031367	0.016211295	0.047594426	0.000805612	0	0.003644871	0.001070418	0.000164126	0.003948861	0.000416899	8.67669E-06	0.002531674	0	0	0	0.000153854	2.29303E-05	0.000542697
21	4.988543214	4.959738869	4.997760975	0.025740168	0.016350758	0.050395499	0.000805801	0	0.003644871	0.001152509	0.000173166	0.004289223	0.000444159	9.31071E-06	0.002708951	0	0	0	0.000164148	2.43826E-05	0.000578923
22	4.987670978	4.956216159	4.997644632	0.026487476	0.016452642	0.053406661	0.000805992	0	0.003646369	0.001238646	0.00018224	0.004670746	0.000472167	9.83849E-06	0.002891822	0	0	0	0.000174741	2.57766E-05	0.000616673
23	4.986751557	4.952481647	4.997528162	0.027276496	0.01655969	0.056649093	0.000806185	0	0.003646369	0.001329143	0.000191354	0.005104191	0.00050097	1.0436E-05	0.003064585	0	0	0	0.000185649	2.72117E-05	0.000655793
24	4.985781488	4.948534263	4.997410366	0.028110306	0.016660955	0.060280955	0.00080638	0	0.003646369	0.001424313	0.000200757	0.005524051	0.000530621	1.1024E-05	0.003233023	0	0	0	0.000196892	2.86666E-05	0.000698125
25	4.984757895	4.944436107	4.997291028	0.028991435	0.016775598	0.064123659	0.000806578	0	0.003646369	0.00152443	0.000210469	0.005968113	0.000561174	1.15952E-05	0.003389401	0	0	0	0.000208489	3.03561E-05	0.000740301
26	4.983679305	4.939976505	4.99717252	0.029921095	0.016881921	0.068232317	0.000806777	0	0.003646369	0.001629675	0.000220269	0.006419724	0.000592688	1.21765E-05	0.003575384	0	0	0	0.00022046	3.185E-05	0.000784471
27	4.982547111	4.935386301	4.997050897	0.030897839	0.016972397	0.072230602	0.00080698	0	0.003646494	0.001740033	0.000229749	0.006890866	0.000625214	1.27698E-05	0.003758002	0	0	0	0.000232824	3.33901E-05	0.000829582
28	4.981368028	4.930405673	4.996929367	0.031915292	0.01706376	0.076718357	0.000807184	0	0.003646494	0.001855108	0.000239259	0.007384474	0.000658793	1.34584E-05	0.003952674	0	0	0	0.000245595	3.50155E-05	0.000881057
29	4.980156153	4.925077088	4.996810729	0.032960261	0.01715474	0.081242308	0.000807391	0	0.003646677	0.00197398	0.000248719	0.007911965	0.000693442	1.4125E-05	0.004148818	0	0	0	0.000258773	3.66633E-05	0.000932897
30	4.978921409	4.919637667	4.996687901	0.034023477	0.017247255	0.086071268	0.0008076	0	0.003646677	0.002096022	0.000258178	0.008505949	0.000729148	1.48429E-05	0.004330858	0	0	0	0.000272344	3.83282E-05	0.000981819
31	4.977651031	4.913632495	4.99656398	0.035116957	0.017341535	0.091472516	0.000807812	0	0.003648134	0.002222225	0.000267684	0.009106957	0.000765665	1.5469E-05	0.004544429	0	0	0	0.000286309	4.00006E-05	0.001026594
32	4.976330077	4.906979767	4.996441931	0.036254427	0.017429816	0.097035412	0.000808027	0	0.003648134	0.002353722	0.000277715	0.009749955	0.000803051	1.60781E-05	0.004746409	0	0	0	0.000300696	4.1808E-05	0.001082026
33	4.974951846	4.900256887	4.996317969	0.037441657	0.017508001	0.10303387	0.000808244	0	0.003648134	0.002491041	0.000287923	0.010487589	0.000841678	1.6824E-05	0.004936222	0	0	0	0.000315534	4.34934E-05	0.001144107
34	4.973513183	4.892874039	4.996193137	0.038681463	0.017593363	0.109412587	0.000808464	0	0.003649907	0.002634455	0.000298227	0.011218132	0.000881583	1.75104E-05	0.005155863	0	0	0	0.000330853	4.51926E-05	0.001201037
35	4.97201102	4.885317908	4.996070029	0.039976884	0.017678136	0.115987333	0.000808686	0	0.003649907	0.002784258	0.000308587	0.012092053	0.000922474	1.82568E-05	0.005371749	0	0	0	0.000346678	4.69987E-05	0.001272841
36	4.970440193	4.87685735	4.995944726	0.041332062	0.017778333	0.122880788	0.000808923	0	0.003649907	0.002940948	0.000318472	0.0128841	0.000964838	1.89116E-05	0.005561509	0	0	0	0.000363036	4.87847E-05	0.001340059
37	4.96879371	4.86800098	4.99581602	0.042753049	0.017887268	0.130048005	0.000809325	0	0.003649907	0.0031052	0.000327933	0.013705116	0.001008762	1.95667E-05	0.005796798	0	0	0	0.000379955	5.05343E-05	0.001417887
38	4.967064718	4.859245692	4.995687638	0.044245958	0.017980139	0.137622595	0.000809829	0	0.003651274	0.003277685	0.000337161	0.014694298	0.001054345	2.03161E-05	0.006058578	0	0	0	0.000397465	5.22527E-05	0.001485432
39	4.965247842	4.849594659	4.995561219	0.045815659	0.018054997	0.145635935	0.000810405	0	0.003651274	0.003458957	0.000346924	0.015648961	0.001101543	2.10201E-05	0.006390191	0	0	0	0.000415595	5.42099E-05	0.001565866
40	4.963339468	4.839663404	4.995433565	0.047465143	0.018132101	0.154439125	0.000811116	0	0.003651274	0.003649422	0.000356497	0.016659665	0.001150473	2.1754E-05	0.006647433	0	0	0	0.000434376	5.61916E-05	0.001634818
41	4.961337665	4.829150243	4.995305525	0.049195859	0.018221576	0.164077104	0.000811904	0	0.003651895	0.003849356	0.000366839	0.01781157	0.001201376	2.24989E-05	0.006945104	0	0	0	0.000453839	5.80427E-05	0.001710323
42	4.959241983	4.81734307	4.995176966	0.051008002	0.018299719	0.173915701	0.00081273	0	0.003651895	0.004058921	0.000376933	0.018903524	0.001254348	2.33113E-05	0.007208888	0	0	0	0.000474015	5.98478E-05	0.001788536
43	4.957053243	4.805013102	4.995050795	0.052900585	0.018384347	0.185045169	0.000813576	0	0.003654665	0.004278187	0.000387736	0.020003096	0.001309476	2.41531E-05	0.007529315	0	0	0	0.000494934	6.18443E-05	0.001896416
44	4.954773718	4.792907946	4.994918224	0.054871293	0.01848027	0.196883375	0.000814433	0	0.003654665	0.004507115	0.00039843	0.021245044	0.001366815	2.49919E-05	0.007872301	0	0	0	0.000516626	6.39133E-05	0.001994685
45	4.952407446	4.779029523	4.994787862	0.056916259	0.018573179	0.208761023	0.000815298	0	0.003654665	0.0047455	0.000409842	0.022613744	0.001426373	2.58706E-05	0.008169805	0	0	0	0.000539124	6.59831E-05	0.002114397
46	4.949956244	4.765329166	4.994656834	0.059033759	0.018665377	0.220976182	0.000816196	0	0.003654665	0.00499324	0.000420352	0.024117781	0.001488103	2.66277E-05	0.008483581	0	0	0	0.000562458	6.78728E-05	0.002207961
47	4.947412333	4.75002142	4.994525189	0.061231919	0.018777504	0.233899374	0.00081712	0	0.003655725	0.005250864	0.000430615	0.025539375	0.001551099	2.73919E-05	0.008814689	0	0	0	0.000586664	6.96913E-05	0.002318689
48	4.944764269	4.733599084	4.99439284	0.063523749	0.018874546	0.248558286	0.000818058	0	0.003655725	0.005519028	0.000440924	0.027224697	0.001613117	2.81689E-05	0.009142462	0	0	0	0.00061178	7.17701E-05	0.00242024
49	4.942005051	4.716774796	4.994266087	0.065913001	0.018984571	0.26427205	0.000819005	0	0.003655725	0.005798015	0.000451275	0.028931364	0.001677085	2.89526E-05	0.0094713	0	0	0	0.000637844	7.40041E-05	0.002559337
50	4.939130677	4.698987454	4.99412861	0.06840309	0.019051441	0.280960424	0.000819956	0	0.003657673	0.00608805	0.000461699	0.030628072	0.001743332	2.97457E-05	0.009851016	0	0	0	0.000664896	7.60177E-05	0.002672804
51	4.93613862	4.680180135	4.993992774	0.070996109	0.019151345	0.298667684	0.000820912	0	0.003657673	0.006389396	0.000472649	0.032472739	0.00181199	3.07172E-05	0.010323172	0	0	0	0.000692974	7.79976E-05	0.002816764
52	4.933027939	4.660297928	4.993860324	0.073693546	0.019251389	0.317456182	0.000821871	0	0.003658247	0.006702196	0.000483686	0.034421967	0.001882332	3.1726E-05	0.010660825	0	0	0	0.000722116	8.0186E-05	0.002962007
53	4.929797277	4.638875329	4.993723314	0.076495772	0.019329927	0.337370465	0.000822838	0	0.003658247	0.007026682	0.000494784	0.036474593	0.001955069	3.25765E-05	0.011141894	0	0	0	0.000752361	8.24055E-05	0.003090057
54	4.9264438	4.616195485	4.993595923	0.079404852	0.019434157	0.357275996	0.000823877	0	0.003658247	0.007363305	0.000505936	0.038642659	0.002030419	3.35614E-05	0.011666181	0	0	0	0.000783747	8.46755E-05	0.003274617
55	4.922965505	4.592531135	4.993458243	0.082423965	0.019540134	0.378312718	0.000824998	0	0.003658247	0.007712419	0.000516844	0.040856686	0.002106802	3.43926E-05	0.012224727	0	0	0	0.000816311	8.68344E-05	0.003442784
56	4.91936244	4.567669962	4.993320873	0.085551305	0.019620201	0.400571962	0.000826254	0	0.003658906	0.008074058	0.000528486	0.043202004	0.002185849	3.52272E-05	0.012673772	0	0	0	0.000850094	8.89119E-05	0.003597907
57	4.915634629	4.541973869	4.993182383	0.088787079	0.019673461	0.424123822	0.000827711	0	0.00365989	0.008448037	0.00053988	0.045887309	0.00226741	3.6004E-05	0.013086249	0	0	0	0.000885133	9.12226E-05	0.003774613
58	4.911780124	4.513790832	4.993043078	0.092133133	0.019778129	0.449041099	0.000829277	0	0.00365989	0.008834082	0.000551438	0.048551041	0.002351916	3.69865E-05	0.013557889	0	0	0	0.000921468	9.3577E-05	0.003968111
59	4.907796045	4.48382272	4.992911509	0.095592677	0.019865835	0.47540038	0.000830896	0	0.003660388	0.009231893	0.000562883	0.051407672	0.002439354	3.78729E-05	0.014067375	0	0	0	0.000959135	9.59926E-05	0.004160034
60	4.903677729	4.452323348	4.992786196	0.099169939	0.019960167	0.503279909	0.000832542	0	0.003660388	0.009641656	0.000574609	0.05439059	0.002529959	3.88377E-05	0.014542018	0	0	0	0.000998175	9.84154E-05	0.004352665
61	4.899417001	4.418507529	4.992651959	0.102872808	0.020070889	0.532962662	0.000834203	0	0.003661283	0.010064474	0.000587064	0.057658834	0.00262288	3.98325E-05	0.015096818	0	0	0	0.001038634	0.000100854	0.004572428
62	4.895006341	4.382942825	4.992517851	0.106707773	0.020146757	0.565366355	0.000835873	0	0.003661283	0.010501456	0.000597792	0.060955931	0.00271799	4.08699E-05	0.015685028	0	0	0	0.001080566	0.000103303	0.00479051
63	4.890441946	4.345312511	4.992377498	0.110676785	0.020231919	0.599626378	0.000837549	0	0.003661283	0.010953078	0.000609632	0.064391564	0.002816614	4.18158E-05	0.016317345	0	0	0	0.001124029	0.000105741	0.005026366
64	4.885722966	4.305533975	4.992244926	0.114780357	0.020312944	0.634969445	0.000839243	0	0.003661283	0.011419385	0.000621897	0.068001032	0.00291897	4.27702E-05	0.016782797	0	0	0	0.001169079	0.000108106	0.005309939
65	4.880850451	4.263459044	4.992098451	0.119017308	0.020416242	0.671694875	0.000840997	0	0.003661283	0.01190024	0.000634607	0.07191176	0.003025231	4.37468E-05	0.017468968	0	0	0	0.001215772	0.000110751	0.005609176
66	4.875826779	4.218962967	4.991951159	0.123385515	0.020489592	0.710393805	0.000842832	0	0.003661283	0.012395463	0.000646051	0.076000185	0.00313525	4.48576E-05	0.018211445	0	0	0	0.001264162	0.000112904	0.005901704
67	4.870655071	4.171917922	4.991805466	0.127881583	0.020578143	0.751216201	0.000844791	0	0.003661283	0.012904883	0.000657592	0.080309187	0.00324937	4.59634E-05	0.019081552	0	0	0	0.001314302	0.000115273	0.006217548
68	4.865337789	4.123259858	4.99166556	0.132503528	0.020648699	0.79426413	0.000846872	0	0.003661828	0.013428425	0.000670018	0.085119972	0.003367144	4.71333E-05	0.019708613	0	0	0	0.001366243	0.000117639	0.006520598
69	4.859876314	4.072258211	4.9915185	0.137249886	0.020721837	0.838829564	0.000849056	0	0.003662342	0.013966069	0.000682004	0.090108118	0.003488638	4.83033E-05	0.020527403	0	0	0	0.001420036	0.000120081	0.006819204
70	4.854273056	4.018529781	4.991370489	0.142118466	0.020811034	0.886355167	0.000851421	0	0.003666196	0.014517598	0.00069438	0.095141406	0.003613729	4.96708E-05	0.021352995	0	0	0	0.001475731	0.000122577	0.00719576
71	4.848532762	3.961953099	4.991223058	0.147103858	0.020887482	0.937495914	0.00085419	0	0.003667457	0.015082472	0.000706737	0.10061882	0.003743347	5.10528E-05	0.022189916	0	0	0	0.001533371	0.000125268	0.007535382
72	4.842660881	3.90240501	4.991075683	0.152201337	0.020970641	0.990994884	0.000857393	0	0.003676285	0.015660078	0.000718192	0.106332762	0.003877312	5.20239E-05	0.022951927	0	0	0	0.001593	0.00012816	0.007927674
73	4.83665925	3.839488802	4.990928332	0.157410136	0.021053395	1.04686895	0.00086026	0	0.003678417	0.016250257	0.000728858	0.111534537	0.004015439	5.31706E-05	0.024008182	0	0	0	0.001654658	0.000130902	0.008329994
74	4.83052469	3.770441656	4.99078902	0.162731945	0.021138889	1.10564069	0.000863389	0	0.003684951	0.016853468	0.000741257	0.117875302	0.004158121	5.45847E-05	0.024689174	0	0	0	0.001718387	0.000133323	0.008725341
75	4.824253858	3.700846542	4.990643477	0.168168416	0.021244123	1.167424112	0.000868048	0	0.003684951	0.017470182	0.000753285	0.124560111	0.004305264	5.60667E-05	0.025753501	0	0	0	0.001784232	0.000135931	0.009163155
76	4.817846982	3.627963864	4.990491941	0.173720264	0.021344493	1.232331845	0.000874162	0	0.003685853	0.018100449	0.000764573	0.131576421	0.004455905	5.74013E-05	0.026628286	0	0	0	0.001852238	0.00013886	0.009644306
77	4.811308116	3.551662985	4.990336837	0.179384016	0.021426309	1.30047388	0.000881665	0	0.003686093	0.018743867	0.000776141	0.139036987	0.004609884	5.90544E-05	0.027440209	0	0	0	0.001922452	0.000142092	0.010150857
78	4.804643466	3.471832531	4.990176995	0.185153281	0.021500184	1.371956063	0.000890338	0	0.003691502	0.019399736	0.000787342	0.146972797	0.004768263	6.06529E-05	0.028576253	0	0	0	0.001994916	0.000145314	0.010657092
79	4.797857682	3.388403278	4.9900245	0.191023758	0.021598466	1.446878283	0.000900037	0	0.003691502	0.020067448	0.000799456	0.154752532	0.004931405	6.17852E-05	0.029432388	0	0	0	0.00206967	0.000148661	0.011153794
80	4.790949489	3.301320262	4.989871495	0.196996808	0.021675429	1.526138383	0.00091067	0	0.003695369	0.020746996	0.000814086	0.163186992	0.005099282	6.28317E-05	0.030469755	0	0	0	0.002146755	0.000151493	0.01166415
81	4.783912204	3.210545835	4.989722283	0.203078783	0.021793665	1.614290949	0.000922196	0	0.003695865	0.021439008	0.000827376	0.17208939	0.005271596	6.40837E-05	0.031914356	0	0	0	0.002226212	0.0001548	0.012302213
82	4.776739964	3.116063115	4.989566208	0.209274546	0.021905611	1.707089954	0.000934534	0	0.003698497	0.022144185	0.000837972	0.181152818	0.005448683	6.56749E-05	0.033277613	0	0	0	0.002308088	0.000158155	0.01297145
83	4.76943162	3.017029311	4.989409245	0.21558677	0.022022557	1.804701322	0.000947451	0	0.00370137	0.022862914	0.00085199	0.189998458	0.005628821	6.70726E-05	0.034555178	0	0	0	0.002392426	0.000161209	0.013525175
84	4.761990943	2.913082916	4.989252318	0.222012382	0.022106284	1.907179817	0.000960189	0	0.003711674	0.023595095	0.000866388	0.198490923	0.005812123	6.85231E-05	0.035871841	0	0	0	0.002479268	0.0001642	0.014188284
85	4.75442501	2.80501107	4.989092808	0.228546935	0.022178574	2.005505799	0.000969704	0	0.003711674	0.024340201	0.000879253	0.208319954	0.005999495	7.00281E-05	0.037472516	0	0	0	0.002568655	0.000166961	0.014945277
86	4.746741903	2.69049231	4.988933503	0.235179783	0.022289356	2.104258102	0.000978004	0	0.003717452	0.025097518	0.000892399	0.218789452	0.006192172	7.13808E-05	0.038647357	0	0	0	0.002660619	0.000169769	0.015742343
87	4.738948748	2.576391037	4.988784616	0.24190268	0.022362667	2.205699932	0.00098642	0	0.003718474	0.025866349	0.000906312	0.229278275	0.006390613	7.29464E-05	0.039969711	0	0	0	0.002755189	0.000172869	0.016517551
88	4.731050032	2.455679877	4.988625566	0.248711466	0.022439283	2.309673383	0.000995279	0	0.00372575	0.026646166	0.000920321	0.240017469	0.006594665	7.47673E-05	0.041612494	0	0	0	0.002852391	0.000175726	0.017358334
89	4.723047088	2.323371971	4.988485519	0.255605606	0.0225214	2.415917575	0.001004664	0	0.003730937	0.027436668	0.00093377	0.251116056	0.006803721	7.6158E-05	0.043012332	0	0	0	0.002952253	0.00017933	0.018242769
90	4.714939465	2.202378132	4.988355268	0.2625852	0.02259562	2.540309647	0.001014674	0	0.003744228	0.028237715	0.000946615	0.260739612	0.007018145	7.75732E-05	0.044137928	0	0	0	0.0030548	0.000182245	0.019000718
91	4.706726411	2.064737183	4.988193665	0.269652458	0.022674543	2.656069386	0.001025223	0	0.003748312	0.02904925	0.000959756	0.270313458	0.007236593	7.90589E-05	0.046108934	0	0	0	0.003160065	0.000185201	0.019831359
92	4.698407541	1.914209757	4.988031131	0.276808153	0.02279859	2.770555238	0.001036243	0	0.003750294	0.029871253	0.000973926	0.281995517	0.007458728	8.05635E-05	0.047468039	0	0	0	0.003268083	0.000188143	0.02071151
93	4.689983241	1.759716927	4.987867804	0.284052704	0.022896436	2.885533188	0.001047692	0	0.003760832	0.030703678	0.000987693	0.289672807	0.007683796	8.21197E-05	0.049297433	0	0	0	0.003378888	0.000191577	0.021766979
94	4.681454609	1.634864471	4.98770368	0.291382793	0.022981514	3.001677784	0.001059597	0	0.003769922	0.03154644	0.001001565	0.297261734	0.007914044	8.39952E-05	0.050646596	0	0	0	0.003492517	0.000195333	0.022903957
95	4.672823037	1.504774913	4.987556133	0.298796025	0.023087537	3.112582182	0.001072015	0	0.003770067	0.032399445	0.001015518	0.306542422	0.008150474	8.56216E-05	0.052393372	0	0	0	0.003609004	0.000199239	0.024060977
96	4.664089956	1.378919582	4.98739182	0.306291566	0.02317239	3.233316937	0.001085381	0	0.003774821	0.033262616	0.00102918	0.313856694	0.0083921	8.7267E-05	0.053753539	0	0	0	0.003728381	0.000201986	0.025126514
97	4.655256797	1.254994807	4.987226373	0.313868449	0.023250181	3.347844489	0.001099568	0	0.003788301	0.034135882	0.001043095	0.324096677	0.008638624	8.88578E-05	0.055156122	0	0	0	0.00385068	0.00020591	0.026334043
98	4.646324703	1.124973984	4.987060129	0.321526243	0.023328233	3.464891679	0.001114244	0	0.003801459	0.03501918	0.001057191	0.333331446	0.008889697	9.07953E-05	0.056883103	0	0	0	0.003975933	0.000209465	0.027034583
99	4.637293586	0.973586022	4.986914658	0.329264738	0.023406798	3.569460752	0.001128621	0	0.003802987	0.035912492	0.00106998	0.338411988	0.009146391	9.24194E-05	0.059262604	0	0	0	0.004104172	0.00021294	0.028041537
100	4.628161053	0.840481338	4.986788751	0.337086636	0.02349421	3.671730179	0.001143465	0	0.003807333	0.036815905	0.001083918	0.342558034	0.009407513	9.48114E-05	0.060325102	0	0	0	0.004235427	0.000216113	0.029278616
101	4.618922538	0.738718698	4.986624969	0.344995529	0.023595742	3.724638795	0.001159262	0	0.003815268	0.037729651	0.001098907	0.349781657	0.009673287	9.70981E-05	0.062560867	0	0	0	0.004369733	0.000219335	0.030653311
102	4.609573341	0.64181332	4.986460023	0.352998318	0.023688503	3.769532816	0.001176164	0	0.003818399	0.038653991	0.001112285	0.359157335	0.009941062	9.89012E-05	0.064674103	0	0	0	0.004507124	0.000223114	0.032047198
103	4.600111241	0.540481753	4.986299211	0.361093848	0.023780509	3.833570547	0.001194201	0	0.003824426	0.039588978	0.001128149	0.367426329	0.010214095	0.000100727	0.066459911	0	0	0	0.004647637	0.000226481	0.033215012
104	4.590536891	0.449055072	4.986126807	0.369280852	0.023861301	3.886685596	0.001213114	0	0.003829881	0.040534459	0.001142466	0.378180841	0.010493378	0.00010257	0.068031589	0	0	0	0.004791306	0.000230687	0.034204785
105	4.580852501	0.368790286	4.985973345	0.377558575	0.023963495	3.941100427	0.001232699	0	0.003844375	0.041490296	0.001155533	0.388213894	0.010777764	0.000104445	0.070046756	0	0	0	0.004938165	0.000233285	0.035259102
106	4.571061735	0.288183702	4.985805661	0.385924463	0.024079792	3.965349081	0.001253139	0	0.003848064	0.04245634	0.001168698	0.394171974	0.011066079	0.000106796	0.072435464	0	0	0	0.005088244	0.000236848	0.036469809
107	4.561170419	0.22564439	4.985672221	0.394370346	0.024201531	3.994762071	0.00127451	0	0.003856659	0.043432211	0.001181826	0.400833775	0.011360943	0.000108275	0.074880714	0	0	0	0.005241571	0.000241038	0.037610974
108	4.551185636	0.175757718	4.985508795	0.402889292	0.024306083	4.009180739	0.001296936	0	0.003860918	0.044417313	0.0011951	0.403650868	0.011662655	0.000110218	0.076976864	0	0	0	0.005398168	0.000246028	0.038953907
109	4.54111378	0.128467138	4.985344025	0.411474835	0.024398037	4.043238924	0.001320415	0	0.003872526	0.04541102	0.00121038	0.411840521	0.011971896	0.000112316	0.079639314	0	0	0	0.005558053	0.000251104	0.040518772
110	4.530959632	0.092597179	4.985170719	0.420124447	0.024491444	4.073475337	0.001344678	0	0.003880809	0.046412794	0.001224512	0.41569252	0.012287208	0.000114399	0.082421169	0	0	0	0.00572124	0.000254835	0.041806914
111	4.520726922	0.065753562	4.984988516	0.428834041	0.024584844	4.12124584	0.001369865	0	0.003884065	0.047422195	0.001240062	0.420899045	0.012609235	0.000116306	0.085012909	0	0	0	0.005887742	0.000258081	0.043163391
112	4.510419082	0.048015757	4.984805155	0.437601581	0.024669639	4.138854318	0.001396177	0	0.003891271	0.048438849	0.001254682	0.424424857	0.012936741	0.000118043	0.087654053	0	0	0	0.00605757	0.000261396	0.044483452
113	4.500039251	0.033945451	4.984620765	0.446424326	0.024765249	4.174704309	0.001423129	0	0.003912041	0.049462445	0.001269433	0.431862958	0.013270114	0.000120155	0.090335063	0	0	0	0.006230735	0.000265847	0.046069098
114	4.489589642	0.026096831	4.98443534	0.455301323	0.02485325	4.189579755	0.001451043	0	0.003938271	0.050492792	0.001285242	0.434858357	0.013607951	0.000122205	0.093078521	0	0	0	0.006407249	0.000269192	0.04732894
115	4.479070867	0.018741422	4.984248875	0.464232073	0.024952231	4.204046836	0.001480056	0	0.00395282	0.051529862	0.001300616	0.436846169	0.013950018	0.000124575	0.095572185	0	0	0	0.006587124	0.000274457	0.049085351
116	4.468481547	0.014403301	4.984061363	0.473215365	0.025045405	4.224155684	0.001511481	0	0.003984047	0.052573799	0.001315795	0.442860361	0.014297435	0.000126834	0.098891898	0	0	0	0.006770373	0.000278626	0.050476747
117	4.457818166	0.010571196	4.983930445	0.48225381	0.025132443	4.237863736	0.001545552	0	0.004004696	0.053624941	0.001332329	0.4472749	0.014650519	0.000128658	0.102305158	0	0	0	0.006957013	0.000282813	0.052358457
118	4.447075579	0.007917429	4.983794498	0.491351756	0.025242081	4.252409176	0.00158194	0	0.004021715	0.054683794	0.00134689	0.451988511	0.015009868	0.000131275	0.104181398	0	0	0	0.007147063	0.000286383	0.053808534
119	4.436247997	0.006124657	4.983618071	0.500516977	0.025341431	4.265982243	0.001620771	0	0.004045018	0.055750945	0.00136146	0.456271179	0.015372761	0.000133231	0.107938896	0	0	0	0.007340549	0.000290108	0.056027558
120	4.425329812	0.004062535	4.98344078	0.509752763	0.025439649	4.285154352	0.001661977	0	0.004084228	0.056826989	0.001375685	0.461128448	0.01574096	0.000135499	0.110694662	0	0	0	0.0075375	0.000292877	0.057438465
121	4.414316207	0.003010134	4.983261719	0.519062919	0.025527617	4.290039482	0.001704625	0	0.004119911	0.057912465	0.001390784	0.462781647	0.016115839	0.000137636	0.113390346	0	0	0	0.007737946	0.000296257	0.059277896
122	4.403203617	0.002153135	4.983097963	0.528452247	0.025615887	4.299825238	0.001749232	0	0.004151706	0.059007806	0.001405549	0.465410086	0.016495179	0.000139908	0.116672052	0	0	0	0.007941919	0.000300444	0.060732087
123	4.391989903	0.001578476	4.982916674	0.537921639	0.025704678	4.306960787	0.001795689	0	0.004260129	0.060113299	0.001420455	0.468246439	0.016880016	0.000141979	0.118091393	0	0	0	0.008149454	0.000304791	0.062198894
124	4.380674242	0.00123937	4.982733393	0.547473608	0.025802803	4.305392837	0.001842279	0	0.004344795	0.061229099	0.00143595	0.473256325	0.017270186	0.000144301	0.121269159	0	0	0	0.008360586	0.000309356	0.063862354
125	4.369256928	0.00095304	4.982549268	0.557108913	0.025903306	4.309108412	0.001888214	0	0.00552083	0.062355238	0.001451521	0.477534191	0.017665357	0.000146934	0.124926791	0	0	0	0.008575349	0.000313485	0.065466344
126	4.357739162	0.000688057	4.982364294	0.566824	0.025997742	4.314451335	0.001935663	0	0.006726567	0.063491648	0.001465128	0.47919361	0.018065751	0.000149187	0.126608441	0	0	0	0.008793776	0.000318176	0.067283452
127	4.346122849	0.000505346	4.982200099	0.576619381	0.026091699	4.317499824	0.00198361	0	0.008051422	0.064638189	0.001480198	0.483150635	0.018470071	0.000151905	0.129884209	0	0	0	0.009015899	0.000321398	0.068975606
128	4.334410422	0.000359065	4.982015295	0.586493417	0.026213906	4.322345511	0.002030839	0	0.008895687	0.065794662	0.001495408	0.488161866	0.018878908	0.000154862	0.133958616	0	0	0	0.009241752	0.000326279	0.070965751
129	4.322604654	0.000260432	4.9818229	0.596440263	0.026318218	4.324064421	0.002078804	0	0.009764409	0.066960833	0.001510598	0.494018871	0.019294083	0.000157857	0.137555529	0	0	0	0.009471363	0.00033044	0.072150989
130	4.310708505	0.000187742	4.981664426	0.606458169	0.026416268	4.326143162	0.002127858	0	0.010792646	0.068136445	0.001528925	0.496690685	0.019714261	0.000159901	0.141275829	0	0	0	0.009704762	0.000335322	0.07419871
131	4.298725004	0.000135117	4.981527914	0.616549674	0.026529509	4.33331198	0.002176848	0	0.012098807	0.069321229	0.001546609	0.500281203	0.020135267	0.000162731	0.143097238	0	0	0	0.009941978	0.000338795	0.075868407
132	4.286657247	9.24196E-05	4.981350758	0.626711254	0.026631516	4.344667709	0.002226784	0	0.012907357	0.0705149	0.001562824	0.50616008	0.020556776	0.000165223	0.147303337	0	0	0	0.01018304	0.000343987	0.077772555
133	4.274508464	7.00608E-05	4.981151348	0.636936713	0.026724895	4.348987162	0.002278411	0	0.014249165	0.071717148	0.001580838	0.509571963	0.020981288	0.000167362	0.150794549	0	0	0	0.010427976	0.0003483	0.079412932
134	4.262282128	4.93408E-05	4.9809506	0.647220057	0.026835625	4.353687047	0.00233185	0	0.015811902	0.072927617	0.001600198	0.513419964	0.021411537	0.000170196	0.152636776	0	0	0	0.010676811	0.00035336	0.081691892
135	4.249982042	3.53588E-05	4.980745843	0.657557242	0.026944761	4.360619757	0.002387098	0	0.016763038	0.074145888	0.001619314	0.519906512	0.021848159	0.000172348	0.155102746	0	0	0	0.010929571	0.000358484	0.083678049
136	4.23761237	2.44035E-05	4.980539921	0.667944372	0.027052776	4.361876277	0.002444791	0	0.01747695	0.075371467	0.001635745	0.523281329	0.022290719	0.000174964	0.158883044	0	0	0	0.01118628	0.000362781	0.08561644
137	4.225177561	1.80139E-05	4.980332826	0.678379584	0.02717094	4.366626235	0.002505111	0	0.018498255	0.076603787	0.001650188	0.52824759	0.022736999	0.000177612	0.163550989	0	0	0	0.011446958	0.000368614	0.088036123
138	4.212682116	1.40431E-05	4.980124552	0.688857204	0.027279405	4.372928374	0.002568626	0	0.019041266	0.07784224	0.001667622	0.532012675	0.02318819	0.000180273	0.166281126	0	0	0	0.011711624	0.000373041	0.089859728
139	4.200130183	1.08515E-05	4.979950637	0.699373192	0.027388591	4.379283561	0.00263587	0	0.020443057	0.079086263	0.001686248	0.539300768	0.023644197	0.000182549	0.1702412	0	0	0	0.011980296	0.000376929	0.092146874
140	4.187525174	7.97418E-06	4.979791281	0.709923345	0.027498214	4.379098759	0.002706742	0	0.021982282	0.080335434	0.001702404	0.540993508	0.024106315	0.000184487	0.174712371	0	0	0	0.012252989	0.00038216	0.09355789
141	4.17486992	5.79938E-06	4.979596905	0.720507696	0.027608275	4.380986353	0.002780006	0	0.023038487	0.081589447	0.001716426	0.543915511	0.024573212	0.000186745	0.176176412	0	0	0	0.012529719	0.000385725	0.095730762
142	4.162167137	4.21881E-06	4.979395928	0.731123334	0.02772664	4.385025944	0.002854736	0	0.024542524	0.082847996	0.001732692	0.548691259	0.025046298	0.000189143	0.180372965	0	0	0	0.012810499	0.000391154	0.098181263
143	4.14941953	2.95208E-06	4.979192663	0.741770694	0.027848751	4.392972964	0.002930952	0	0.025593123	0.084110742	0.001748498	0.550572676	0.025522743	0.000192363	0.183775864	0	0	0	0.013095338	0.000395935	0.10059837
144	4.13662963	2.06399E-06	4.978988364	0.752445663	0.027971398	4.394369272	0.003009475	0	0.026378561	0.085377349	0.001766904	0.555877981	0.026003637	0.000195951	0.186448254	0	0	0	0.013384247	0.000401175	0.103084636
145	4.123799709	1.44102E-06	4.978787788	0.763145331	0.028085509	4.393083955	0.003091029	0	0.027973157	0.086647521	0.001785531	0.556287246	0.026489179	0.000198997	0.190625496	0	0	0	0.013677231	0.000405485	0.105152091
146	4.110931836	1.00615E-06	4.978612122	0.7738688	0.028218838	4.390660215	0.003175955	0	0.029192103	0.087921033	0.001803256	0.558931678	0.026978078	0.000201375	0.194537383	0	0	0	0.013974297	0.000410364	0.107904668
147	4.098027997	7.16208E-07	4.978436015	0.784615572	0.02834279	4.39321507	0.003264405	0	0.030712435	0.089197722	0.001818781	0.562892689	0.027468855	0.000203651	0.196860717	0	0	0	0.01427545	0.000416004	0.110350643
148	4.085090285	5.58778E-07	4.978239088	0.795383959	0.028456859	4.400679406	0.003354155	0	0.031780957	0.090477456	0.001834372	0.567116125	0.027963453	0.000205955	0.201868857	0	0	0	0.014580692	0.000420486	0.112739054
149	4.07212109	3.97472E-07	4.97805201	0.806169931	0.028558486	4.401893487	0.003445139	0	0.032679932	0.091760086	0.001850012	0.570046543	0.028463728	0.000208815	0.206484919	0	0	0	0.014890026	0.000425209	0.115496728
150	4.059123176	2.47047E-07	4.977883814	0.816974326	0.028661472	4.403565383	0.003534839	0	0.033660202	0.093045428	0.001868975	0.576350852	0.028968781	0.000211808	0.209176437	0	0	0	0.01520345	0.000430341	0.117848043
151	4.04609972	1.83618E-07	4.97773097	0.827792447	0.028810616	4.404956927	0.003625191	0	0.034810427	0.094333258	0.001884849	0.57866295	0.029478421	0.000214868	0.213869081	0	0	0	0.015520964	0.000437386	0.12009277
152	4.033054253	1.38387E-07	4.977546555	0.838617572	0.028934722	4.405762738	0.003716718	0	0.036108361	0.095623312	0.001902555	0.580877178	0.029995581	0.000218854	0.219285175	0	0	0	0.015842564	0.000442973	0.122522936
153	4.019990416	9.18464E-08	4.977375332	0.849447876	0.029054355	4.406104313	0.003808792	0	0.037522966	0.096915315	0.001920416	0.583949392	0.030519355	0.000221074	0.224927418	0	0	0	0.016168246	0.000447504	0.124636783
154	4.006911488	6.3594E-08	4.977190304	0.860281622	0.029161977	4.409915727	0.003900561	0	0.038954801	0.098209017	0.001938363	0.585876156	0.031049309	0.000226577	0.230063258	0	0	0	0.016498004	0.000451183	0.12681363
155	3.993820038	4.0868E-08	4.977000195	0.871119792	0.029266493	4.410916484	0.003990169	0	0.040579301	0.099504216	0.001956398	0.592185023	0.031583956	0.000229307	0.231947198	0	0	0	0.016831828	0.000454024	0.129338026
156	3.980718102	2.87349E-08	4.976785234	0.88195739	0.029371382	4.413184405	0.00408059	0	0.041760228	0.100800755	0.001974522	0.596465769	0.032123451	0.000232833	0.236199611	0	0	0	0.017169712	0.000459294	0.132248174
157	3.967607435	2.02078E-08	4.976569712	0.892792162	0.029476645	4.413772024	0.00417329	0	0.042903305	0.102098489	0.001992735	0.598146859	0.032666977	0.000235557	0.241410787	0	0	0	0.017511646	0.000462711	0.133819354
158	3.954489547	1.54229E-08	4.976361338	0.90362238	0.029582284	4.41584627	0.004268213	0	0.043929256	0.103397301	0.002004239	0.600020709	0.033214935	0.000238275	0.24608993	0	0	0	0.017857625	0.000466464	0.136853142
159	3.941365624	1.17687E-08	4.976190843	0.914445149	0.0296883	4.420221126	0.004365101	0	0.045348405	0.104697102	0.002023034	0.601335747	0.03376938	0.000241283	0.252593277	0	0	0	0.018207643	0.00047143	0.139418556
160	3.928236449	8.29048E-09	4.975984446	0.925259505	0.029794818	4.423646106	0.004464927	0	0.046487285	0.105997854	0.002042979	0.604063308	0.034329572	0.000243833	0.258386066	0	0	0	0.018561694	0.000478744	0.1429514
161	3.915102407	6.26155E-09	4.975776898	0.936066624	0.029901897	4.425363287	0.004568205	0	0.047934498	0.107299564	0.002062219	0.605884544	0.034893428	0.000246582	0.262104373	0	0	0	0.018919772	0.000485504	0.145869379
162	3.901963604	4.72908E-09	4.975560596	0.946867232	0.030017079	4.42817053	0.004673377	0	0.049188182	0.108602276	0.00208305	0.609958883	0.035461637	0.000250068	0.26793672	0	0	0	0.019281874	0.000491336	0.147666027
163	3.888820074	3.62219E-09	4.975342588	0.95766104	0.030136671	4.429307491	0.004781247	0	0.051179266	0.109906046	0.002101008	0.614417041	0.036033598	0.000253571	0.271428362	0	0	0	0.019647995	0.000496284	0.149134768
164	3.875671976	2.7365E-09	4.975123174	0.968448722	0.030257327	4.432046319	0.004891904	0	0.05294652	0.111210923	0.002117423	0.617086521	0.03660834	0.000256192	0.277129759	0	0	0	0.020018135	0.00050172	0.1513506
165	3.862519768	2.06855E-09	4.974902705	0.979227436	0.030391537	4.433390806	0.005005052	0	0.054173821	0.112516916	0.002133949	0.619253494	0.037188536	0.000258829	0.281601913	0	0	0	0.020392292	0.000507919	0.153638606
166	3.84936433	1.4355E-09	4.974677707	0.989995774	0.030527705	4.432926451	0.005120524	0	0.055191932	0.113823973	0.002151302	0.620976872	0.037774937	0.000263475	0.286119297	0	0	0	0.020770461	0.000513607	0.156446571
167	3.836207036	1.05731E-09	4.974459445	1.000753735	0.030657067	4.432137914	0.005238308	0	0.056751627	0.115131971	0.002170757	0.623438249	0.038366312	0.000265837	0.292470977	0	0	0	0.021152639	0.000520592	0.159772575
168	3.82304965	7.94636E-10	4.974235896	1.011503282	0.030767967	4.433668654	0.005358461	0	0.059030339	0.116440714	0.00218358	0.626147313	0.038959074	0.000269941	0.299358456	0	0	0	0.021538819	0.000526673	0.162836334
169	3.809893884	6.04574E-10	4.974011274	1.022246034	0.030879268	4.436021523	0.005480427	0	0.061369526	0.117749984	0.002204364	0.627989766	0.039550675	0.000275574	0.300948982	0	0	0	0.021928997	0.000531913	0.164742943
170	3.796740862	4.44226E-10	4.973802331	1.032978442	0.030990971	4.435093352	0.005604926	0	0.062617556	0.119059588	0.002227059	0.62873277	0.040143016	0.000278657	0.302749114	0	0	0	0.022323167	0.000537724	0.167820486
171	3.783591222	3.59592E-10	4.973574157	1.043697743	0.03111258	4.438699	0.005732079	0	0.064391892	0.120369364	0.002249918	0.630974249	0.040738268	0.000282106	0.306858175	0	0	0	0.022721324	0.000543918	0.17035147
172	3.770445543	2.70462E-10	4.973363916	1.054405106	0.031236445	4.43817037	0.005861995	0	0.066480054	0.121679153	0.002273016	0.631983696	0.041334746	0.000286746	0.312397332	0	0	0	0.023123457	0.000549127	0.172655148
173	3.757304364	2.05309E-10	4.973165516	1.065097945	0.031360802	4.444492843	0.005994958	0	0.068124113	0.122988801	0.002287938	0.637730175	0.041934375	0.00028968	0.3183519	0	0	0	0.023529557	0.000554774	0.174824623
174	3.744168034	1.52032E-10	4.972951037	1.075773175	0.031478658	4.447769415	0.006131663	0	0.070049942	0.124298184	0.002311835	0.639361555	0.04253933	0.000293832	0.322129719	0	0	0	0.023939615	0.000559749	0.177457966
175	3.731036637	1.12855E-10	4.972738308	1.086431534	0.031592335	4.446556846	0.006272512	0	0.072264188	0.125607212	0.002335937	0.642229102	0.043148485	0.000297125	0.326856773	0	0	0	0.02435362	0.000568467	0.17969209
176	3.717910012	7.65739E-11	4.972507265	1.097073448	0.031706422	4.445264219	0.006416489	0	0.07403404	0.126915836	0.002355233	0.64684218	0.043762653	0.000299819	0.330989583	0	0	0	0.024771562	0.000573666	0.182133512
177	3.70478782	5.92696E-11	4.972274924	1.107698778	0.03182092	4.447435103	0.006562808	0	0.076275233	0.128224035	0.002372935	0.648276674	0.044383126	0.000304734	0.338206216	0	0	0	0.025193433	0.000579279	0.184028722
178	3.691669621	4.45135E-11	4.97204147	1.118311227	0.03193583	4.447136173	0.006711456	0	0.077735872	0.129531814	0.002395236	0.651436262	0.045006659	0.000310285	0.342012576	0	0	0	0.025619224	0.000584182	0.187189822
179	3.678554957	3.34977E-11	4.971806897	1.128910223	0.032051154	4.450773633	0.006863199	0	0.079381053	0.13083919	0.002413607	0.658996668	0.045633505	0.000313579	0.346851994	0	0	0	0.026048926	0.00058911	0.188876494
180	3.66544343	1.90338E-11	4.9715712	1.139496395	0.032166893	4.450431984	0.007018669	0	0.081551873	0.132146186	0.002427167	0.661260898	0.046262789	0.000316911	0.350805556	0	0	0	0.026482531	0.000594208	0.191725363
181	3.652334742	1.11291E-11	4.971334374	1.150070063	0.032283049	4.448715758	0.007178154	0	0.08289639	0.133452827	0.002444678	0.664897454	0.046894183	0.00032107	0.356299015	0	0	0	0.026920032	0.000600721	0.194518752
182	3.639228705	7.52484E-12	4.971096414	1.16063082	0.032399623	4.447467112	0.00734167	0	0.084327426	0.134759132	0.002459801	0.665955138	0.047528252	0.000326438	0.360522512	0	0	0	0.027361421	0.000607262	0.196775933
183	3.626125213	5.28453E-12	4.970864733	1.171178527	0.032516617	4.447277483	0.007509072	0	0.086052262	0.136065123	0.00247893	0.668314684	0.048165376	0.00033189	0.362316407	0	0	0	0.027806689	0.000613975	0.198910941
184	3.613024189	4.131E-12	4.970662162	1.181710425	0.032634151	4.445397753	0.0076806	0	0.088236748	0.137370819	0.002502563	0.670433058	0.048808137	0.000335966	0.367995271	0	0	0	0.028255829	0.000618278	0.201302729
185	3.599925535	3.21115E-12	4.970424422	1.192232616	0.032752459	4.447146999	0.0078543	0	0.089502357	0.138676247	0.002526102	0.672529491	0.049452467	0.0003419	0.373043387	0	0	0	0.028708835	0.00062291	0.203420989
186	3.586829087	2.10205E-12	4.970212689	1.202744038	0.032871634	4.446843252	0.00802856	0	0.091517098	0.139981438	0.002549776	0.674808724	0.050101172	0.000347257	0.37918404	0	0	0	0.029165704	0.000629271	0.205872204
187	3.573734615	1.59146E-12	4.969974568	1.213246567	0.033008679	4.444861095	0.008203485	0	0.094235441	0.141286436	0.00257166	0.677063385	0.050752468	0.000351632	0.380786285	0	0	0	0.029626429	0.0006349	0.207483136
188	3.560641863	1.21617E-12	4.969769835	1.22373836	0.03314695	4.445953017	0.00838106	0	0.09604097	0.142591287	0.002593326	0.680061836	0.051406421	0.000356419	0.385337302	0	0	0	0.030091009	0.000641745	0.210068975
189	3.547550628	7.45996E-13	4.969526971	1.234219456	0.033286261	4.447930068	0.008558541	0	0.097684469	0.143896032	0.002615105	0.682892601	0.052065902	0.00036114	0.386415607	0	0	0	0.030559441	0.000648745	0.213908966
190	3.53446087	5.55172E-13	4.969282971	1.244691087	0.033437646	4.449481783	0.008737382	0	0.099974429	0.145200698	0.002633669	0.683337015	0.052728242	0.00036532	0.392125716	0	0	0	0.031031721	0.000653632	0.217541597
191	3.521372753	3.77447E-13	4.969037829	1.255154369	0.033589718	4.45027234	0.008917791	0	0.102108503	0.14650529	0.002656024	0.686530736	0.053391952	0.0003686	0.398565805	0	0	0	0.031507845	0.000661306	0.220593387
192	3.508286632	2.70781E-13	4.96879154	1.265610282	0.033742927	4.452366765	0.009097961	0	0.103288122	0.14780979	0.002680774	0.688422079	0.054057526	0.000372552	0.402665364	0	0	0	0.031987809	0.000669298	0.223518608
193	3.495202995	2.06287E-13	4.968543766	1.276057886	0.033897187	4.453508266	0.009276891	0	0.104356664	0.149114164	0.002702997	0.691870401	0.054726455	0.000376559	0.408349686	0	0	0	0.03247161	0.000674996	0.226220459
194	3.482122423	1.56482E-13	4.968277294	1.286496246	0.034070082	4.453620082	0.009457779	0	0.105779011	0.15041837	0.002725606	0.694907876	0.055395939	0.000380347	0.41400441	0	0	0	0.032959243	0.000677986	0.230245697
195	3.469045584	1.18217E-13	4.968030292	1.296925102	0.034232556	4.452017787	0.009641382	0	0.107399362	0.151722353	0.002751344	0.695970253	0.056064875	0.000385224	0.417823585	0	0	0	0.033450703	0.000683093	0.234349219
196	3.455973265	8.88518E-14	4.967779211	1.30734487	0.034369621	4.453405717	0.009825291	0	0.109327428	0.153026048	0.002770504	0.701171515	0.05673454	0.000389654	0.419877245	0	0	0	0.033945987	0.000689043	0.236178702
197	3.442906397	6.62572E-14	4.967533323	1.31774989	0.034519009	4.453206135	0.010011419	0	0.111017999	0.15432937	0.002792672	0.702148913	0.057407837	0.000392762	0.425182544	0	0	0	0.034445086	0.000692125	0.239214161
198	3.429846032	4.88895E-14	4.967283088	1.328138411	0.034675818	4.453351306	0.010201202	0	0.113181653	0.155632224	0.002814904	0.704581428	0.058084137	0.000397382	0.428694314	0	0	0	0.034947994	0.000701903	0.242973713
199	3.416793306	3.93479E-14	4.967031721	1.338508185	0.03481468	4.455083947	0.010394799	0	0.115302141	0.156934502	0.002835575	0.706459227	0.058764507	0.000401254	0.430199866	0	0	0	0.0354547	0.000708242	0.24618324
200	3.403749429	2.9984E-14	4.966779217	1.348859295	0.034942626	4.454143388	0.010592376	0	0.117101585	0.158236088	0.002851355	0.708482175	0.059447614	0.000406234	0.433325358	0	0	0	0.035965198	0.000713647	0.2496042
201	3.390715687	1.96915E-14	4.966526002	1.359189418	0.035071041	4.453367157	0.010793964	0	0.118290053	0.159536855	0.002867283	0.710346091	0.060134598	0.000412233	0.436344064	0	0	0	0.036479478	0.000721127	0.253045478
202	3.377693442	1.55471E-14	4.966272843	1.36949768	0.035200755	4.45143057	0.010998883	0	0.120283386	0.160836669	0.002884983	0.711873823	0.060825793	0.000418493	0.444455305	0	0	0	0.036997531	0.00073039	0.255903818
203	3.364684113	1.48181E-14	4.966016798	1.379787822	0.035340903	4.450859044	0.011206821	0	0.121622799	0.162135389	0.002902722	0.712743707	0.061516506	0.000423973	0.447463625	0	0	0	0.03751935	0.000737407	0.258142362
204	3.351689163	1.27537E-14	4.965759595	1.390054512	0.035480527	4.450650006	0.011418309	0	0.122871194	0.163432869	0.002921902	0.715132811	0.062210222	0.000428518	0.450845546	0	0	0	0.038044924	0.000742849	0.260374443
205	3.338710088	1.04445E-14	4.965501228	1.400294688	0.035623132	4.449573654	0.011633454	0	0.124353862	0.164728964	0.002948631	0.717434387	0.062908561	0.000433176	0.454288688	0	0	0	0.038574245	0.000749409	0.264290019
206	3.325748396	1.04423E-14	4.965241692	1.410509349	0.035765057	4.451412296	0.011849882	0	0.125844232	0.166023527	0.002973876	0.719571902	0.063611544	0.00043811	0.457301813	0	0	0	0.039107302	0.000755898	0.267448951
207	3.3128056	9.68274E-15	4.964980982	1.42069593	0.035907905	4.450606903	0.012069468	0	0.127368075	0.167316415	0.0029919	0.724895622	0.064318504	0.000444283	0.461804401	0	0	0	0.039644084	0.000763281	0.2703698
208	3.29988315	9.19744E-15	4.964719092	1.430856154	0.036051323	4.452612615	0.012293375	0	0.128892251	0.168607492	0.003019159	0.726888214	0.065025249	0.000451366	0.465590199	0	0	0	0.04018458	0.000770054	0.274489675
209	3.2869823	8.61437E-15	4.964456017	1.440988488	0.036195311	4.452430838	0.012521166	0	0.130757997	0.169896635	0.003046606	0.727733221	0.065732629	0.000457821	0.472178689	0	0	0	0.040728781	0.000774957	0.277955282
210	3.274103981	7.86301E-15	4.964191702	1.451088373	0.036339873	4.454149146	0.012753004	0	0.132592562	0.171183744	0.003074241	0.727990212	0.066444224	0.000464786	0.475706771	0	0	0	0.041276675	0.000778603	0.280556272
211	3.261248809	7.09985E-15	4.963926154	1.461156188	0.03648699	4.455508233	0.012988456	0	0.134458298	0.17246874	0.003088899	0.730202341	0.067159557	0.000470268	0.483500837	0	0	0	0.04182825	0.000784193	0.282642907
212	3.248417258	5.81101E-15	4.963651646	1.471192091	0.036639391	4.455933677	0.013226425	0	0.13664691	0.173751559	0.003102476	0.732489194	0.067879176	0.000475614	0.490780454	0	0	0	0.042383492	0.000789157	0.284718116
213	3.235609799	5.0566E-15	4.963384525	1.481193261	0.036778062	4.455015593	0.013467505	0	0.138163603	0.175032137	0.003116044	0.736483727	0.06860491	0.000481071	0.494370485	0	0	0	0.042942388	0.00079678	0.288516583
214	3.222826951	4.85985E-15	4.963107294	1.49116317	0.036923068	4.455060409	0.013713032	0	0.140058168	0.176310413	0.003134604	0.738008637	0.069331509	0.000487016	0.50020983	0	0	0	0.043504925	0.000804152	0.291597877
215	3.210069254	4.53089E-15	4.962828716	1.501103445	0.037070064	4.455117641	0.013961445	0	0.141966776	0.177586329	0.003158331	0.740094775	0.070058434	0.000492037	0.507101344	0	0	0	0.044071093	0.000807364	0.294693398
216	3.197337257	3.99432E-15	4.962548785	1.511012016	0.037217643	4.45408386	0.014212642	0	0.144958666	0.178859831	0.003182317	0.741446693	0.070787376	0.000497569	0.512573402	0	0	0	0.044640879	0.000814246	0.296968631
217	3.184631454	3.27765E-15	4.962282996	1.520887898	0.037365808	4.455372518	0.014465835	0	0.14677054	0.180130873	0.003206636	0.742365651	0.071519671	0.000503694	0.514287095	0	0	0	0.04521427	0.00082113	0.300226981
218	3.171952246	2.97371E-15	4.962035484	1.530734856	0.037514561	4.459199555	0.014719198	0	0.147843826	0.181399422	0.003231078	0.743174848	0.072253024	0.000509384	0.515901733	0	0	0	0.045791253	0.000828019	0.30298297
219	3.159299935	2.7421E-15	4.9617609	1.540550866	0.037663904	4.457698896	0.014973948	0	0.149812102	0.182665462	0.003255644	0.74396314	0.072987972	0.000517116	0.516918302	0	0	0	0.046371816	0.000833918	0.307450538
220	3.146674736	2.67345E-15	4.961485249	1.550336431	0.037813841	4.45839026	0.015230836	0	0.151320312	0.183928992	0.003280334	0.744447878	0.07372306	0.000522945	0.51808889	0	0	0	0.046955944	0.000842133	0.311074617
221	3.134076805	2.47381E-15	4.96120836	1.560092799	0.037964372	4.459004615	0.015489971	0	0.153465156	0.185190027	0.003305148	0.746136237	0.074456774	0.000528533	0.519809241	0	0	0	0.047543624	0.00085036	0.314153876
222	3.121506244	2.30738E-15	4.960930227	1.569818266	0.038115501	4.460674234	0.015752221	0	0.154849075	0.186448594	0.003330089	0.748016743	0.075189833	0.000535966	0.525884729	0	0	0	0.048134842	0.000858754	0.316380751
223	3.108963099	2.21408E-15	4.960650844	1.57951202	0.03826723	4.46025353	0.016017914	0	0.156628406	0.187704733	0.003358405	0.750409702	0.07592265	0.000543531	0.528791131	0	0	0	0.048729583	0.000866392	0.319506242
224	3.09644738	2.07427E-15	4.960380119	1.589170931	0.038419561	4.460220265	0.016287785	0	0.159864474	0.188958483	0.003387164	0.750452815	0.076657586	0.000550735	0.534779667	0	0	0	0.049327834	0.000874083	0.322108748
225	3.083959072	2.03947E-15	4.960112851	1.598794526	0.038572496	4.459549459	0.016562013	0	0.162205688	0.190209883	0.003416111	0.752155817	0.077394923	0.000558588	0.535766328	0	0	0	0.049929582	0.000881829	0.325307779
226	3.071498161	1.73533E-15	4.95998063	1.608388147	0.038726039	4.459873652	0.01684051	0	0.163773289	0.191458966	0.003445247	0.752827166	0.078129406	0.000565739	0.53958348	0	0	0	0.050534811	0.000888605	0.327471201
227	3.059064655	1.448E-15	4.959684099	1.617946363	0.038880807	4.460125126	0.01712396	0	0.165324721	0.192705754	0.00346181	0.753664174	0.078865761	0.000572232	0.542736801	0	0	0	0.051143507	0.000895595	0.330865723
228	3.04665861	1.43055E-15	4.959382067	1.627466731	0.039036729	4.460068673	0.017412512	0	0.16686644	0.193950262	0.00348174	0.753787328	0.079606228	0.000579016	0.549337497	0	0	0	0.051755657	0.000903591	0.333570956
229	3.034280137	1.02357E-15	4.959078217	1.636949679	0.039193274	4.461680713	0.017706124	0	0.169409457	0.195192493	0.003507238	0.755965154	0.080350323	0.000583274	0.551875944	0	0	0	0.052371245	0.000910266	0.335580767
230	3.021929401	6.6797E-16	4.958772808	1.646398761	0.039350447	4.461389664	0.018002246	0	0.172514059	0.196432442	0.003532862	0.760514001	0.081096893	0.000590636	0.554468614	0	0	0	0.052990257	0.000916986	0.339473758
231	3.009606623	6.24295E-16	4.958483894	1.655811638	0.039508248	4.461928958	0.01830062	0	0.174773856	0.197670095	0.003558613	0.76420108	0.081848344	0.000598447	0.563053875	0	0	0	0.053612681	0.000927837	0.343634441
232	2.997312055	4.68516E-16	4.958207923	1.665191883	0.039665703	4.461639764	0.01859956	0	0.176912137	0.198905429	0.003584797	0.767383778	0.082602571	0.000605749	0.566193098	0	0	0	0.054238503	0.000935404	0.346330143
233	2.98504597	3.93291E-16	4.957959924	1.674539452	0.039823609	4.46256668	0.018899189	0	0.179147618	0.200138417	0.003608217	0.768431763	0.08335926	0.000609591	0.571604272	0	0	0	0.054867713	0.000942832	0.348951898
234	2.972808632	3.36783E-16	4.957682021	1.683857643	0.039982142	4.462037105	0.019197268	0	0.181593428	0.201369027	0.003628039	0.769391777	0.08411713	0.000617848	0.575429783	0	0	0	0.0555003	0.000950368	0.351508981
235	2.960600287	3.3678E-16	4.957377777	1.693142322	0.040141303	4.461219359	0.019496	0	0.183161631	0.202597225	0.003647906	0.769606639	0.084877914	0.000626745	0.583163705	0	0	0	0.056136251	0.000959194	0.354445516
236	2.948421148	1.89222E-16	4.957140139	1.702393334	0.040301096	4.460158309	0.019794721	0	0.184951833	0.203822976	0.003667535	0.771670103	0.085642266	0.000632471	0.586332905	0	0	0	0.056775555	0.000966582	0.357538133
237	2.93627139	1.19859E-16	4.956857404	1.711612669	0.040453569	4.459221131	0.020093547	0	0.187614551	0.205046242	0.003700857	0.772823407	0.08640795	0.000637735	0.593980181	0	0	0	0.057418202	0.000974063	0.360192087
238	2.924151167	7.19706E-17	4.95655407	1.720796947	0.040603639	4.458283597	0.020393147	0	0.189586067	0.206266987	0.003721274	0.775040679	0.087177573	0.00064306	0.600933869	0	0	0	0.058064179	0.000982726	0.36418694
239	2.912060634	2.36658E-17	4.956251745	1.729948922	0.040754264	4.457487052	0.020694986	0	0.191843644	0.207485171	0.003739373	0.778028501	0.087946813	0.00064842	0.605426597	0	0	0	0.058713473	0.00099422	0.366726231
240	2.899999968	-8.43542E-17	4.95596827	1.739067053	0.040905446	4.46017081	0.020999555	0	0.194209408	0.208700752	0.003768142	0.779366962	0.088716597	0.000653825	0.613294399	0	0	0	0.059366075	0.001001207	0.369439938
241	2.887969381	-1.04949E-16	4.955684383	1.748148886	0.041057187	4.459107552	0.021307335	0	0.195399643	0.209913683	0.003790513	0.782771769	0.089488741	0.000659332	0.616024456	0	0	0	0.060021973	0.001010875	0.372161306
242	2.875969129	-1.57218E-16	4.955399386	1.75719567	0.041209488	4.46025126	0.021617425	0	0.197792292	0.211123915	0.003813807	0.784770013	0.090262702	0.000668564	0.623141582	0	0	0	0.060681157	0.001020668	0.375796067
243	2.863999498	-1.82209E-16	4.955177426	1.766212085	0.041362352	4.458982537	0.021927832	0	0.199587676	0.2123314	0.003835675	0.78618494	0.091035567	0.000674351	0.624455611	0	0	0	0.061343618	0.001029223	0.379760561
244	2.852060801	-1.96126E-16	4.954933941	1.77519514	0.041515781	4.460189212	0.022239217	0	0.201507705	0.213536094	0.003860683	0.787450456	0.091809401	0.000681209	0.626705969	0	0	0	0.062009347	0.001036403	0.383007072
245	2.840153382	-2.50441E-16	4.954623704	1.784142097	0.041669777	4.459642113	0.022553059	0	0.204246238	0.214737951	0.003894524	0.787452788	0.092585179	0.000686488	0.633090777	0	0	0	0.062678332	0.001045569	0.386782815
246	2.828277605	-2.85792E-16	4.954311746	1.793052259	0.041824342	4.458588722	0.022870164	0	0.206401157	0.215936931	0.003916217	0.788678986	0.09336248	0.000692784	0.638909715	0	0	0	0.06335056	0.001053514	0.388813681
247	2.816433864	-3.47077E-16	4.95399683	1.801925028	0.041979478	4.45820331	0.023189975	0	0.209696233	0.21713299	0.003940105	0.793005666	0.094142125	0.00070076	0.641543844	0	0	0	0.064026018	0.00106154	0.393103941
248	2.804622567	-3.81955E-16	4.953680429	1.810761761	0.042135188	4.459068635	0.023510744	0	0.211161749	0.218326081	0.003963529	0.794790854	0.094924154	0.000707504	0.642651906	0	0	0	0.064704693	0.001069625	0.396447051
249	2.79284412	-3.86913E-16	4.953367306	1.819562452	0.042291472	4.458617381	0.023833135	0	0.212836669	0.219516154	0.0039863	0.796654098	0.095707565	0.00071368	0.646798447	0	0	0	0.065386574	0.001077538	0.39908134
250	2.781098897	-4.11075E-16	4.953071429	1.82832687	0.042448334	4.460278248	0.024157814	0	0.215305162	0.220703161	0.00400723	0.796656378	0.096491613	0.000719789	0.651521834	0	0	0	0.066071646	0.001082232	0.402506642
251	2.769387213	-4.20723E-16	4.952774379	1.837054508	0.042605775	4.461005505	0.024484609	0	0.217934161	0.221887054	0.004028436	0.799590715	0.097276721	0.00072973	0.655125152	0	0	0	0.066759895	0.001090222	0.406397147
252	2.757709305	-4.40103E-16	4.952476152	1.845746377	0.042763799	4.460469538	0.024811106	0	0.21999014	0.223067792	0.004056084	0.800891672	0.098064112	0.00073812	0.660838379	0	0	0	0.067451308	0.001100134	0.408763919
253	2.746065344	-4.60873E-16	4.952176743	1.854402147	0.042922405	4.462737585	0.025138016	0	0.221294713	0.224245336	0.004085819	0.80207076	0.098853284	0.000746695	0.666192725	0	0	0	0.068145872	0.001106928	0.412167774
254	2.734455457	-5.3712E-16	4.951876148	1.86302049	0.043081598	4.461606233	0.025466362	0	0.222807983	0.225419652	0.004118055	0.802070771	0.099644466	0.000754784	0.66722638	0	0	0	0.068843573	0.001112295	0.416708525
255	2.722879746	-6.09472E-16	4.951576101	1.871600201	0.043241379	4.4613723	0.025797908	0	0.225153855	0.226590705	0.004150492	0.802367382	0.100437042	0.000763741	0.669443027	0	0	0	0.069544397	0.00111942	0.419019448
256	2.711338313	-6.89902E-16	4.951301762	1.880142318	0.04340175	4.461684642	0.026132263	0	0.226653896	0.227758462	0.004183131	0.802371266	0.101230315	0.00077281	0.676113156	0	0	0	0.070248329	0.001128454	0.421671306
257	2.699831271	-7.98377E-16	4.950971807	1.888645416	0.043562714	4.464848719	0.026469578	0	0.228190037	0.228922887	0.004215974	0.803674311	0.102025492	0.000781966	0.685456995	0	0	0	0.070955357	0.001137546	0.42460358
258	2.688358749	-8.01059E-16	4.950666354	1.897111692	0.043724272	4.463986958	0.026809772	0	0.23043675	0.230083944	0.004249022	0.805358002	0.102820378	0.000791303	0.689142509	0	0	0	0.071665466	0.001148765	0.427532928
259	2.676920889	-8.1422E-16	4.950359691	1.905537929	0.043886426	4.46392492	0.02715247	0	0.232831219	0.231241599	0.004282277	0.805358331	0.103618471	0.000800694	0.692084567	0	0	0	0.072378643	0.001160355	0.430555504
260	2.665517842	-8.55886E-16	4.95005262	1.913925426	0.04404918	4.464174012	0.027497302	0	0.234674593	0.232395817	0.00431019	0.80586967	0.104418741	0.000810582	0.700980781	0	0	0	0.073094873	0.001169354	0.433420752
261	2.654149755	-8.56073E-16	4.94974394	1.922277209	0.044212535	4.465397601	0.02784416	0	0.236442594	0.233546568	0.004328345	0.806722863	0.105218163	0.000819737	0.709964724	0	0	0	0.073814145	0.00117761	0.436343972
262	2.642816762	-8.96089E-16	4.949411058	1.93059188	0.04437663	4.464137972	0.028193738	0	0.238256797	0.234693827	0.004346514	0.807379813	0.106017349	0.000828117	0.714267848	0	0	0	0.074536445	0.001187322	0.439264287
263	2.631518971	-8.96092E-16	4.949073999	1.938866559	0.04454191	4.463137678	0.028547282	0	0.241047255	0.235837575	0.004372531	0.808240819	0.106817853	0.000833338	0.722041136	0	0	0	0.07526176	0.001196085	0.442290421
264	2.620256458	-9.31876E-16	4.948769608	1.947099732	0.044707804	4.461794958	0.028905051	0	0.243408773	0.2369778	0.004402232	0.809985339	0.107620885	0.000839944	0.725948476	0	0	0	0.075990075	0.001205334	0.444868658
265	2.609029246	-9.60552E-16	4.948464089	1.955296679	0.044891962	4.460499704	0.029265863	0	0.245445713	0.238114498	0.004434368	0.811475512	0.108422337	0.000848906	0.734020792	0	0	0	0.076721376	0.001213746	0.447443566
266	2.597837306	-9.67373E-16	4.94815744	1.96345673	0.045086429	4.460389288	0.029628913	0	0.248046941	0.239247675	0.00446768	0.812286718	0.109223728	0.000857957	0.736175103	0	0	0	0.077455649	0.001222755	0.450949221
267	2.58668056	-1.03644E-15	4.947849655	1.971578324	0.045281732	4.461140231	0.029994504	0	0.24991947	0.240377343	0.004498613	0.813443777	0.110026389	0.00086715	0.740426769	0	0	0	0.078192881	0.001230689	0.453846355
268	2.575558893	-1.04837E-15	4.94754073	1.979659226	0.045477874	4.46097724	0.030363416	0	0.25195827	0.241503522	0.004522163	0.813690535	0.110831888	0.000877649	0.747557997	0	0	0	0.078933055	0.001239219	0.456939857
269	2.564472175	-1.06523E-15	4.947230662	1.987701193	0.04567506	4.459231285	0.030735417	0	0.25485433	0.242626239	0.004550091	0.814299485	0.111638819	0.000885751	0.753891946	0	0	0	0.079676157	0.001249796	0.459842894
270	2.553420281	-1.088E-15	4.946915187	1.995701523	0.045868722	4.460503039	0.031110943	0	0.257382965	0.243745518	0.004582635	0.815598749	0.112449563	0.000895201	0.761247692	0	0	0	0.080422172	0.001258929	0.462592795
271	2.542403112	-1.11838E-15	4.94659488	2.003663485	0.046039984	4.460687336	0.031490253	0	0.259223381	0.244861385	0.00461308	0.817026171	0.113260682	0.00090384	0.765122966	0	0	0	0.081171084	0.001267462	0.466152833
272	2.531420606	-1.11837E-15	4.946273003	2.011585299	0.046211879	4.460322146	0.031873305	0	0.261467531	0.245973863	0.00463437	0.817272108	0.114074051	0.0009132	0.766800636	0	0	0	0.081922877	0.001277502	0.468620767
273	2.520472746	-1.11838E-15	4.945928359	2.019470342	0.046384411	4.45796378	0.032259143	0	0.263735486	0.247082969	0.004664341	0.817617036	0.114887262	0.000924029	0.767733825	0	0	0	0.082677537	0.001291444	0.47130403
274	2.509559562	-1.11838E-15	4.945572831	2.027316107	0.04656488	4.459595986	0.03264844	0	0.266200909	0.248188718	0.004703325	0.817655837	0.115702124	0.00093313	0.769983592	0	0	0	0.083435049	0.001301512	0.474101058
275	2.498681118	-1.13913E-15	4.945215605	2.035126812	0.046769515	4.45732955	0.033039553	0	0.2683744	0.249291115	0.004740253	0.818798915	0.116516	0.000940523	0.773116128	0	0	0	0.084195401	0.001311784	0.476743177
276	2.487837513	-1.1443E-15	4.944856673	2.042901821	0.046946954	4.457470786	0.033431535	0	0.270171241	0.250390164	0.004778442	0.82209978	0.117330387	0.000947999	0.778108528	0	0	0	0.08495858	0.001322011	0.479407988
277	2.477028873	-1.16989E-15	4.94449595	2.050640414	0.04712183	4.456763167	0.033825091	0	0.271739808	0.251485861	0.004816416	0.822831227	0.11814519	0.000958088	0.779807191	0	0	0	0.085724571	0.001332344	0.482843162
278	2.466255339	-1.18343E-15	4.944129388	2.058340387	0.047297355	4.456757567	0.034221731	0	0.273321136	0.252578199	0.004842778	0.824812679	0.118960985	0.000968887	0.788484182	0	0	0	0.086493358	0.001342762	0.486077707
279	2.455517072	-1.19091E-15	4.943770689	2.066001547	0.04747353	4.45473958	0.034622164	0	0.27515483	0.253667166	0.004870258	0.825375423	0.119777123	0.000978539	0.797455906	0	0	0	0.087264928	0.001352531	0.489201773
280	2.444814239	-1.23644E-15	4.943435313	2.073623759	0.047650359	4.45498397	0.035026669	0	0.278093222	0.254752743	0.004900773	0.826384518	0.120593327	0.000991083	0.801587684	0	0	0	0.088039262	0.001359637	0.491990422
281	2.434147019	-1.23632E-15	4.943114865	2.081205447	0.047827843	4.456415523	0.03543464	0	0.279901993	0.255834911	0.004943846	0.827867788	0.121411636	0.001003477	0.802725115	0	0	0	0.088816347	0.001370964	0.496754862
282	2.423515598	-1.23625E-15	4.942793277	2.088747345	0.048005985	4.458715643	0.035846665	0	0.281715558	0.256913646	0.004971208	0.829141842	0.122230581	0.001014846	0.80571731	0	0	0	0.089596166	0.001379057	0.502291233
283	2.41292018	-1.24219E-15	4.942470054	2.096248728	0.048184787	4.458351486	0.036263394	0	0.283875176	0.257988918	0.004997461	0.829588421	0.123050077	0.001023907	0.806724815	0	0	0	0.090378703	0.001390369	0.506993183
284	2.402360981	-1.24219E-15	4.942140263	2.103709127	0.048364251	4.457305596	0.036684082	0	0.285718778	0.259060698	0.005025836	0.83093326	0.123871169	0.001036376	0.812378636	0	0	0	0.091163943	0.001398464	0.511342555
285	2.391838242	-1.30755E-15	4.941780942	2.111128446	0.048544381	4.456942363	0.03710902	0	0.287710886	0.260128951	0.005058475	0.831319965	0.124693472	0.001048402	0.819160472	0	0	0	0.091951869	0.001408974	0.515609212
286	2.381352225	-1.3071E-15	4.941420031	2.118507261	0.048725178	4.456831942	0.037538666	0	0.289370833	0.261193641	0.005076155	0.831320783	0.125515741	0.001059513	0.826891806	0	0	0	0.092742466	0.001419646	0.518362616
287	2.370903221	-1.31707E-15	4.941057526	2.125844129	0.048906646	4.456903309	0.037973241	0	0.291941627	0.262254729	0.005110345	0.832382072	0.126338964	0.001070585	0.83302591	0	0	0	0.093535716	0.001431018	0.521809521
288	2.360491538	-1.36579E-15	4.940693312	2.133138211	0.049088785	4.457083359	0.038412426	0	0.294524049	0.263312175	0.005147487	0.833861708	0.127164046	0.001081876	0.840530701	0	0	0	0.094331604	0.001440791	0.524111292
289	2.350117503	-1.37878E-15	4.94032675	2.140392872	0.0492716	4.45833415	0.038854673	0	0.296410766	0.264365936	0.005181142	0.835603965	0.1279889	0.00109636	0.846239579	0	0	0	0.095130116	0.001452099	0.529157582
290	2.339781454	-1.39813E-15	4.939958561	2.147609409	0.049455092	4.457470394	0.039297864	0	0.298471463	0.265415969	0.005212478	0.835928791	0.128814063	0.001104757	0.850352005	0	0	0	0.095931241	0.001465668	0.532423483
291	2.329483738	-1.41838E-15	4.939588738	2.15478524	0.049639513	4.456727362	0.039744299	0	0.300468317	0.266462231	0.005252165	0.838614887	0.129639529	0.001117837	0.857704336	0	0	0	0.096734962	0.001479086	0.535509873
292	2.319224704	-1.41838E-15	4.939217275	2.161918172	0.049825476	4.457172876	0.040194553	0	0.302842096	0.267504678	0.005292107	0.841282806	0.130466626	0.001129169	0.864399679	0	0	0	0.097541266	0.001492985	0.539501021
293	2.30900469	-1.44735E-15	4.938865069	2.169009478	0.050017441	4.455294565	0.040647663	0	0.305214036	0.268543266	0.005326259	0.842868919	0.131294764	0.001142381	0.86736633	0	0	0	0.098350138	0.001506875	0.542676761
294	2.298824026	-1.44735E-15	4.938538427	2.176063657	0.050203717	4.453217015	0.041102371	0	0.307403535	0.269577952	0.005360577	0.842868919	0.132120428	0.001151798	0.873085944	0	0	0	0.099161565	0.001519214	0.545415578
295	2.288683028	-1.45071E-15	4.938210708	2.183075994	0.050390683	4.452632071	0.04155982	0	0.309010684	0.270608694	0.005395097	0.842868919	0.132946929	0.001161005	0.875422799	0	0	0	0.099975535	0.001530869	0.547533503
296	2.278582002	-1.45071E-15	4.937881817	2.190044033	0.050578343	4.452890478	0.042020474	0	0.311625446	0.271635453	0.005429786	0.843628682	0.133776007	0.001169499	0.877656182	0	0	0	0.100792031	0.001538481	0.55141932
297	2.268521247	-1.46632E-15	4.93753993	2.196967073	0.050766698	4.451983027	0.042484975	0	0.313641619	0.272658188	0.005464645	0.843631882	0.134607481	0.001179794	0.882299476	0	0	0	0.101611037	0.001554342	0.553612732
298	2.258501053	-1.50142E-15	4.937150515	2.203844072	0.050955752	4.451606039	0.042953469	0	0.315317418	0.27367686	0.005499674	0.845009676	0.135442011	0.001190292	0.890775317	0	0	0	0.102432536	0.001566277	0.556392088
299	2.248521706	-1.50177E-15	4.936759288	2.210675802	0.051145506	4.451975639	0.043425145	0	0.317826289	0.27469143	0.005533203	0.846344379	0.136279407	0.001199829	0.89216918	0	0	0	0.10325651	0.001576955	0.560308989
300	2.238583489	-1.50886E-15	4.936371331	2.217462963	0.051335964	4.453627936	0.043900529	0	0.320534097	0.275701861	0.00556537	0.846721064	0.137118216	0.001208554	0.895501167	0	0	0	0.104082943	0.001585423	0.56416322
301	2.228686676	-1.51746E-15	4.935989592	2.22420877	0.051527127	4.452760474	0.044376348	0	0.322741933	0.276708114	0.005604174	0.847118069	0.137958274	0.001218205	0.896489983	0	0	0	0.104911819	0.001594101	0.568073193
302	2.218831537	-1.51926E-15	4.93560599	2.230913677	0.051719	4.451190008	0.044851354	0	0.325307759	0.277710153	0.005627551	0.847118075	0.138800155	0.001227992	0.897478316	0	0	0	0.105743124	0.001602535	0.572797735
303	2.209018335	-1.53701E-15	4.935219928	2.23757723	0.051911583	4.452078392	0.045326061	0	0.327625335	0.278707942	0.005663205	0.847288693	0.139643588	0.001237435	0.898663271	0	0	0	0.106576843	0.00161895	0.575775478
304	2.199247324	-1.54119E-15	4.934831593	2.244196743	0.05210488	4.450042177	0.045802212	0	0.329787003	0.279701446	0.005702002	0.847321342	0.140489314	0.001246677	0.906757208	0	0	0	0.107412961	0.001628152	0.578722168
305	2.18951874	-1.55287E-15	4.934441358	2.250773857	0.052298894	4.45035028	0.046280643	0	0.332261683	0.280690634	0.005740999	0.847726153	0.141334668	0.001257848	0.913712762	0	0	0	0.108251459	0.001638634	0.581446773
306	2.17983279	-1.5665E-15	4.934049411	2.257308854	0.052493626	4.448942825	0.046759694	0	0.336225121	0.281675479	0.005777024	0.852751449	0.142180861	0.001267957	0.916005158	0	0	0	0.109092321	0.001647994	0.584324302
307	2.170189652	-1.59259E-15	4.933655746	2.2638019	0.05268908	4.447488561	0.047239632	0	0.338061238	0.282655962	0.005802228	0.853549654	0.143027322	0.001277105	0.917422859	0	0	0	0.109935532	0.001659415	0.587302547
308	2.160589457	-1.60009E-15	4.933260353	2.27025198	0.052885259	4.44613277	0.047721439	0	0.339895067	0.28363207	0.005842282	0.853549654	0.14387398	0.001286016	0.919060626	0	0	0	0.110781074	0.001671109	0.590397486
309	2.1510323	-1.64611E-15	4.933010003	2.276656712	0.053082164	4.447865656	0.048206218	0	0.343069646	0.284603797	0.005874391	0.854073432	0.144722046	0.001294954	0.923550922	0	0	0	0.111628927	0.001681203	0.593953404
310	2.14151824	-1.67702E-15	4.932627531	2.283017721	0.0532798	4.448061634	0.048694416	0	0.345276273	0.285571142	0.005915045	0.854110048	0.145569406	0.001303955	0.929260672	0	0	0	0.112479075	0.001692227	0.597123671
311	2.132047313	-1.6771E-15	4.932206371	2.289333018	0.053478167	4.448099729	0.049186347	0	0.347110144	0.28653411	0.005948716	0.85673025	0.146417717	0.001314653	0.939274074	0	0	0	0.113331496	0.001708296	0.600172782
312	2.122619542	-1.65347E-15	4.931782601	2.295600743	0.053677269	4.447205981	0.049681434	0	0.349295501	0.287492703	0.005976309	0.856752603	0.147269407	0.001330396	0.943611452	0	0	0	0.114186171	0.001720931	0.603016331
313	2.113234929	-1.66747E-15	4.931356773	2.301823942	0.053877109	4.44562621	0.050179686	0	0.351255242	0.288446928	0.006012237	0.858298639	0.148121433	0.001347525	0.950014451	0	0	0	0.115043083	0.00173379	0.606692772
314	2.103893447	-1.67636E-15	4.930928878	2.308006481	0.05407769	4.444031475	0.050677153	0	0.353270026	0.289396792	0.006057765	0.858391158	0.148973911	0.001364988	0.955612629	0	0	0	0.115902216	0.00174655	0.610524748
315	2.09459504	-1.70462E-15	4.930498906	2.314150033	0.054279013	4.442807538	0.051172796	0	0.355464069	0.290342304	0.006091485	0.858404058	0.149826272	0.001382666	0.960322346	0	0	0	0.116763554	0.001761874	0.613402551
316	2.085339625	-1.73783E-15	4.930066847	2.320251521	0.054481083	4.443558073	0.051669613	0	0.358457627	0.291283474	0.006125339	0.858853435	0.150678689	0.001400386	0.969465716	0	0	0	0.117627078	0.001775859	0.616149867
317	2.076127086	-1.74273E-15	4.929828265	2.326309097	0.054683901	4.445036503	0.052169762	0	0.360700366	0.292220316	0.006159325	0.858853435	0.151530971	0.001409153	0.977960553	0	0	0	0.118492769	0.00178768	0.618506362
318	2.066957287	-1.74377E-15	4.929570352	2.332321189	0.05488747	4.447336383	0.052673907	0	0.363031213	0.293152843	0.006193446	0.860489971	0.152384169	0.001420623	0.979082557	0	0	0	0.119360605	0.001801383	0.620860652
319	2.057830077	-1.74377E-15	4.929295175	2.338291069	0.055091794	4.446292425	0.053180574	0	0.365708	0.29408107	0.006228293	0.86084141	0.15323664	0.001437179	0.98262713	0	0	0	0.12023057	0.001813287	0.623202524
320	2.048745299	-1.74377E-15	4.928897072	2.34421855	0.055296874	4.445284543	0.053690531	0	0.36750581	0.295005012	0.006266874	0.862667696	0.154087964	0.001453734	0.985741947	0	0	0	0.121102644	0.001825262	0.625793317
321	2.039702803	-1.75941E-15	4.928494191	2.350102605	0.055502714	4.44433519	0.054203281	0	0.369327622	0.295924685	0.006305658	0.864795584	0.154939817	0.001470745	0.98814653	0	0	0	0.121976809	0.001839614	0.628611424
322	2.030702451	-1.76131E-15	4.928088045	2.35594483	0.055709316	4.444752308	0.054717972	0	0.372006765	0.296840102	0.006344948	0.864795589	0.155791599	0.001484556	0.992166283	0	0	0	0.122853047	0.001857789	0.631426123
323	2.021744123	-1.76135E-15	4.927680203	2.361748947	0.055916683	4.444591338	0.055233381	0	0.375080027	0.297751274	0.006384193	0.866709135	0.156640936	0.001495913	1.001320276	0	0	0	0.123731339	0.00187145	0.634116774
324	2.012827718	-1.76262E-15	4.927404229	2.367512586	0.056124819	4.444466765	0.055749824	0	0.377154402	0.298658212	0.006428374	0.866709253	0.157489992	0.001506149	1.003603609	0	0	0	0.124611668	0.001884278	0.63734873
325	2.003953153	-1.7844E-15	4.927068073	2.373235111	0.056333725	4.444175735	0.056265863	0	0.379945546	0.299560924	0.006466144	0.867860618	0.158340935	0.001522693	1.004915091	0	0	0	0.125494015	0.001903856	0.640649431
326	1.995120359	-1.80378E-15	4.926641393	2.378917787	0.056543405	4.441733631	0.056782278	0	0.382532016	0.300459416	0.006503128	0.868910423	0.159191799	0.001539529	1.008880154	0	0	0	0.126378362	0.00191519	0.643930466
327	1.986329277	-1.80368E-15	4.926212814	2.38456181	0.056753861	4.440481742	0.057300134	0	0.38496535	0.301353693	0.006542941	0.8689107	0.160040396	0.001552116	1.011757897	0	0	0	0.12726469	0.001925261	0.647204322
328	1.977579856	-1.808E-15	4.925782326	2.390162142	0.056965097	4.439139072	0.057820641	0	0.386860307	0.302243761	0.006579232	0.871120065	0.160890617	0.001564804	1.015310723	0	0	0	0.128152982	0.001935369	0.650311507
329	1.968872048	-1.80875E-15	4.925349922	2.395717076	0.057177115	4.438717346	0.058344289	0	0.389402797	0.303129623	0.006607838	0.873331233	0.161743748	0.001577586	1.020791112	0	0	0	0.129043217	0.001946609	0.65352825
330	1.960205799	-1.80875E-15	4.924957555	2.401227353	0.057389918	4.437902887	0.058870652	0	0.392431833	0.304011283	0.006636509	0.87377316	0.162599539	0.001589835	1.028987791	0	0	0	0.129935375	0.001958361	0.656380749
331	1.95158105	-1.808E-15	4.924641588	2.4066941	0.057603508	4.436042066	0.059399992	0	0.395744101	0.304888745	0.006665322	0.874580237	0.163456675	0.001600152	1.030564369	0	0	0	0.130829437	0.001968958	0.660321563
332	1.942997734	-1.80875E-15	4.924270931	2.412118137	0.05781789	4.435117157	0.0599325	0	0.398458554	0.305762016	0.006704411	0.875169424	0.164314229	0.001610524	1.031691237	0	0	0	0.131725384	0.001979686	0.663594125
333	1.934455771	-1.80875E-15	4.923872707	2.417503452	0.058035865	4.433822386	0.060468592	0	0.399865949	0.306631102	0.006749954	0.875169424	0.165167885	0.001621173	1.035237663	0	0	0	0.132623198	0.001995672	0.666849036
334	1.925955075	-1.82391E-15	4.923427466	2.422848498	0.058277985	4.433746332	0.061007914	0	0.401646446	0.307496011	0.006797828	0.876650087	0.166019639	0.001634932	1.0389615	0	0	0	0.133522862	0.002012012	0.669447958
335	1.91749556	-1.82391E-15	4.923001412	2.428150116	0.058521108	4.432109353	0.061551037	0	0.405575933	0.308356749	0.006846018	0.87665009	0.16687218	0.00165668	1.046329598	0	0	0	0.134424357	0.002028483	0.67179857
336	1.909077132	-1.82391E-15	4.922573591	2.433409661	0.058765239	4.43127426	0.062096992	0	0.407217178	0.309213327	0.006879511	0.878607653	0.167725221	0.001670116	1.054484773	0	0	0	0.135327666	0.002045124	0.674547449
337	1.900699695	-1.86882E-15	4.922143995	2.438627474	0.059006966	4.429940394	0.06264578	0	0.409222031	0.310065754	0.006924869	0.878624616	0.168578524	0.001683651	1.062174697	0	0	0	0.136232773	0.002060663	0.678214766
338	1.892363146	-1.86882E-15	4.921747753	2.44380536	0.059226533	4.428459208	0.063196965	0	0.411022174	0.310914041	0.006970588	0.879151782	0.169430831	0.001697497	1.066598299	0	0	0	0.137139658	0.002075355	0.680848275
339	1.884067377	-1.8641E-15	4.921415139	2.448942112	0.05944691	4.428624783	0.063750452	0	0.414352164	0.311758198	0.007016561	0.879996441	0.170283556	0.001711478	1.067677344	0	0	0	0.138048304	0.002090138	0.683378864
340	1.875812273	-1.86898E-15	4.92108177	2.45403725	0.059668098	4.428056864	0.064306128	0	0.417890107	0.31259824	0.007062791	0.879997203	0.171137412	0.001725564	1.075346857	0	0	0	0.138958697	0.002105153	0.685906783
341	1.867597707	-1.86898E-15	4.92072401	2.459092417	0.059890102	4.429325789	0.064863385	0	0.420827703	0.313434179	0.007079678	0.880705659	0.171991492	0.001744114	1.080016841	0	0	0	0.139870819	0.002120357	0.688432033
342	1.859423539	-1.86898E-15	4.920285228	2.464108278	0.060112924	4.428394897	0.065422622	0	0.423491801	0.314266033	0.007121459	0.880937843	0.172844874	0.00175753	1.082820273	0	0	0	0.140784654	0.002135659	0.691617004
343	1.851289615	-1.87284E-15	4.91982772	2.469084134	0.060336566	4.426774576	0.065983443	0	0.425410928	0.315093817	0.007163519	0.88093788	0.173698806	0.001767928	1.086828095	0	0	0	0.141700186	0.002152663	0.69534087
344	1.843195765	-1.88694E-15	4.91933189	2.47401872	0.060561033	4.425642305	0.066546944	0	0.427655897	0.31591755	0.007200511	0.880937915	0.174553624	0.001781951	1.097212281	0	0	0	0.142617397	0.002162208	0.698144331
345	1.835141808	-1.88694E-15	4.91883354	2.47891477	0.060786327	4.425866688	0.067113764	0	0.430144464	0.316737251	0.007232977	0.880937947	0.175406137	0.001796076	1.107251979	0	0	0	0.14353627	0.002169799	0.700391369
346	1.827127543	-1.88951E-15	4.918332659	2.483770851	0.06101245	4.425114506	0.067684269	0	0.43225096	0.317552942	0.007252652	0.880937976	0.176257607	0.001810448	1.110125913	0	0	0	0.144456788	0.002185439	0.703963512
347	1.819152763	-1.88983E-15	4.917829233	2.488585366	0.061239407	4.423234192	0.068258614	0	0.434059499	0.318364642	0.007264878	0.880938002	0.17710968	0.001825169	1.115669214	0	0	0	0.145378935	0.002203061	0.709963629
348	1.811217254	-1.88951E-15	4.917323249	2.493358572	0.061467199	4.422130944	0.068836445	0	0.436317342	0.319172373	0.007317609	0.882830839	0.177962663	0.001839487	1.121413098	0	0	0	0.146302693	0.00222125	0.715092869
349	1.8033208	-1.88983E-15	4.91684287	2.498091989	0.06169583	4.424054049	0.069416693	0	0.43913229	0.319976155	0.007364054	0.883217301	0.178816319	0.001853815	1.126073069	0	0	0	0.147228044	0.002239303	0.717998712
350	1.795463187	-1.88983E-15	4.916388863	2.502786561	0.061925303	4.424437465	0.069999806	0	0.44194243	0.320776007	0.007389898	0.883253453	0.179669465	0.001869749	1.133751069	0	0	0	0.148154973	0.002250368	0.720488113
351	1.787644208	-1.89021E-15	4.915932969	2.50744272	0.062156387	4.423405878	0.070584953	0	0.444823068	0.321571948	0.007413343	0.883256381	0.180522708	0.001882262	1.143362378	0	0	0	0.149083463	0.002260853	0.724001471
352	1.779863667	-1.89021E-15	4.915485247	2.512060443	0.062388891	4.422413214	0.07117173	0	0.44760252	0.322363996	0.007455312	0.883259011	0.181376666	0.001894189	1.146082121	0	0	0	0.150013497	0.00227137	0.728206385
353	1.772121386	-1.8941E-15	4.9152297	2.516639885	0.0626455	4.422118519	0.071760892	0	0.450377209	0.323152165	0.00749628	0.883261374	0.18223061	0.001915185	1.151357647	0	0	0	0.150945063	0.002281918	0.731357799
354	1.764417204	-1.91225E-15	4.914756255	2.52118193	0.062931074	4.420907624	0.072353481	0	0.452250171	0.32393647	0.007534272	0.883263498	0.183082772	0.001931424	1.156600198	0	0	0	0.151878143	0.002292509	0.734016618
355	1.756750976	-1.91225E-15	4.91424603	2.5256891	0.063217947	4.419759161	0.072949585	0	0.454163188	0.324716923	0.0075834	0.886790544	0.183930691	0.001946942	1.15774867	0	0	0	0.152812725	0.002303301	0.737785997
356	1.74912257	-1.93387E-15	4.913815516	2.530161872	0.063506126	4.419464079	0.073547035	0	0.456595678	0.325493535	0.007626933	0.887986751	0.184776194	0.001962418	1.159460344	0	0	0	0.153748795	0.002317874	0.740886207
357	1.741531865	-1.95011E-15	4.913397347	2.534599962	0.063795617	4.417484341	0.074144717	0	0.458922422	0.326266316	0.007670327	0.888009512	0.185620801	0.001974595	1.162448923	0	0	0	0.154686339	0.002329032	0.743543243
358	1.733978754	-1.95011E-15	4.912977767	2.539000526	0.064086425	4.417111927	0.07474495	0	0.46225849	0.327035277	0.007713918	0.88801147	0.186465151	0.001994234	1.163724659	0	0	0	0.155625341	0.002335635	0.7458389
359	1.726463135	-1.95506E-15	4.912556772	2.543361572	0.06437166	4.415952738	0.075348765	0	0.464888358	0.327800427	0.007757707	0.888013283	0.187310316	0.002010172	1.165188587	0	0	0	0.156565785	0.002350123	0.750005328
360	1.718984904	-1.95506E-15	4.912132286	2.547685311	0.064612622	4.414626643	0.075955979	0	0.467912786	0.328561776	0.007801696	0.888014964	0.188154375	0.002026271	1.171391937	0	0	0	0.157507655	0.002358305	0.753653586
361	1.711543952	-1.95759E-15	4.911931846	2.551971387	0.064854484	4.412737985	0.076566359	0	0.469765856	0.329319337	0.007852001	0.88875083	0.188998028	0.002042515	1.172600644	0	0	0	0.158450937	0.002367523	0.758083314
362	1.704140167	-1.9576E-15	4.911477497	2.556218174	0.065097247	4.412002237	0.077180475	0	0.471613176	0.33007312	0.007903507	0.89186377	0.18984245	0.002058984	1.175617343	0	0	0	0.159395614	0.002380056	0.762597698
363	1.696773431	-1.95759E-15	4.911017461	2.560427661	0.065340917	4.411407583	0.07779814	0	0.473586573	0.330823141	0.007952367	0.892303479	0.190685955	0.002074195	1.17817877	0	0	0	0.160341672	0.00240127	0.765833191
364	1.689443613	-1.95759E-15	4.910555618	2.564604786	0.065585496	4.412014836	0.078417361	0	0.476181703	0.331569415	0.007990105	0.894240998	0.19152573	0.002092118	1.186005582	0	0	0	0.161289096	0.00241894	0.768862323
365	1.682150579	-1.95759E-15	4.910091962	2.568746126	0.065830988	4.410516214	0.079038489	0	0.478920539	0.332311959	0.008035167	0.896052856	0.192364974	0.002108868	1.187554152	0	0	0	0.162237874	0.00243415	0.772787539
366	1.67489419	-1.97291E-15	4.909626485	2.572850382	0.066077395	4.40937042	0.079662723	0	0.481592412	0.33305079	0.008082521	0.897129277	0.193203924	0.002124309	1.191633647	0	0	0	0.163187991	0.002449452	0.777366671
367	1.667674304	-1.97291E-15	4.90915918	2.576919051	0.066324722	4.409038914	0.080289599	0	0.484114408	0.333785929	0.008120174	0.897146837	0.194041687	0.002142015	1.194981103	0	0	0	0.164139431	0.002464815	0.781202651
368	1.660490773	-1.97291E-15	4.908690041	2.5809512	0.066572971	4.407959379	0.080919451	0	0.4860902	0.334517394	0.008160135	0.897146838	0.194879003	0.002151264	1.196556323	0	0	0	0.165092179	0.002480299	0.783940201
369	1.653343447	-1.97183E-15	4.908242739	2.584945224	0.066822147	4.407778999	0.081552864	0	0.488593588	0.335245207	0.008205518	0.897146838	0.195717036	0.002169962	1.199549336	0	0	0	0.166046223	0.002495852	0.786322195
370	1.646232176	-1.97291E-15	4.907746229	2.588900902	0.067072252	4.408253271	0.082189558	0	0.491321356	0.335969387	0.00825147	0.89850886	0.196556433	0.002193174	1.200799919	0	0	0	0.167001545	0.002510083	0.788696766
371	1.639156803	-1.97291E-15	4.907271542	2.592819801	0.067323291	4.409011885	0.082828962	0	0.494120866	0.336689957	0.008297949	0.898508884	0.197396347	0.002208865	1.204389814	0	0	0	0.167958131	0.002525349	0.791068469
372	1.632117168	-1.9821E-15	4.906794992	2.596705758	0.067575266	4.409800318	0.083470192	0	0.496277378	0.337406938	0.00834464	0.898508906	0.198233977	0.002221888	1.210132971	0	0	0	0.168915967	0.002536638	0.793437307
373	1.625113108	-1.9821E-15	4.906316571	2.600559115	0.06782818	4.409296252	0.084111905	0	0.498846358	0.338120352	0.008400482	0.898508924	0.199070477	0.00223382	1.211343371	0	0	0	0.169875042	0.002548971	0.795820677
374	1.618144459	-1.9856E-15	4.905836273	2.604377791	0.068082039	4.407717674	0.084754365	0	0.50175102	0.338830223	0.008459542	0.89850894	0.199907821	0.002240161	1.21255229	0	0	0	0.170835341	0.002566569	0.798675363
375	1.611211051	-1.99948E-15	4.90534271	2.608163086	0.068336844	4.406102701	0.085398959	0	0.504322124	0.339536572	0.008517307	0.900662392	0.200743481	0.00226088	1.215061997	0	0	0	0.171796852	0.002586714	0.802210149
376	1.604312711	-2.00679E-15	4.904845512	2.611915181	0.0685926	4.406430374	0.086046165	0	0.506467575	0.340239422	0.008560212	0.900666148	0.201576961	0.002274119	1.216334616	0	0	0	0.172759561	0.002606652	0.806326104
377	1.59744926	-2.01395E-15	4.904346267	2.615632405	0.068849309	4.406633172	0.086695913	0	0.508595832	0.340938795	0.008603282	0.901296683	0.202410173	0.002289806	1.225049706	0	0	0	0.173723454	0.002618954	0.810400739
378	1.590620513	-2.01395E-15	4.903844966	2.619316293	0.069106977	4.405391563	0.087348248	0	0.510719649	0.341634715	0.008646516	0.902552057	0.20324171	0.002307024	1.22601884	0	0	0	0.17468852	0.002637135	0.812911918
379	1.583826275	-2.01395E-15	4.903381907	2.622966709	0.069366378	4.404613372	0.08800293	0	0.51289313	0.342327204	0.008690048	0.902638326	0.204072135	0.002324079	1.226887422	0	0	0	0.175654747	0.00265562	0.815278084
380	1.577066344	-2.01395E-15	4.902836164	2.626585319	0.069626769	4.403609406	0.088658946	0	0.51502547	0.343016287	0.008735412	0.903622063	0.204900981	0.002341391	1.227754735	0	0	0	0.176622123	0.002672113	0.817641651
381	1.57034051	-2.0264E-15	4.902328646	2.63017141	0.069888133	4.401736398	0.089316637	0	0.517519013	0.343701987	0.008781726	0.904065328	0.205728818	0.002358824	1.228618672	0	0	0	0.177590638	0.002688597	0.820996209
382	1.563648561	-2.0264E-15	4.901819038	2.633723893	0.070150476	4.400850122	0.089976107	0	0.520548819	0.344384327	0.00882111	0.904065328	0.206556835	0.002372209	1.235792899	0	0	0	0.178560278	0.002707605	0.823460638
383	1.556990279	-2.0264E-15	4.901307332	2.637241884	0.070149737	4.399727567	0.090636791	0	0.522043369	0.345063331	0.008865036	0.904065328	0.207386685	0.00237508	1.242612418	0	0	0	0.179531031	0.002723533	0.825911688
384	1.550365448	-2.0264E-15	4.90079352	2.640725213	0.070441779	4.399053443	0.091300099	0	0.52352439	0.345739023	0.008909131	0.904065328	0.208217335	0.0024005	1.24675434	0	0	0	0.180502883	0.002743493	0.828645451
385	1.543773853	-2.0264E-15	4.900277592	2.644173895	0.070735019	4.397918312	0.091966623	0	0.525731229	0.346411425	0.008961147	0.904662208	0.209048383	0.002428858	1.248969477	0	0	0	0.181475822	0.002758824	0.832155119
386	1.537215284	-2.03103E-15	4.899759541	2.64758946	0.071029462	4.39838537	0.092635836	0	0.528719893	0.347080559	0.009015868	0.905259942	0.209879027	0.002448128	1.254465781	0	0	0	0.182449834	0.002774226	0.836533272
387	1.530689541	-2.03103E-15	4.899239357	2.65097463	0.071325114	4.396773934	0.093306915	0	0.531051403	0.347746446	0.009066315	0.906316567	0.21070756	0.002466425	1.263250241	0	0	0	0.183424908	0.002790324	0.839951414
388	1.524196435	-2.07171E-15	4.898717032	2.654328571	0.071621977	4.395715124	0.093980303	0	0.534317529	0.348409106	0.00912635	0.907593245	0.211534555	0.002472038	1.268987721	0	0	0	0.184401031	0.002812102	0.845940532
389	1.517735794	-2.07171E-15	4.898192557	2.657652952	0.071920059	4.396215892	0.094655677	0	0.536416232	0.349068556	0.00917595	0.909070717	0.21235883	0.00250037	1.27020807	0	0	0	0.185378191	0.002834039	0.848894285
390	1.511307464	-2.07171E-15	4.897664855	2.660947643	0.072219362	4.395320301	0.095332515	0	0.53850202	0.349724812	0.009216482	0.909776352	0.213181188	0.002514735	1.271412368	0	0	0	0.186356377	0.002856218	0.852350942
391	1.504911309	-2.07171E-15	4.897134948	2.664214869	0.072519893	4.395029308	0.096010636	0	0.540607654	0.350377888	0.009266694	0.910085574	0.21399972	0.002529233	1.283174501	0	0	0	0.187335578	0.002878589	0.854990858
392	1.498547211	-2.09348E-15	4.896602852	2.667454479	0.072816867	4.393831188	0.096690054	0	0.542711811	0.351027798	0.009317131	0.912049873	0.214814674	0.002543802	1.287808933	0	0	0	0.188315783	0.002898875	0.857581611
393	1.49221507	-2.11326E-15	4.896130224	2.670663176	0.07308933	4.392591727	0.097370763	0	0.545055791	0.351674551	0.009367795	0.912049873	0.215629458	0.00255871	1.288831456	0	0	0	0.189296982	0.002918637	0.86016943
394	1.485914803	-2.11669E-15	4.895614083	2.673840708	0.073362809	4.391606959	0.098053242	0	0.547764004	0.352318157	0.009418686	0.912049873	0.216443928	0.002571876	1.298989949	0	0	0	0.190279163	0.002938436	0.862754321
395	1.479646336	-2.11669E-15	4.895046118	2.676990555	0.073637308	4.390998062	0.098737555	0	0.5499388	0.352958624	0.009469965	0.912338229	0.217254614	0.002584847	1.303251241	0	0	0	0.191262314	0.002957708	0.865336285
396	1.473409604	-2.11669E-15	4.894475592	2.680110469	0.07391283	4.391420308	0.099422773	0	0.552160861	0.35359596	0.009521531	0.913258328	0.218064767	0.002598359	1.304135514	0	0	0	0.192246427	0.00297861	0.867915326
397	1.467204544	-2.11669E-15	4.893911882	2.683202697	0.074189378	4.391979917	0.100108104	0	0.555129844	0.354230172	0.00957333	0.913269569	0.218872995	0.002616234	1.311420736	0	0	0	0.193231489	0.002998677	0.870491448
398	1.461031098	-2.12868E-15	4.893365765	2.686264752	0.074466958	4.391270062	0.100793892	0	0.558088935	0.354861265	0.009622178	0.913269569	0.219681501	0.002630802	1.312418704	0	0	0	0.194217491	0.003019065	0.873064654
399	1.454889206	-2.12868E-15	4.89279791	2.689294262	0.074745573	4.389063384	0.101481528	0	0.560591658	0.355489249	0.009664704	0.914057935	0.220491336	0.002642125	1.31408418	0	0	0	0.195204419	0.003039479	0.875527362
400	1.448778806	-2.13543E-15	4.892190641	2.69229213	0.075025227	4.388863867	0.102170814	0	0.562383338	0.356114128	0.009707363	0.914057935	0.22130186	0.002653082	1.317677734	0	0	0	0.196192262	0.003060017	0.878015599
401	1.442699835	-2.13543E-15	4.891587649	2.695257934	0.075305922	4.388212962	0.102862524	0	0.565144533	0.356735911	0.009749451	0.914057935	0.22211279	0.00266933	1.318556593	0	0	0	0.197181006	0.003080682	0.880801565
402	1.436652223	-2.13543E-15	4.891003037	2.698193171	0.075587664	4.389048236	0.103556312	0	0.566955386	0.357354604	0.009786535	0.914057935	0.222923049	0.002690052	1.321018485	0	0	0	0.19817064	0.003101472	0.883842126
403	1.430635898	-2.13543E-15	4.8904158	2.701097689	0.075870457	4.387437599	0.10425217	0	0.569349511	0.357970217	0.009823702	0.914057935	0.223732874	0.002705039	1.324041708	0	0	0	0.199161152	0.003122406	0.886492802
404	1.424650779	-2.13543E-15	4.889825925	2.703974379	0.076154303	4.386021235	0.104949071	0	0.570989948	0.358582757	0.009861237	0.914277531	0.22454048	0.002720766	1.325864274	0	0	0	0.200152533	0.003143531	0.889510109
405	1.418696781	-2.13543E-15	4.889265904	2.706822636	0.076439207	4.385199215	0.105647344	0	0.573704671	0.359192235	0.0099091	0.917188116	0.225346235	0.002741116	1.331243349	0	0	0	0.20114477	0.003162876	0.892523999
406	1.41277381	-2.13543E-15	4.888849907	2.709640614	0.076725174	4.384630771	0.10634761	0	0.575358222	0.359798659	0.009966466	0.919003788	0.226151453	0.002760846	1.337549081	0	0	0	0.202137854	0.00318594	0.895534478
407	1.406881762	-2.13543E-15	4.888362632	2.712429005	0.077012206	4.381954453	0.107049055	0	0.577002107	0.360402042	0.010009799	0.919047268	0.226956361	0.002779951	1.338523581	0	0	0	0.203131774	0.003207348	0.898541549
408	1.401020521	-2.13543E-15	4.88779694	2.715187203	0.077300307	4.382300348	0.107752114	0	0.578644472	0.361002396	0.010053495	0.919047268	0.227761245	0.002806624	1.344999394	0	0	0	0.20412652	0.003227497	0.901522732
409	1.395189957	-2.14177E-15	4.887225899	2.71791573	0.077589483	4.38214709	0.108456574	0	0.580436402	0.361599735	0.010097375	0.921060552	0.228565923	0.002833536	1.346357562	0	0	0	0.20512208	0.003240252	0.904910507
410	1.389389922	-2.13677E-15	4.886652458	2.720615126	0.077879736	4.382061175	0.109161835	0	0.582707551	0.362194076	0.010137241	0.921487062	0.229370597	0.00286463	1.348332564	0	0	0	0.206118444	0.003258734	0.90754235
411	1.383620258	-2.13677E-15	4.886076259	2.723284454	0.078171071	4.379760614	0.109868292	0	0.584976866	0.362785436	0.010176714	0.921491588	0.23017596	0.002887825	1.355075314	0	0	0	0.207115599	0.003269012	0.911436742
412	1.377880789	-2.13677E-15	4.885449851	2.725923647	0.078463491	4.378280392	0.110576599	0	0.587258043	0.363373834	0.010224332	0.921491625	0.230981595	0.002915167	1.362794132	0	0	0	0.208113535	0.003279304	0.915398135
413	1.372171325	-2.14642E-15	4.884820525	2.728533294	0.078757001	4.378827999	0.111286694	0	0.589558145	0.36395929	0.010268336	0.92149166	0.231787157	0.002937528	1.369031192	0	0	0	0.20911224	0.003292774	0.918229309
414	1.366491661	-2.14642E-15	4.884188267	2.731115058	0.079051605	4.377369825	0.111998455	0	0.591856379	0.364541825	0.010313387	0.921491692	0.232591298	0.002960808	1.374374621	0	0	0	0.210111703	0.003308172	0.920683482
415	1.360841581	-2.14642E-15	4.883553065	2.733671269	0.079347307	4.377120578	0.11271152	0	0.594152745	0.365121462	0.010362802	0.922688515	0.233392256	0.002983524	1.38330514	0	0	0	0.211111912	0.003316203	0.923135273
416	1.355220852	-2.14642E-15	4.882914905	2.736199454	0.07964411	4.375968816	0.113426626	0	0.596441266	0.365698224	0.010407927	0.922900168	0.234191986	0.003003245	1.387419703	0	0	0	0.212112857	0.003337872	0.925584683
417	1.349629232	-2.17092E-15	4.882273297	2.738700971	0.079942019	4.376510528	0.114144169	0	0.598699837	0.366272136	0.010452851	0.923042941	0.234988963	0.003023085	1.388366367	0	0	0	0.213114529	0.003360211	0.928203266
418	1.344066465	-2.17092E-15	4.881628695	2.741177073	0.080241039	4.37610336	0.114863536	0	0.600952605	0.366843222	0.010498047	0.923269336	0.235782787	0.003043362	1.390124017	0	0	0	0.214116918	0.003377542	0.930564738
419	1.338532283	-2.17092E-15	4.880981089	2.743626972	0.080541172	4.373610337	0.115584535	0	0.60320351	0.367411508	0.010543071	0.923368256	0.236574689	0.003063766	1.393096503	0	0	0	0.215120014	0.003398575	0.933495597
420	1.333026407	-2.17092E-15	4.880378497	2.746050771	0.080842423	4.373034542	0.116306088	0	0.605886513	0.367977021	0.010590766	0.923554332	0.237365906	0.003074121	1.395076728	0	0	0	0.216123808	0.003419724	0.936814295
421	1.327548553	-2.17092E-15	4.880008769	2.74844714	0.081144797	4.371796562	0.117028416	0	0.608508157	0.368539787	0.010648352	0.923588293	0.238157815	0.003095439	1.401190092	0	0	0	0.217128289	0.003440991	0.939925014
422	1.322098423	-2.17092E-15	4.879461067	2.750818407	0.081448297	4.372235848	0.117751775	0	0.610935402	0.369099836	0.010706205	0.923588294	0.238948112	0.003124518	1.410038637	0	0	0	0.218133447	0.003454763	0.942372985
423	1.316675716	-2.17549E-15	4.878820129	2.753166668	0.081752928	4.372181827	0.118475848	0	0.612665433	0.369657193	0.010764325	0.923588294	0.2397353	0.003145361	1.419372453	0	0	0	0.219139275	0.003469298	0.944816507
424	1.311280124	-2.17092E-15	4.878176312	2.755490494	0.082058694	4.371959593	0.119200072	0	0.614515541	0.370211889	0.010813786	0.923588295	0.24052166	0.003166136	1.422789831	0	0	0	0.220145762	0.00348996	0.947256564
425	1.30591134	-2.17092E-15	4.877529603	2.757789342	0.082365598	4.372703678	0.119925889	0	0.616761983	0.37076395	0.010847931	0.925260571	0.24130658	0.003187213	1.423919804	0	0	0	0.221152899	0.003510391	0.95030229
426	1.300569056	-2.17092E-15	4.876879991	2.760064293	0.082673646	4.371437707	0.120653736	0	0.620164916	0.371313405	0.010882125	0.925667915	0.242088834	0.003205676	1.42525775	0	0	0	0.222160675	0.003525175	0.954110846
427	1.295252967	-2.17092E-15	4.876227462	2.762315499	0.082982841	4.37031269	0.121383131	0	0.623327653	0.371860282	0.010916369	0.926186365	0.242869035	0.003218788	1.430665667	0	0	0	0.223169085	0.003540005	0.957827407
428	1.289962773	-2.17092E-15	4.875572004	2.764542323	0.083293188	4.369134553	0.1221144	0	0.625126828	0.372404608	0.0109559	0.926227429	0.243647779	0.003242801	1.434519116	0	0	0	0.224178117	0.003554879	0.96078096
429	1.284698177	-2.17092E-15	4.874913603	2.766744585	0.083604691	4.371174333	0.12284753	0	0.626921621	0.372946409	0.011002162	0.926266059	0.244425538	0.003262123	1.444288374	0	0	0	0.225187761	0.0035698	0.965192833
430	1.27945889	-2.17549E-15	4.874252247	2.768924687	0.083917354	4.371916164	0.123582537	0	0.628714721	0.373485712	0.011048566	0.9263024	0.245200165	0.003290413	1.448897554	0	0	0	0.226198009	0.003588337	0.969854536
431	1.274244627	-2.17549E-15	4.8737687	2.771083881	0.084231181	4.371810383	0.124318179	0	0.630620259	0.374022541	0.011095114	0.926798064	0.245971918	0.003307882	1.458819563	0	0	0	0.227208853	0.003605375	0.973210074
432	1.269055114	-2.17549E-15	4.873124441	2.773219249	0.084546177	4.370110579	0.125054815	0	0.633578602	0.374556922	0.011141805	0.927349502	0.246743614	0.003340039	1.461893455	0	0	0	0.228220286	0.003623366	0.976970781
433	1.263890088	-2.17549E-15	4.872472249	2.775332756	0.084862347	4.368535528	0.125792337	0	0.636387557	0.375088878	0.011189186	0.928149825	0.247513642	0.003372263	1.471202738	0	0	0	0.229232298	0.003642287	0.979703314
434	1.258749292	-2.17549E-15	4.871817246	2.777423965	0.085179693	4.368347708	0.126530863	0	0.639064075	0.375618432	0.011236841	0.928150087	0.248282567	0.003398986	1.481024848	0	0	0	0.230244882	0.003674202	0.982966952
435	1.253632483	-2.1985E-15	4.87115942	2.779493445	0.085498222	4.364820585	0.127269901	0	0.641196345	0.376145606	0.011284646	0.928150333	0.249050538	0.003413399	1.486346565	0	0	0	0.231258028	0.003706384	0.985941795
436	1.248539425	-2.1985E-15	4.870498759	2.78154234	0.085817936	4.364538815	0.128009439	0	0.644766714	0.37667042	0.011332603	0.928150565	0.249816648	0.003443426	1.488179604	0	0	0	0.232271728	0.003738871	0.989477319
437	1.243469899	-2.1985E-15	4.86983525	2.783570995	0.086138841	4.363463334	0.128750579	0	0.648307249	0.377192894	0.011389481	0.928150783	0.250579659	0.003473883	1.489299153	0	0	0	0.233285974	0.00375544	0.992734716
438	1.238423692	-2.1985E-15	4.869168883	2.785577203	0.086460941	4.362235336	0.12949383	0	0.651465679	0.377713048	0.011451537	0.931064298	0.251341471	0.003486513	1.495903414	0	0	0	0.234300756	0.003771649	0.996025526
439	1.233400606	-2.1985E-15	4.868499645	2.787562677	0.086784241	4.361256639	0.130237461	0	0.654092331	0.378230898	0.011513886	0.93158723	0.252102291	0.003494964	1.49950368	0	0	0	0.235316068	0.003788682	0.99926905
440	1.228400453	-2.1985E-15	4.867817373	2.789529774	0.087108744	4.361700119	0.130980508	0	0.656248451	0.378746462	0.01157653	0.93158723	0.252860904	0.003505898	1.500778442	0	0	0	0.236331899	0.003819202	1.004292615
441	1.223423056	-2.20799E-15	4.867108603	2.791475431	0.087434455	4.361928165	0.131724478	0	0.660542475	0.379259755	0.011622447	0.93158723	0.253619037	0.003531075	1.502385939	0	0	0	0.237348242	0.003850149	1.007410735
442	1.218468253	-2.22922E-15	4.866396542	2.793399528	0.087761378	4.35987607	0.132469834	0	0.662606307	0.379770792	0.011668551	0.93173068	0.254376505	0.00355708	1.505005067	0	0	0	0.238365089	0.003878353	1.010502671
443	1.21353589	-2.22922E-15	4.865797186	2.795302156	0.088089519	4.358540551	0.133216345	0	0.664668259	0.380279586	0.011731612	0.93173068	0.255133593	0.003583403	1.508080483	0	0	0	0.23938243	0.003897558	1.016227337
444	1.208625825	-2.22922E-15	4.865122273	2.797184744	0.088418882	4.357906461	0.133963616	0	0.666692581	0.38078615	0.011813438	0.93173068	0.255889407	0.00360991	1.511485923	0	0	0	0.240400259	0.003915807	1.018963037
445	1.203737929	-2.22922E-15	4.864444076	2.799046416	0.08874947	4.357782292	0.134712463	0	0.668714281	0.381290494	0.011895169	0.93173068	0.256644131	0.003636367	1.513080455	0	0	0	0.241418566	0.0039344	1.022368061
446	1.198872081	-2.22922E-15	4.863755975	2.800888037	0.089081289	4.356648315	0.13546319	0	0.670734165	0.38179263	0.011959529	0.933581082	0.257396717	0.003660182	1.51458077	0	0	0	0.242437345	0.003953496	1.025200198
447	1.194028168	-2.22922E-15	4.863064921	2.80270993	0.089414344	4.355744546	0.136215986	0	0.672675972	0.382292566	0.012024694	0.933581082	0.258146761	0.003689635	1.515636146	0	0	0	0.243456589	0.003971327	1.027553735
448	1.189206092	-2.22922E-15	4.862370903	2.804510397	0.089748638	4.355790145	0.136971382	0	0.674190664	0.38279031	0.012090689	0.935063395	0.25889553	0.003708656	1.517920776	0	0	0	0.24447629	0.003989705	1.030175206
449	1.18440576	-2.23178E-15	4.861673907	2.806290678	0.090084176	4.357216279	0.137728998	0	0.675703248	0.383285869	0.012157002	0.936175762	0.259642256	0.003730505	1.519775159	0	0	0	0.24549644	0.004008628	1.032794212
450	1.17962709	-2.23178E-15	4.860973922	2.808050166	0.090420963	4.357102685	0.138488699	0	0.677628899	0.38377925	0.012222436	0.936179259	0.260387764	0.003754709	1.524964936	0	0	0	0.246517032	0.004030131	1.035410757
451	1.174870009	-2.23178E-15	4.860270935	2.809790644	0.090759004	4.357555066	0.139250257	0	0.680921093	0.384270457	0.012280096	0.936179619	0.261130573	0.003779059	1.526898725	0	0	0	0.247538059	0.004061055	1.038132259
452	1.170134452	-2.23178E-15	4.859564934	2.811511182	0.091098303	4.356807523	0.140013242	0	0.683685588	0.384759495	0.012343072	0.936179947	0.261872113	0.003803555	1.530432666	0	0	0	0.248559516	0.004085945	1.041179436
453	1.16542036	-2.23178E-15	4.858855905	2.813211442	0.091438864	4.35514422	0.140777987	0	0.686675372	0.385246368	0.012395544	0.936413422	0.26261245	0.003828432	1.532708235	0	0	0	0.249581394	0.004107632	1.04423479
454	1.160727686	-2.23178E-15	4.858143204	2.814893257	0.091780693	4.353497673	0.1415433	0	0.688439806	0.385731076	0.012452149	0.936493125	0.263350993	0.003853661	1.537938915	0	0	0	0.250603688	0.004133027	1.047293811
455	1.156056386	-2.23178E-15	4.857426978	2.816554406	0.092123794	4.352652597	0.14230982	0	0.69018588	0.386213623	0.012502224	0.936503169	0.264089374	0.003882505	1.542944197	0	0	0	0.251626391	0.004152824	1.050349873
456	1.151406427	-2.23178E-15	4.856707675	2.818194211	0.092468172	4.351261046	0.143078142	0	0.691906153	0.386694009	0.012560704	0.936512326	0.264827718	0.003903757	1.547147455	0	0	0	0.252649493	0.004181356	1.053402445
457	1.146777778	-2.23337E-15	4.855985283	2.819815277	0.092813831	4.350346933	0.143847597	0	0.693618104	0.387172233	0.012625609	0.936520674	0.265564127	0.003913199	1.54849762	0	0	0	0.253672988	0.004207207	1.05643837
458	1.142170413	-2.23178E-15	4.855259788	2.821417426	0.093160777	4.351074795	0.14461871	0	0.695912039	0.387648297	0.012663029	0.936640059	0.266298286	0.003939782	1.549845984	0	0	0	0.254696867	0.004231639	1.059500332
459	1.137584307	-2.23178E-15	4.854531178	2.823001725	0.093509013	4.348600017	0.145389502	0	0.698720667	0.3881222	0.012712641	0.936973692	0.267031139	0.003968771	1.560560676	0	0	0	0.255721127	0.004259814	1.062544585
460	1.133019438	-2.23337E-15	4.853799439	2.824566226	0.093858545	4.347721844	0.146160141	0	0.701533297	0.388593942	0.012765494	0.936976059	0.267764492	0.003982315	1.571837041	0	0	0	0.256745762	0.004290219	1.065585894
461	1.128475787	-2.23337E-15	4.853064559	2.826109712	0.094209378	4.349129247	0.146931655	0	0.704301827	0.389063522	0.012818517	0.937997773	0.268498562	0.004020586	1.578899697	0	0	0	0.257770763	0.004318272	1.068619343
462	1.123953334	-2.23337E-15	4.852326525	2.82763415	0.094561516	4.349914758	0.147702963	0	0.707226824	0.389530939	0.012871884	0.938087139	0.269232488	0.004056158	1.581851197	0	0	0	0.258796125	0.004346591	1.072220212
463	1.119452058	-2.23339E-15	4.851585324	2.829140364	0.094914964	4.349351509	0.148474707	0	0.710093818	0.389996194	0.012926106	0.938477756	0.269964834	0.004084843	1.585827439	0	0	0	0.259821842	0.004375076	1.075026874
464	1.114971935	-2.23348E-15	4.850840941	2.830627192	0.095269726	4.348117721	0.149247654	0	0.71293838	0.390459287	0.012980505	0.938608337	0.270696026	0.00410689	1.586916304	0	0	0	0.260847907	0.00440373	1.077826776
465	1.110512935	-2.23348E-15	4.850093365	2.832093924	0.095625809	4.347169791	0.150021519	0	0.715768337	0.39092022	0.013035082	0.938760662	0.27142709	0.004121269	1.592441272	0	0	0	0.261874311	0.004432552	1.080720365
466	1.106075029	-2.23348E-15	4.849342581	2.833539854	0.095983216	4.345775566	0.150796759	0	0.71810917	0.391378994	0.013089839	0.938760775	0.272158316	0.004160639	1.600205752	0	0	0	0.262901048	0.004461543	1.083733074
467	1.101658177	-2.23348E-15	4.848588576	2.834966437	0.096341952	4.344544772	0.151572527	0	0.720131171	0.391835612	0.013144774	0.939993457	0.272889136	0.004192038	1.601405292	0	0	0	0.263928111	0.004490752	1.086209033
468	1.097262337	-2.23348E-15	4.847831338	2.836373122	0.096702023	4.3432064	0.152349047	0	0.722585602	0.392290077	0.013188537	0.941672217	0.273619924	0.004218814	1.602740818	0	0	0	0.264955494	0.004520218	1.088997313
469	1.09288746	-2.23348E-15	4.847070852	2.837759824	0.097063434	4.341219342	0.153126565	0	0.727192586	0.392742392	0.013208434	0.941679015	0.27435057	0.004231089	1.603729647	0	0	0	0.265983187	0.004549376	1.091782696
470	1.088533493	-2.24363E-15	4.846307105	2.839127292	0.097426188	4.339694995	0.153905021	0	0.729846932	0.393192564	0.01327643	0.941679015	0.275080444	0.004243884	1.604893837	0	0	0	0.267011186	0.004573923	1.094565184
471	1.084200377	-2.24363E-15	4.845540083	2.840476205	0.097790292	4.339327097	0.154684153	0	0.731923036	0.393640597	0.01334502	0.942164272	0.275809186	0.004277089	1.607816625	0	0	0	0.268039482	0.004603277	1.097361092
472	1.079888046	-2.26465E-15	4.844769774	2.841807056	0.098155749	4.338247255	0.155463589	0	0.733988175	0.394086497	0.013414184	0.942442792	0.276536741	0.004310779	1.611762882	0	0	0	0.269068071	0.004622793	1.100167025
473	1.075596435	-2.26465E-15	4.843996162	2.843119464	0.098522566	4.336654846	0.156244081	0	0.736047652	0.39453027	0.013478751	0.942442792	0.277262803	0.004345337	1.618766711	0	0	0	0.270096947	0.0046474	1.103814752
474	1.071325471	-2.271E-15	4.843219235	2.844414244	0.098890747	4.335787577	0.157025749	0	0.738182429	0.394971924	0.013539035	0.943384075	0.277986509	0.004371709	1.621942499	0	0	0	0.271126104	0.004672279	1.107831675
475	1.067075082	-2.27726E-15	4.842517746	2.84569172	0.099260297	4.334199493	0.157807236	0	0.740946986	0.395411465	0.013613411	0.943392116	0.278708961	0.004376886	1.628365828	0	0	0	0.272155536	0.004697085	1.110854066
476	1.062845193	-2.27726E-15	4.841951929	2.846952792	0.099631221	4.333333482	0.158587839	0	0.743747736	0.3958489	0.013688149	0.945408709	0.279430039	0.004416485	1.634595334	0	0	0	0.273185236	0.004721888	1.113831064
477	1.05863573	-2.27726E-15	4.841270251	2.848195581	0.100003525	4.332992783	0.159368784	0	0.746154312	0.396284238	0.013763252	0.945408758	0.280150469	0.004442343	1.644245066	0	0	0	0.274215199	0.004746808	1.116805035
478	1.054446615	-2.30943E-15	4.840639885	2.849419527	0.100377213	4.332513584	0.160150729	0	0.74855854	0.396717484	0.013834067	0.946820873	0.280870229	0.004463704	1.648948186	0	0	0	0.275245415	0.004772079	1.119776102
479	1.050277773	-2.30943E-15	4.840212238	2.850625495	0.10075229	4.330975235	0.160934228	0	0.751278079	0.397148648	0.013905064	0.946820873	0.281587977	0.004474829	1.651176051	0	0	0	0.27627588	0.004797678	1.122852534
480	1.046129124	-2.30943E-15	4.839698827	2.851812183	0.101128762	4.331471205	0.161719504	0	0.753243085	0.397577736	0.013976506	0.946820873	0.282304869	0.004479905	1.655904541	0	0	0	0.277306584	0.004831492	1.12560938
481	1.042000591	-2.30943E-15	4.839135948	2.852978406	0.101506633	4.333501522	0.162507114	0	0.755539088	0.398004757	0.014048339	0.947090058	0.283021611	0.004512816	1.656981912	0	0	0	0.278337522	0.004867911	1.127855797
482	1.037892094	-2.30943E-15	4.838563801	2.854124838	0.10188591	4.332592137	0.163296236	0	0.758138984	0.398429718	0.014120698	0.947112412	0.283738429	0.004536505	1.661419555	0	0	0	0.279368685	0.00489864	1.130099787
483	1.033803555	-2.31078E-15	4.837849988	2.855254887	0.102266596	4.330618709	0.164085648	0	0.760727844	0.398852628	0.01416653	0.947112518	0.284453214	0.004543503	1.66534458	0	0	0	0.280400068	0.004925029	1.133723827
484	1.029734893	-2.31078E-15	4.837079897	2.856368423	0.102648697	4.329501065	0.164875416	0	0.764002209	0.399273495	0.014205389	0.947112617	0.285166108	0.004587262	1.673490143	0	0	0	0.281431664	0.004951547	1.137625541
485	1.025686031	-2.31078E-15	4.83630667	2.857465456	0.103032219	4.326962837	0.165665474	0	0.765905986	0.399692327	0.014252155	0.947737472	0.285877245	0.004605775	1.675704455	0	0	0	0.282463468	0.00497916	1.142079963
486	1.021656891	-2.31078E-15	4.835530294	2.858546292	0.103417166	4.327197338	0.166455224	0	0.768477035	0.400109133	0.014308215	0.94914369	0.286586988	0.004611233	1.677275896	0	0	0	0.283495472	0.005013136	1.146784975
487	1.017647395	-2.31078E-15	4.834750756	2.859611144	0.103803544	4.32844171	0.16724566	0	0.771045702	0.400523919	0.014346538	0.94914369	0.28729421	0.004622626	1.678782033	0	0	0	0.284527672	0.005047331	1.149666757
488	1.013657466	-2.31408E-15	4.833968043	2.860659675	0.104191359	4.327135281	0.168036944	0	0.773611988	0.400936695	0.014402598	0.949694435	0.287999159	0.004655827	1.680287098	0	0	0	0.285560061	0.005078774	1.152391048
489	1.009687028	-2.31408E-15	4.833278425	2.861689395	0.104580614	4.327245749	0.168829761	0	0.77578393	0.401347468	0.014467961	0.949694435	0.288703715	0.004689751	1.682969857	0	0	0	0.286592633	0.005108061	1.15588671
490	1.005736002	-2.31078E-15	4.832922506	2.862701074	0.104971317	4.326146162	0.169624011	0	0.777835551	0.401756247	0.014533923	0.949694435	0.289407285	0.004708795	1.686125709	0	0	0	0.287625381	0.005137502	1.159353173
491	1.001804308	-2.31408E-15	4.832573554	2.86369606	0.105363471	4.325150012	0.170417893	0	0.779885512	0.402163039	0.014580878	0.949694435	0.290110399	0.004741673	1.692168634	0	0	0	0.288658301	0.005162162	1.162548956
492	0.997891861	-2.31408E-15	4.832223443	2.864674642	0.105757082	4.323855147	0.171210534	0	0.781933814	0.402567854	0.014625152	0.951674239	0.290813723	0.004763095	1.697966515	0	0	0	0.289691387	0.005174074	1.167465027
493	0.993998574	-2.31408E-15	4.831554729	2.865636742	0.106152157	4.322417931	0.172002669	0	0.783980458	0.402970699	0.01470098	0.951674239	0.291516683	0.004781225	1.700423802	0	0	0	0.290724634	0.005213057	1.171280195
494	0.990124354	-2.31408E-15	4.830736862	2.866581191	0.106548699	4.32126913	0.172795491	0	0.786025447	0.403371585	0.014777158	0.951674239	0.292219344	0.004789558	1.704013157	0	0	0	0.291758034	0.005253049	1.174516402
495	0.986269105	-2.31408E-15	4.829911776	2.867507242	0.106946715	4.320020271	0.173589071	0	0.78806878	0.40377052	0.014853688	0.951674239	0.29292248	0.004808566	1.706258392	0	0	0	0.292791582	0.005285217	1.176904583
496	0.982432721	-2.32012E-15	4.829076328	2.86841638	0.107346209	4.32172565	0.174382864	0	0.790431691	0.404167516	0.014930571	0.952025225	0.29362525	0.004837074	1.711294177	0	0	0	0.293825269	0.005309515	1.181082115
497	0.97861509	-2.32012E-15	4.828235678	2.869308376	0.107747188	4.320957863	0.175177202	0	0.792706833	0.404562583	0.015005999	0.953202411	0.294327659	0.004859466	1.715852874	0	0	0	0.294859091	0.005334088	1.185371229
498	0.974816093	-2.32012E-15	4.827392766	2.870183479	0.108149657	4.319488862	0.175972523	0	0.794782494	0.404955732	0.015074932	0.95321959	0.29502913	0.00490421	1.718078794	0	0	0	0.295893041	0.005358875	1.187801869
499	0.971035608	-2.32012E-15	4.82693316	2.871040514	0.108553621	4.321245624	0.176769623	0	0.79685631	0.405346977	0.015149335	0.953272507	0.295730165	0.004930699	1.728656699	0	0	0	0.296927112	0.005393152	1.191841006
500	0.967273501	-2.32361E-15	4.826529841	2.871883216	0.107868311	4.319784124	0.177567069	0	0.799056222	0.405736329	0.015239455	0.953597119	0.296428585	0.004966401	1.732871567	0	0	0	0.297961299	0.005433455	1.195866479
501	0.963529639	-2.32361E-15	4.826120246	2.872711388	0.108266486	4.320034486	0.178364319	0	0.801786351	0.406123803	0.015321197	0.95366289	0.297125254	0.004973217	1.734127538	0	0	0	0.298995597	0.005472579	1.199867411
502	0.959803885	-2.34887E-15	4.825285695	2.873524359	0.108666103	4.319752262	0.179162674	0	0.804514037	0.406509411	0.015383195	0.953695451	0.297819673	0.00498734	1.735277993	0	0	0	0.300029998	0.005504253	1.203889375
503	0.9560961	-2.34855E-15	4.824443942	2.87431974	0.109067169	4.318696701	0.17996261	0	0.807239281	0.406893167	0.015444102	0.953726312	0.298513882	0.004991385	1.736237587	0	0	0	0.301064499	0.005536097	1.207891638
504	0.952406149	-2.34887E-15	4.823592238	2.875097276	0.109469688	4.31807522	0.180764186	0	0.809962085	0.407275086	0.015505197	0.953755562	0.299208209	0.004995685	1.737196636	0	0	0	0.302099093	0.005575763	1.21188779
505	0.948733896	-2.34887E-15	4.82273691	2.875858892	0.109873665	4.317169269	0.181567207	0	0.812657236	0.40765518	0.01556648	0.953783288	0.299901052	0.005027343	1.73815514	0	0	0	0.303133773	0.005601097	1.215859129
506	0.945079208	-2.34887E-15	4.822020231	2.876604906	0.110279105	4.31638248	0.182371661	0	0.815117238	0.408033464	0.015635155	0.954158755	0.300592228	0.005060491	1.744751374	0	0	0	0.304168533	0.00563175	1.21875817
507	0.941441956	-2.34887E-15	4.821338284	2.877333691	0.110686014	4.316601068	0.183178017	0	0.817573921	0.40840995	0.015734541	0.955559179	0.301283018	0.005097959	1.755368853	0	0	0	0.305203369	0.0056638	1.221343561
508	0.937822017	-2.34887E-15	4.820654357	2.878045835	0.111094396	4.315515675	0.183986063	0	0.820027289	0.40878465	0.015834802	0.955605065	0.301973163	0.005130551	1.76237684	0	0	0	0.306238272	0.005692877	1.223925776
509	0.934219271	-2.34887E-15	4.819968444	2.878743311	0.111504257	4.315005533	0.18479509	0	0.822544274	0.409157578	0.015935655	0.95646349	0.302661509	0.005158969	1.763732124	0	0	0	0.30727324	0.005717448	1.226504817
510	0.930633604	-2.34887E-15	4.81928054	2.879426125	0.111915602	4.313911376	0.185605055	0	0.824907305	0.409528745	0.016037103	0.957829672	0.303348204	0.005189641	1.766679938	0	0	0	0.308308266	0.005754276	1.229080689
511	0.927064908	-2.34887E-15	4.818604195	2.880093614	0.112328435	4.312635705	0.186416	0	0.827359893	0.409898162	0.016100687	0.957838399	0.304033972	0.005222724	1.773742311	0	0	0	0.309343345	0.005773852	1.231653397
512	0.923513078	-2.34887E-15	4.817912419	2.880745271	0.112742763	4.313287702	0.18722786	0	0.829807709	0.410265839	0.016176955	0.957838399	0.304719481	0.005256005	1.781938464	0	0	0	0.310378471	0.005793661	1.234222942
513	0.919978017	-2.34887E-15	4.817211726	2.881380011	0.113158589	4.312851728	0.18804137	0	0.832244573	0.410631788	0.016259221	0.957838399	0.305405175	0.00528941	1.783507202	0	0	0	0.311413639	0.005831717	1.236789331
514	0.91645963	-2.34887E-15	4.816520964	2.881997661	0.11357592	4.312576718	0.188856847	0	0.834678149	0.410996016	0.016330964	0.957838441	0.306091003	0.005316652	1.78496644	0	0	0	0.312448842	0.005861654	1.239352566
515	0.912957825	-2.34887E-15	4.815828228	2.882599975	0.113994761	4.312324435	0.189674271	0	0.839848604	0.411358535	0.016404058	0.957839188	0.306775319	0.005337761	1.786424479	0	0	0	0.313484075	0.005882817	1.242234023
516	0.909472513	-2.34887E-15	4.815133513	2.883186779	0.114415117	4.310891272	0.190493224	0	0.842531991	0.411719352	0.016476166	0.957839893	0.307458801	0.005356165	1.790577047	0	0	0	0.314519331	0.005913328	1.246931317
517	0.906003607	-2.34887E-15	4.814436815	2.883759885	0.114836993	4.310586891	0.191313412	0	0.844902176	0.412078477	0.016549686	0.958083251	0.308140013	0.005380633	1.79850999	0	0	0	0.315554607	0.005949517	1.249764264
518	0.902551022	-2.34887E-15	4.813731733	2.884318076	0.115260394	4.310414033	0.192135215	0	0.846899308	0.412435917	0.016621991	0.958124726	0.308819874	0.005414063	1.799809758	0	0	0	0.316589896	0.005970694	1.252534477
519	0.899114674	-2.34887E-15	4.813023957	2.884863727	0.115685326	4.309105838	0.192957524	0	0.848489171	0.412791681	0.016694916	0.959580767	0.3094972	0.005425557	1.801221657	0	0	0	0.317625195	0.005991151	1.255301428
520	0.895694477	-2.34887E-15	4.812153423	2.885396283	0.116111794	4.307883896	0.193779255	0	0.850913886	0.413145777	0.016768806	0.959580767	0.310173708	0.005444429	1.802520038	0	0	0	0.318660501	0.006011915	1.258065122
521	0.892290347	-2.34887E-15	4.811233208	2.885916696	0.116539803	4.30790713	0.194600655	0	0.852933022	0.413498213	0.016827424	0.959580767	0.310848278	0.005464482	1.807892609	0	0	0	0.31969581	0.006041988	1.260825563
522	0.888902203	-2.36465E-15	4.810308975	2.886422681	0.116969359	4.306587483	0.195422566	0	0.855393172	0.413848997	0.016873584	0.959580767	0.311522437	0.005486332	1.809152897	0	0	0	0.320731117	0.00607765	1.263428081
523	0.885529961	-2.36465E-15	4.809380706	2.886913715	0.117400467	4.305134534	0.196245766	0	0.858090357	0.414198135	0.016919811	0.960042076	0.312196008	0.005514031	1.810238046	0	0	0	0.321766415	0.006113933	1.265752712
524	0.882173536	-2.36465E-15	4.808448385	2.887393143	0.117833133	4.30391714	0.197069223	0	0.861926149	0.414545637	0.017002718	0.96070606	0.312866761	0.005560826	1.814522166	0	0	0	0.322801701	0.006136761	1.268074294
525	0.878832841	-2.36465E-15	4.807511994	2.88785991	0.118267361	4.303146046	0.197892907	0	0.864605711	0.414891509	0.017108172	0.960715609	0.313535865	0.005585688	1.825448171	0	0	0	0.323836968	0.00617452	1.271907314
526	0.875507788	-2.36465E-15	4.806571516	2.888311931	0.118703157	4.302724539	0.19871786	0	0.866378537	0.415235759	0.017192835	0.960724784	0.314204449	0.005600254	1.827197633	0	0	0	0.324872212	0.006195904	1.274647933
527	0.872198291	-2.3689E-15	4.805815897	2.888748833	0.119140527	4.302094921	0.199544249	0	0.868212655	0.415578395	0.01726397	0.960733599	0.314872804	0.005638206	1.828683939	0	0	0	0.325907427	0.006211806	1.277574723
528	0.868904259	-2.3689E-15	4.805077185	2.889170797	0.119579476	4.300562454	0.200372305	0	0.870016141	0.415919426	0.017335351	0.96074207	0.315540606	0.005657686	1.835031488	0	0	0	0.326942608	0.006238835	1.280048572
529	0.865625602	-2.37086E-15	4.804173802	2.889579454	0.119975749	4.299944473	0.201201617	0	0.871801884	0.416258857	0.017406978	0.960886708	0.31620672	0.005681566	1.836366534	0	0	0	0.327977749	0.006260601	1.282318534
530	0.862362225	-2.37086E-15	4.803260953	2.889976328	0.120419721	4.298258861	0.202031662	0	0.873585071	0.416596699	0.017478852	0.961597925	0.316870238	0.005690209	1.837700264	0	0	0	0.329012846	0.006297952	1.28458629
531	0.859114037	-2.37086E-15	4.802344388	2.890361453	0.120865318	4.29764616	0.202862104	0	0.875764201	0.416932959	0.017556422	0.961597925	0.317531552	0.005709634	1.839032679	0	0	0	0.330047896	0.00634004	1.286841187
532	0.855880942	-2.37086E-15	4.801424091	2.890733776	0.121312546	4.297322231	0.203692754	0	0.878525468	0.417267645	0.017638113	0.962708388	0.31819199	0.005750532	1.841745949	0	0	0	0.331082893	0.00637463	1.289093814
533	0.852662849	-2.37086E-15	4.800496477	2.891091595	0.12176141	4.295659491	0.204523876	0	0.881284223	0.417600765	0.017720138	0.962728265	0.318853082	0.005780956	1.844774427	0	0	0	0.332117833	0.006407895	1.291344268
534	0.849459665	-2.37086E-15	4.799562524	2.89143488	0.122211915	4.295255435	0.205356286	0	0.883462464	0.417932327	0.017802499	0.962728265	0.319514133	0.005812306	1.855778157	0	0	0	0.333152709	0.006441318	1.293934687
535	0.846271297	-2.37086E-15	4.798624737	2.891763744	0.122664069	4.294729204	0.206190185	0	0.885388486	0.41826234	0.017885196	0.962728265	0.320174917	0.005818513	1.857493144	0	0	0	0.334187517	0.006472213	1.297158484
536	0.843097653	-2.37086E-15	4.797683102	2.89207973	0.123117876	4.29310028	0.207025515	0	0.889618825	0.418590812	0.017968231	0.962728265	0.32083404	0.005840818	1.858557354	0	0	0	0.33522225	0.006502346	1.30126965
537	0.83993864	-2.37086E-15	4.796737605	2.892383983	0.123573344	4.291635373	0.207861717	0	0.892234538	0.41891775	0.018051605	0.963640456	0.321491004	0.005854638	1.859620632	0	0	0	0.336256906	0.006532594	1.304730897
538	0.836794165	-2.37086E-15	4.795788228	2.89267587	0.124030476	4.290477156	0.208698373	0	0.894290675	0.419243164	0.01813532	0.963640456	0.322146947	0.005864311	1.86068298	0	0	0	0.337291481	0.006562959	1.307390852
539	0.833664139	-2.37086E-15	4.794834958	2.892955867	0.124489281	4.289623345	0.209535084	0	0.896343317	0.419567062	0.018219377	0.963900965	0.322801879	0.005887672	1.861744398	0	0	0	0.338325969	0.00659344	1.309635274
540	0.830548473	-2.37086E-15	4.79387778	2.893224315	0.124949763	4.288715857	0.210372152	0	0.898392468	0.419889452	0.018304168	0.964258266	0.323455242	0.005892353	1.863114349	0	0	0	0.339360365	0.006624037	1.311876862
541	0.82744708	-2.37086E-15	4.792916677	2.893480853	0.125411928	4.288924978	0.211209735	0	0.900438137	0.420210342	0.018385168	0.964278281	0.324107324	0.005914068	1.869403864	0	0	0	0.340394666	0.006654752	1.314115621
542	0.824359873	-2.37086E-15	4.791951634	2.893726636	0.125875783	4.288455347	0.212047451	0	0.902473887	0.42052974	0.018465976	0.964278281	0.324757432	0.005949528	1.87152975	0	0	0	0.341428867	0.006685585	1.316351554
543	0.821286768	-2.37086E-15	4.790982637	2.893961202	0.126341334	4.287772559	0.212884849	0	0.90447177	0.420847655	0.018547092	0.96507053	0.325406563	0.005970277	1.874581031	0	0	0	0.342462963	0.006716535	1.319757109
544	0.818227681	-2.37086E-15	4.790009669	2.894185295	0.126808586	4.286254845	0.213722066	0	0.906466232	0.421164095	0.018647836	0.965123202	0.326053914	0.006009235	1.877289459	0	0	0	0.34349695	0.006747603	1.323280375
545	0.81518253	-2.37086E-15	4.78903446	2.894399815	0.127277546	4.285588238	0.21455926	0	0.908457281	0.421479068	0.018734174	0.965588202	0.326698505	0.006048011	1.879290969	0	0	0	0.344530823	0.00677879	1.326375277
546	0.812151234	-2.37086E-15	4.78805994	2.894603073	0.12774822	4.286190514	0.215397144	0	0.910448181	0.421792581	0.018821421	0.965805793	0.327341388	0.006071391	1.881117319	0	0	0	0.34556458	0.00681014	1.328813016
547	0.809133716	-2.37086E-15	4.787081462	2.894793192	0.128220613	4.286633289	0.216236193	0	0.912866425	0.422104644	0.018908929	0.965805793	0.32798404	0.006090685	1.888033667	0	0	0	0.346598215	0.006844768	1.331766477
548	0.806129899	-2.37086E-15	4.786112798	2.894970394	0.128694733	4.285819168	0.217076572	0	0.915311273	0.422415265	0.018996071	0.966792908	0.328626147	0.006095856	1.895349655	0	0	0	0.347631723	0.006890586	1.334504368
549	0.803139705	-2.37086E-15	4.785168023	2.895136407	0.129170249	4.284820867	0.217917205	0	0.917614755	0.42272445	0.01911117	0.967077782	0.329267132	0.006101093	1.900679026	0	0	0	0.3486651	0.006936802	1.337214704
550	0.800163062	-2.37086E-15	4.784362084	2.895291009	0.129645327	4.283303046	0.218758112	0	0.919915084	0.42303221	0.019228974	0.967504463	0.329907265	0.006134287	1.902832702	0	0	0	0.349698343	0.006982966	1.339914492
551	0.797199895	-2.37086E-15	4.783596394	2.895433858	0.130122113	4.282855399	0.219599905	0	0.922212262	0.423338551	0.019347457	0.968202808	0.330546346	0.006146558	1.906201724	0	0	0	0.350731445	0.007028587	1.342611089
552	0.794250132	-2.37086E-15	4.782828647	2.895565634	0.130600614	4.284144695	0.220441927	0	0.926957184	0.423643483	0.019462155	0.968202815	0.331184421	0.00619668	1.909783716	0	0	0	0.351764403	0.007072562	1.345304499
553	0.791313701	-2.37086E-15	4.782058837	2.895687858	0.131080834	4.28332385	0.22128262	0	0.929354994	0.423947013	0.019571543	0.968202821	0.331821594	0.006247824	1.913754572	0	0	0	0.352797215	0.007119476	1.347994724
554	0.78839053	-2.37086E-15	4.781286959	2.89579951	0.131562781	4.283123292	0.222122622	0	0.930990156	0.42424915	0.019635482	0.968820603	0.332458313	0.006277356	1.921035796	0	0	0	0.353829875	0.007167154	1.350672212
555	0.785480549	-2.37086E-15	4.780513009	2.89590025	0.13204646	4.281889976	0.222963175	0	0.932623826	0.424549903	0.01969688	0.969113726	0.333093744	0.006282376	1.924034484	0	0	0	0.35486238	0.007215137	1.353324776
556	0.782583688	-2.37086E-15	4.779736981	2.895991148	0.132531877	4.281805168	0.22380465	0	0.934256006	0.424849279	0.019806723	0.969113732	0.33372651	0.006315747	1.92739368	0	0	0	0.355894725	0.007263425	1.356398795
557	0.779699877	-2.37086E-15	4.77895887	2.896070816	0.133019037	4.280627895	0.224647028	0	0.935929421	0.425147289	0.019833541	0.969113737	0.334358084	0.006326417	1.938956602	0	0	0	0.356926907	0.007312021	1.360497891
558	0.776829045	-2.37086E-15	4.778178672	2.896139291	0.133507948	4.280825737	0.225490488	0	0.93820467	0.42544394	0.019890081	0.969113742	0.334988315	0.006358445	1.94162646	0	0	0	0.357958921	0.007358725	1.364590068
559	0.773971122	-2.37179E-15	4.777396381	2.896196163	0.133998614	4.279863967	0.226335235	0	0.940476802	0.425739241	0.01998034	0.969113747	0.335617477	0.006410263	1.943882174	0	0	0	0.358990762	0.00738582	1.368675338
560	0.771126036	-2.37179E-15	4.776611993	2.896241372	0.134491042	4.279356881	0.22718098	0	0.942745823	0.426033202	0.020071644	0.969113751	0.336245983	0.006443492	1.945876071	0	0	0	0.360022427	0.007405218	1.371482921
561	0.768293713	-2.37086E-15	4.775825502	2.896277224	0.134985237	4.278367782	0.228026353	0	0.944943378	0.426325832	0.02016368	0.969113756	0.336872965	0.006475554	1.948496405	0	0	0	0.361053912	0.007417095	1.373754676
562	0.765474079	-2.37086E-15	4.775036903	2.896303568	0.135481206	4.277268232	0.228871155	0	0.946823051	0.426617141	0.020256091	0.96911376	0.337498843	0.006480293	1.952701394	0	0	0	0.362085215	0.007446168	1.377232223
563	0.762667057	-2.37086E-15	4.774246192	2.896319429	0.135978956	4.277679289	0.229716005	0	0.948699546	0.426907137	0.020348878	0.969113764	0.338124042	0.006493538	1.953599824	0	0	0	0.36311633	0.007483881	1.380811491
564	0.759872572	-2.37086E-15	4.773453364	2.896324434	0.136478491	4.276142831	0.230561228	0	0.950572867	0.42719583	0.020442044	0.969113768	0.338748682	0.006498153	1.957713753	0	0	0	0.364147255	0.007520699	1.384384711
565	0.757090542	-2.37179E-15	4.772658412	2.896320344	0.136979817	4.274709022	0.231406875	0	0.952692328	0.427483231	0.020535648	0.969113771	0.339371024	0.006521077	1.958594051	0	0	0	0.365177985	0.007548261	1.387951895
566	0.754320885	-2.37179E-15	4.771861333	2.896307055	0.137482942	4.274804462	0.232252357	0	0.955029034	0.427769349	0.020629634	0.969113775	0.339991836	0.006563665	1.959463616	0	0	0	0.366208518	0.007568648	1.391513051
567	0.751563517	-2.37179E-15	4.771062121	2.896284016	0.137987871	4.273956496	0.233097877	0	0.957362378	0.428054195	0.020724004	0.969113778	0.340611543	0.006601905	1.960332237	0	0	0	0.367238851	0.007584145	1.394205136
568	0.748818352	-2.37179E-15	4.770260771	2.896250324	0.138494611	4.272624796	0.233943568	0	0.959680166	0.428337778	0.020818758	0.969467086	0.341230998	0.006644232	1.961199915	0	0	0	0.36826898	0.007619293	1.396842131
569	0.746085302	-2.37179E-15	4.769448884	2.896206452	0.138960142	4.271768787	0.234789769	0	0.961993531	0.428620109	0.020913898	0.969467207	0.341849466	0.006678243	1.968460406	0	0	0	0.3692989	0.007642094	1.399475633
570	0.743364277	-2.37246E-15	4.768601155	2.896151331	0.139464166	4.270536626	0.235636837	0	0.964318158	0.428901199	0.021009426	0.969467324	0.342467747	0.006698731	1.970049462	0	0	0	0.370328608	0.007680751	1.401875891
571	0.740655186	-2.37246E-15	4.767750919	2.896085732	0.139978594	4.269641374	0.236484581	0	0.966654263	0.429181058	0.021105344	0.969467435	0.343085342	0.006751203	1.975408159	0	0	0	0.371358101	0.007715158	1.404247226
572	0.737957937	-2.37246E-15	4.76689817	2.896010105	0.140494891	4.268901794	0.237332937	0	0.968978823	0.429459696	0.021201652	0.969862177	0.343701951	0.006803761	1.986256172	0	0	0	0.372387374	0.00775492	1.406608662
573	0.735272436	-2.37246E-15	4.766042901	2.895925228	0.141013062	4.267497121	0.238181815	0	0.971685813	0.429737124	0.021298352	0.970251122	0.344316972	0.006844133	1.994377781	0	0	0	0.373416426	0.007798001	1.408722901
574	0.732598589	-2.37246E-15	4.765185105	2.895830768	0.141533221	4.267594025	0.239031345	0	0.974322884	0.430013352	0.021395447	0.970336401	0.344930693	0.006850434	1.995398648	0	0	0	0.374445253	0.007837278	1.410907268
575	0.729936306	-2.37246E-15	4.764324775	2.895726453	0.142055757	4.265738902	0.239881543	0	0.976568148	0.43028839	0.021492937	0.970371812	0.345543457	0.006856755	2.004194441	0	0	0	0.375473851	0.007876737	1.413045204
576	0.727285494	-2.37246E-15	4.763461903	2.895612865	0.142580189	4.264624363	0.240732508	0	0.978810379	0.430562249	0.021590823	0.970381073	0.346154667	0.006883105	2.005749939	0	0	0	0.376502217	0.00791638	1.415608977
577	0.724646064	-2.37246E-15	4.762596483	2.895490301	0.143106524	4.263150163	0.241584655	0	0.98104958	0.430834937	0.021689109	0.970390107	0.346763696	0.006896214	2.008885959	0	0	0	0.377530348	0.007956312	1.418945603
578	0.722017925	-2.37246E-15	4.761728507	2.895358772	0.143634768	4.261486387	0.242437565	0	0.983285755	0.431106465	0.021787794	0.970395892	0.347371034	0.006899706	2.010529026	0	0	0	0.378558239	0.007996759	1.421804873
579	0.719400993	-2.37246E-15	4.760857969	2.895218537	0.144162944	4.260438359	0.243290639	0	0.985510566	0.431376841	0.021887477	0.970396039	0.3479771	0.006909074	2.011981553	0	0	0	0.379585891	0.008037857	1.424929976
580	0.71679518	-2.37246E-15	4.759984861	2.895069525	0.144692214	4.259090728	0.244144351	0	0.987718361	0.431646075	0.021987708	0.970396176	0.34858157	0.006947059	2.013411186	0	0	0	0.380613299	0.008079152	1.428289001
581	0.714200406	-2.3743E-15	4.759109176	2.894910469	0.145223375	4.258077858	0.244999017	0	0.989923179	0.431914176	0.02208835	0.970396304	0.349185471	0.006963629	2.021314335	0	0	0	0.38164046	0.008128111	1.430909368
582	0.71161659	-2.3743E-15	4.758230907	2.894742435	0.145756432	4.257052595	0.24585473	0	0.992125024	0.432181151	0.022189406	0.97092335	0.349787721	0.006988841	2.028342133	0	0	0	0.382667372	0.008193312	1.433626595
583	0.709043655	-2.3743E-15	4.757350046	2.894565314	0.146291392	4.255942966	0.246711008	0	0.994997061	0.432447009	0.022290877	0.972009539	0.350388983	0.007017643	2.02955841	0	0	0	0.383694031	0.008255643	1.437379984
584	0.706481525	-2.37591E-15	4.756466587	2.894379065	0.145851857	4.255028201	0.247567426	0	0.996810762	0.432711758	0.022392764	0.97201876	0.350989793	0.007049639	2.030639536	0	0	0	0.384720433	0.00830261	1.440928005
585	0.703930127	-2.37591E-15	4.755580523	2.894184186	0.146134949	4.254059333	0.248423912	0	0.998857336	0.432975405	0.02249507	0.972022417	0.351589794	0.007082174	2.031718969	0	0	0	0.385746576	0.008349829	1.443395241
586	0.701389392	-2.37591E-15	4.754691845	2.893979862	0.146666801	4.252873085	0.249281235	0	1.001118827	0.433237957	0.022597796	0.972025832	0.352189098	0.007099044	2.032796713	0	0	0	0.386772457	0.008391402	1.446423576
587	0.698859253	-2.37591E-15	4.753800548	2.89376698	0.147200528	4.252897812	0.250139604	0	1.00337708	0.433499422	0.022679517	0.972029025	0.35278667	0.007117839	2.035999645	0	0	0	0.387798071	0.008426123	1.451197925
588	0.696339645	-2.37591E-15	4.752901176	2.893545518	0.147736134	4.252564129	0.250998594	0	1.005632098	0.433759805	0.022798571	0.972032005	0.35338302	0.007154503	2.042908987	0	0	0	0.388823417	0.008460968	1.454919466
589	0.693830506	-2.37717E-15	4.751998298	2.893316802	0.148273628	4.250710668	0.251857597	0	1.008087465	0.434019114	0.0229059	0.97203479	0.353977488	0.007185667	2.044587242	0	0	0	0.389848493	0.008482957	1.457058041
590	0.691331775	-2.37717E-15	4.751092727	2.893079896	0.148813013	4.249151645	0.252716683	0	1.010498272	0.434277355	0.02300891	0.972037393	0.354570996	0.007222247	2.045404014	0	0	0	0.390873295	0.008501254	1.460741084
591	0.688843396	-2.37717E-15	4.750184453	2.892835554	0.149354298	4.249765208	0.253575525	0	1.012395705	0.434534533	0.023112337	0.972039825	0.35516317	0.00725941	2.049271292	0	0	0	0.391897821	0.008550032	1.46494675
592	0.686365314	-2.37717E-15	4.749163436	2.892582251	0.149897488	4.249267767	0.254434359	0	1.015039648	0.434790655	0.023216182	0.972042098	0.355755353	0.007283758	2.054047773	0	0	0	0.392922068	0.008599321	1.468205588
593	0.683897477	-2.37717E-15	4.748221495	2.892319982	0.150442589	4.248047012	0.255293704	0	1.017787911	0.435045726	0.023320446	0.972044222	0.35634708	0.00730431	2.061430586	0	0	0	0.393946032	0.008637237	1.471448979
594	0.681439834	-2.37717E-15	4.747154232	2.89204909	0.150989607	4.246827805	0.256152983	0	1.020497144	0.43529975	0.023425131	0.972046207	0.356938632	0.007308505	2.066914421	0	0	0	0.394969711	0.008672657	1.47468696
595	0.678992337	-2.37717E-15	4.745988353	2.891770169	0.15153855	4.245051132	0.257012435	0	1.02297744	0.435552734	0.023530238	0.972048063	0.357529223	0.007329333	2.071730633	0	0	0	0.395993102	0.008713116	1.477919539
596	0.676554937	-2.37717E-15	4.744817632	2.891482789	0.152089422	4.244435596	0.257872015	0	1.025116266	0.435804682	0.02363577	0.972448039	0.358119376	0.007332286	2.072905237	0	0	0	0.397016201	0.008756752	1.481146726
597	0.674127587	-2.37717E-15	4.743642047	2.891188013	0.15264223	4.244660828	0.258731904	0	1.027137121	0.4360556	0.023742375	0.972448039	0.358707891	0.007354284	2.074079027	0	0	0	0.398039005	0.008800957	1.485570769
598	0.671710241	-2.37717E-15	4.742461582	2.890885245	0.153196982	4.243422064	0.259592136	0	1.030403612	0.436305492	0.023849571	0.972448039	0.359295373	0.007395274	2.075252004	0	0	0	0.399061513	0.008857735	1.488132896
599	0.66930285	-2.37717E-15	4.741293904	2.890575644	0.153753682	4.242321548	0.260451238	0	1.032642896	0.436554364	0.023957204	0.972448039	0.359882182	0.007401856	2.076424169	0	0	0	0.400083722	0.00892134	1.490785753
600	0.666905369	-2.37717E-15	4.740152016	2.890258365	0.154312337	4.240912472	0.261309903	0	1.034593578	0.436802221	0.024065274	0.973229647	0.360468514	0.007428689	2.077595522	0	0	0	0.401105628	0.008985343	1.493967593
601	0.664517751	-2.37717E-15	4.739005661	2.889932919	0.154872954	4.239685205	0.262169019	0	1.036895222	0.437049068	0.024173783	0.973907853	0.361054015	0.007468374	2.078766064	0	0	0	0.402127228	0.0090498	1.497144209
602	0.662139948	-2.37717E-15	4.737850307	2.889599331	0.155435539	4.238381141	0.263028824	0	1.039428104	0.43729491	0.024282733	0.973921688	0.361638467	0.007494801	2.079935796	0	0	0	0.403148521	0.009083538	1.499744692
603	0.659771913	-2.37717E-15	4.736689202	2.88925693	0.156000099	4.236655587	0.263889412	0	1.041444877	0.437539752	0.024392126	0.974567361	0.36222249	0.00753931	2.081095309	0	0	0	0.404169502	0.009112367	1.502123324
604	0.657413599	-2.3789E-15	4.735523532	2.888909069	0.156566639	4.234894081	0.264750301	0	1.043448753	0.437783601	0.024457385	0.974568801	0.36280326	0.007574298	2.082251356	0	0	0	0.40519017	0.009141939	1.50447805
605	0.655064957	-2.37717E-15	4.73435328	2.888553111	0.157116445	4.234675262	0.265611809	0	1.045711853	0.438026461	0.024512542	0.974666358	0.36338314	0.007627353	2.083406612	0	0	0	0.406210522	0.009193415	1.506826703
606	0.652725942	-2.37717E-15	4.733178431	2.888188563	0.157686907	4.23345811	0.26647402	0	1.048519678	0.438268337	0.02456776	0.974717948	0.363962581	0.007654527	2.089226575	0	0	0	0.407230557	0.009245384	1.509172358
607	0.650396507	-2.37717E-15	4.731998966	2.887816594	0.158259308	4.232852738	0.267336281	0	1.050634982	0.438509235	0.024623039	0.974717948	0.364541113	0.007662515	2.092239072	0	0	0	0.40825027	0.009297848	1.511515018
608	0.648076607	-2.37717E-15	4.730814869	2.887439072	0.158833714	4.23161093	0.268198125	0	1.05250562	0.43874916	0.02467838	0.974717948	0.365117375	0.007686237	2.094589922	0	0	0	0.409269661	0.009328465	1.513854687
609	0.645766198	-2.37717E-15	4.729626123	2.887055573	0.159410133	4.231337338	0.269059724	0	1.054374906	0.438988117	0.024733782	0.974717948	0.36569166	0.007694694	2.096062185	0	0	0	0.410288728	0.009356503	1.51619137
610	0.643465238	-2.37717E-15	4.728432712	2.886665857	0.159988571	4.231001012	0.269921127	0	1.056242842	0.439226111	0.024837728	0.974717948	0.366264198	0.007704006	2.097572246	0	0	0	0.411307469	0.009394977	1.518525069
611	0.641173686	-2.37717E-15	4.727234617	2.886270149	0.160569034	4.229568131	0.270782354	0	1.058345192	0.439463147	0.024949606	0.974717948	0.366834782	0.007708687	2.099114799	0	0	0	0.412325881	0.009461375	1.520855789
612	0.638891503	-2.37717E-15	4.726031823	2.885867322	0.161151529	4.227863	0.271643434	0	1.060069209	0.439699228	0.025062487	0.976135416	0.367404547	0.007715126	2.104340311	0	0	0	0.413343965	0.009528203	1.523183534
613	0.636618653	-2.3789E-15	4.724824311	2.885456163	0.161736062	4.225839613	0.272505196	0	1.063490981	0.43993436	0.025189993	0.97703173	0.367973912	0.007749507	2.105422864	0	0	0	0.414361716	0.009595463	1.525508307
614	0.6343551	-2.3789E-15	4.723612065	2.885037614	0.16232264	4.224738819	0.273367708	0	1.065991034	0.440168546	0.025318095	0.977031734	0.3685419	0.007807367	2.111031413	0	0	0	0.415379132	0.009663158	1.527830112
615	0.63210081	-2.3789E-15	4.722395068	2.884611833	0.162184909	4.223822749	0.274231086	0	1.0684742	0.440401791	0.025446793	0.977031737	0.369108268	0.007857405	2.111998829	0	0	0	0.416396212	0.009702339	1.530213412
616	0.629855749	-2.3789E-15	4.721173302	2.884179105	0.162770714	4.222822188	0.27509523	0	1.070075715	0.440634098	0.025514116	0.977840576	0.369672867	0.00786433	2.117497207	0	0	0	0.417412951	0.009724394	1.532496772
617	0.627619887	-2.3789E-15	4.719946751	2.883738232	0.163366102	4.221817235	0.275960167	0	1.072340928	0.440865471	0.025626824	0.97784069	0.370236895	0.007919297	2.11834511	0	0	0	0.418429348	0.009746476	1.535464045
618	0.62539319	-2.3789E-15	4.718815763	2.883291655	0.163963626	4.220452103	0.276824425	0	1.074901936	0.441095914	0.025739987	0.977840796	0.370799416	0.007975436	2.121006657	0	0	0	0.4194454	0.009774873	1.53962836
619	0.623175629	-2.3789E-15	4.718066837	2.882838851	0.164563296	4.219813097	0.277688138	0	1.077457764	0.44132543	0.025855674	0.977840896	0.371360846	0.00803195	2.128340504	0	0	0	0.420461105	0.00982298	1.543394461
620	0.620967174	-2.3789E-15	4.717316644	2.882379701	0.165165118	4.218961195	0.278551541	0	1.079744388	0.441554023	0.025971953	0.97784099	0.371921099	0.008088839	2.131036983	0	0	0	0.421476462	0.009871308	1.546610236
621	0.618767795	-2.3789E-15	4.716565183	2.881915214	0.165769099	4.218380823	0.279415369	0	1.082580459	0.441781696	0.026088707	0.977841078	0.372478458	0.008103963	2.13526873	0	0	0	0.422491468	0.00992031	1.549839491
622	0.616577463	-2.3789E-15	4.715639186	2.881442535	0.166375247	4.216813271	0.280279699	0	1.085139432	0.442008452	0.026205939	0.977841161	0.373035729	0.008117622	2.140254603	0	0	0	0.423506121	0.009969915	1.553062847
623	0.614396152	-2.3789E-15	4.714387051	2.880961758	0.166983571	4.215825052	0.281144382	0	1.087261378	0.442234295	0.026323651	0.978798749	0.373592995	0.008157862	2.141638763	0	0	0	0.424520418	0.010019752	1.556243071
624	0.612223833	-2.3789E-15	4.713129867	2.880473573	0.167121728	4.21480694	0.282009408	0	1.089263669	0.442459228	0.026460774	0.978800148	0.374149602	0.008166779	2.14295971	0	0	0	0.425534356	0.010069822	1.558636038
625	0.610060478	-2.3789E-15	4.711867611	2.879978681	0.167715511	4.212478427	0.28287445	0	1.091253153	0.442683252	0.026604871	0.978800148	0.374705205	0.008194028	2.144279456	0	0	0	0.426547933	0.010120125	1.560796215
626	0.60790606	-2.3789E-15	4.710595547	2.87947636	0.168359228	4.210562947	0.283740001	0	1.093386508	0.442906373	0.026749705	0.978800148	0.375260059	0.008199532	2.148934578	0	0	0	0.427561147	0.010170662	1.562934719
627	0.605760549	-2.3789E-15	4.709423047	2.878967716	0.169005382	4.209480855	0.284606061	0	1.095760675	0.443128591	0.02689528	0.97966543	0.375813086	0.008210316	2.150141908	0	0	0	0.428573997	0.010212055	1.56607318
628	0.603623918	-2.3789E-15	4.708447995	2.878452079	0.169653984	4.208144493	0.28547259	0	1.097819738	0.443349911	0.027041599	0.97966543	0.376365022	0.008272525	2.151089025	0	0	0	0.42958648	0.010240074	1.56983928
629	0.601496137	-2.3789E-15	4.707470309	2.877928382	0.170305041	4.206874032	0.286339742	0	1.099749908	0.443570335	0.027113002	0.97966543	0.376916811	0.008287505	2.153031504	0	0	0	0.430598593	0.010296046	1.572791305
630	0.599377177	-2.3789E-15	4.706754132	2.877397299	0.170313053	4.205769749	0.287207613	0	1.101671437	0.443789866	0.027160184	0.97966543	0.37746771	0.008292223	2.158930886	0	0	0	0.431610335	0.010353058	1.576128307
631	0.597267008	-2.3789E-15	4.706142536	2.876859578	0.169430415	4.204947127	0.288075751	0	1.103559092	0.444008507	0.027275728	0.980061539	0.378017453	0.008311576	2.164051057	0	0	0	0.432621703	0.010410408	1.579454898
632	0.595165599	-2.3789E-15	4.704842828	2.876316461	0.169007007	4.203740198	0.288943364	0	1.105445466	0.444226261	0.027395225	0.980565385	0.378565621	0.008343038	2.165173015	0	0	0	0.433632695	0.01046818	1.583259942
633	0.593072917	-2.3789E-15	4.703559152	2.875767454	0.169583393	4.203012557	0.289810746	0	1.107471101	0.444443131	0.027515202	0.980565398	0.379112443	0.008351597	2.166293821	0	0	0	0.434643309	0.010526583	1.587615054
634	0.590988932	-2.3789E-15	4.702569712	2.87521224	0.168267155	4.202385978	0.290678306	0	1.109396018	0.44465912	0.027635662	0.980565409	0.37965786	0.008360152	2.167413476	0	0	0	0.435653542	0.010583379	1.590970991
635	0.588913612	-2.3789E-15	4.701577611	2.874650132	0.167826193	4.201537583	0.291546073	0	1.111583927	0.44487423	0.027757823	0.980565421	0.38020256	0.008385918	2.169510309	0	0	0	0.436663392	0.010643878	1.593220849
636	0.586846926	-2.3789E-15	4.700582841	2.874081819	0.167621043	4.200091136	0.292414191	0	1.113684723	0.445088464	0.027881022	0.980565432	0.380745744	0.008443407	2.171468814	0	0	0	0.437672856	0.010702654	1.595995891
637	0.58478884	-2.3789E-15	4.699433883	2.873506984	0.166981135	4.199111803	0.293282397	0	1.115623879	0.445301826	0.028004719	0.980565443	0.38128802	0.008453876	2.174242867	0	0	0	0.438681933	0.010761741	1.599285776
638	0.582739325	-2.3789E-15	4.698151572	2.872926945	0.167307909	4.197768376	0.294150643	0	1.117898467	0.445514318	0.028128917	0.980565453	0.38182815	0.008470185	2.177630796	0	0	0	0.439690619	0.010817709	1.602569583
639	0.580698346	-2.3789E-15	4.696864278	2.872342054	0.167955847	4.196284786	0.295018819	0	1.119742115	0.445725943	0.028253616	0.980565463	0.382365923	0.008488052	2.183175693	0	0	0	0.440698914	0.010854814	1.605847323
640	0.578665874	-2.3789E-15	4.695566891	2.871751325	0.168091981	4.196273601	0.295887482	0	1.121583791	0.445936704	0.02837882	0.980897193	0.3829018	0.008492756	2.188639733	0	0	0	0.441706815	0.010902422	1.609119008
641	0.576641879	-2.3789E-15	4.694262122	2.871153877	0.16843912	4.195227091	0.296756837	0	1.123423497	0.446146604	0.02850453	0.980897547	0.383436485	0.008533881	2.189384931	0	0	0	0.442714319	0.010943037	1.612121191
642	0.57462633	-2.3789E-15	4.692952251	2.87054957	0.168726137	4.193821601	0.29762676	0	1.125239487	0.446355644	0.028607709	0.980897888	0.38397027	0.008541754	2.190128904	0	0	0	0.443721425	0.010999332	1.614132448
643	0.5726192	-2.3789E-15	4.691637261	2.869938341	0.169323177	4.192412906	0.298497359	0	1.127175046	0.446563829	0.028658	0.980898215	0.384503141	0.008549411	2.190871653	0	0	0	0.444728129	0.011058248	1.616126545
644	0.570620461	-2.3789E-15	4.69031713	2.86932074	0.169924995	4.192162608	0.29936786	0	1.129124123	0.446771159	0.028708312	0.98089853	0.385035349	0.008594014	2.191613181	0	0	0	0.44573443	0.011117519	1.618103403
645	0.568630086	-2.3789E-15	4.688991839	2.868697183	0.170528901	4.190176612	0.300238202	0	1.131071153	0.446977639	0.028758645	0.980898833	0.385566566	0.008612332	2.192353489	0	0	0	0.446740325	0.011174904	1.620078135
646	0.566648048	-2.3789E-15	4.687661368	2.868065913	0.171134899	4.189165887	0.301108953	0	1.134705656	0.44718327	0.028809	0.980899124	0.386098005	0.008635714	2.195392881	0	0	0	0.447745812	0.011230368	1.622344528
647	0.564674322	-2.38997E-15	4.686325698	2.867427361	0.171742997	4.187743745	0.301980352	0	1.139447713	0.447388054	0.028859376	0.980899403	0.386629025	0.008686308	2.196190519	0	0	0	0.448750887	0.011292262	1.625570863
648	0.562708882	-2.38997E-15	4.684984809	2.866781842	0.172353202	4.187152489	0.302852422	0	1.1417804	0.447591995	0.028979721	0.980899672	0.387159312	0.008744623	2.196987488	0	0	0	0.449755548	0.011355016	1.628545065
649	0.560751705	-2.38997E-15	4.68363868	2.866129643	0.172952708	4.187740301	0.303725113	0	1.144089345	0.447795094	0.029102034	0.981444836	0.387688654	0.008808133	2.202101501	0	0	0	0.450759792	0.011417702	1.630895032
650	0.558802764	-2.38997E-15	4.682287292	2.865471731	0.171382963	4.188738603	0.304598155	0	1.146396504	0.447997355	0.029206634	0.981444836	0.388216378	0.008838848	2.203489635	0	0	0	0.451763617	0.011478572	1.633209222
651	0.556862036	-2.38997E-15	4.680930625	2.864808145	0.17190281	4.187310333	0.305470891	0	1.148701879	0.448198779	0.029339992	0.981444836	0.388743126	0.008889904	2.204105358	0	0	0	0.452767023	0.011539789	1.636441802
652	0.554929496	-2.38997E-15	4.679568657	2.864138073	0.172444679	4.186041005	0.306343843	0	1.151005471	0.44839937	0.029469917	0.981444836	0.389269213	0.00892424	2.204665629	0	0	0	0.453770005	0.011601301	1.639936945
653	0.553005122	-2.38997E-15	4.67820137	2.863461113	0.172987553	4.184699524	0.307217355	0	1.153261356	0.448599129	0.029574648	0.981444836	0.38979472	0.008929248	2.214141627	0	0	0	0.454772561	0.01166311	1.643425054
654	0.551088887	-2.38997E-15	4.676828742	2.862777579	0.173531427	4.183346995	0.308090995	0	1.155233214	0.44879806	0.029657279	0.981444836	0.39031979	0.008934532	2.216654763	0	0	0	0.455774689	0.011721322	1.646906144
655	0.549180769	-2.38997E-15	4.675450753	2.862088834	0.173075817	4.182026846	0.308964385	0	1.157203499	0.448996165	0.029766321	0.981444836	0.39084346	0.008950277	2.220734193	0	0	0	0.456776387	0.011758272	1.650380227
656	0.547280742	-2.38997E-15	4.674067382	2.861394022	0.1736875	4.181806276	0.309837586	0	1.15917221	0.449193446	0.029888125	0.981451087	0.391366552	0.008954894	2.229318824	0	0	0	0.457777652	0.011819625	1.653845708
657	0.545388781	-2.38997E-15	4.67267861	2.860692224	0.173996132	4.180230484	0.310711203	0	1.162536242	0.449389907	0.03001038	0.981451087	0.391889402	0.008959507	2.2345766	0	0	0	0.458778482	0.01188176	1.655830737
658	0.543504862	-2.38997E-15	4.671284415	2.85998358	0.1746524	4.178242697	0.311585523	0	1.164891243	0.449585549	0.030129703	0.981602115	0.392411611	0.009009973	2.236675141	0	0	0	0.459778875	0.011950617	1.657752084
659	0.541628957	-2.38997E-15	4.67015347	2.859268567	0.175310961	4.177404707	0.312460447	0	1.167185483	0.449780377	0.030196268	0.981602116	0.392932823	0.009048015	2.238770602	0	0	0	0.460778829	0.012006263	1.659670979
660	0.539761038	-2.38997E-15	4.669078241	2.858548285	0.17597182	4.176469016	0.313335422	0	1.169477947	0.449974393	0.030262908	0.981602116	0.393452521	0.009052167	2.240798549	0	0	0	0.461778341	0.012068189	1.661587425
661	0.537901078	-2.38997E-15	4.668000141	2.857822452	0.176634984	4.177503439	0.314210217	0	1.171768637	0.450167599	0.030329623	0.981602116	0.393971242	0.009056592	2.242707984	0	0	0	0.462777411	0.012131094	1.663501424
662	0.536049047	-2.38997E-15	4.666635455	2.857090763	0.177300461	4.176137021	0.315084885	0	1.174057554	0.45036	0.030396413	0.981602116	0.394489269	0.009062006	2.24461507	0	0	0	0.463776036	0.0121943	1.665564999
663	0.534204916	-2.38997E-15	4.665223528	2.856353156	0.177968256	4.176141052	0.315959654	0	1.176344699	0.450551597	0.030463279	0.981602116	0.395006463	0.009100617	2.246519808	0	0	0	0.464774214	0.01225781	1.668574693
664	0.532368653	-2.38997E-15	4.663802872	2.85561052	0.178638935	4.175299539	0.316833938	0	1.178630074	0.450742396	0.030530601	0.981602116	0.395522548	0.009157237	2.248422203	0	0	0	0.465771944	0.012321623	1.670557231
665	0.530540227	-2.38997E-15	4.662376682	2.854861936	0.179273389	4.174511445	0.317708034	0	1.18091368	0.450932397	0.030618691	0.981602117	0.396038181	0.009204706	2.250322257	0	0	0	0.466769224	0.012385742	1.672531739
666	0.528719605	-2.38997E-15	4.660944938	2.854107583	0.179905924	4.174111115	0.318581976	0	1.183195519	0.451121606	0.030739457	0.982189785	0.396553179	0.009211406	2.254637068	0	0	0	0.46776605	0.012450168	1.674476219
667	0.526906752	-2.38997E-15	4.659507618	2.853347026	0.180540645	4.175054726	0.319455888	0	1.185475592	0.451310026	0.030862126	0.98321746	0.397067886	0.009226301	2.263504412	0	0	0	0.468762422	0.012514902	1.676417028
668	0.525101633	-2.38997E-15	4.658064702	2.852579686	0.181177561	4.174925674	0.320330127	0	1.187499716	0.45149766	0.030988377	0.983222647	0.397582557	0.009265719	2.266893595	0	0	0	0.469758336	0.012558028	1.678354173
669	0.523304212	-2.38997E-15	4.656616168	2.851805717	0.181794275	4.175291797	0.321204751	0	1.189031185	0.451684512	0.031138802	0.983222668	0.398097018	0.009306486	2.273040266	0	0	0	0.47075379	0.012590531	1.680287662
670	0.52151445	-2.38997E-15	4.655455482	2.851026507	0.182354063	4.175144633	0.322078871	0	1.191968483	0.451870585	0.031289909	0.983222689	0.398610805	0.009347274	2.274397761	0	0	0	0.471748782	0.012648199	1.682217501
671	0.519732307	-2.38997E-15	4.653992015	2.850242644	0.182641946	4.174714007	0.322952221	0	1.194030964	0.452055884	0.031441702	0.98322271	0.399123632	0.009356945	2.275344424	0	0	0	0.472743311	0.012716652	1.685042607
672	0.517957743	-2.38997E-15	4.652522924	2.84945368	0.183305248	4.174677748	0.323825361	0	1.196084383	0.452240412	0.031594182	0.983222729	0.399635431	0.00938958	2.276768975	0	0	0	0.473737374	0.012792232	1.687241068
673	0.516190714	-2.38997E-15	4.651048189	2.848658729	0.183970851	4.174386877	0.32469855	0	1.198136092	0.452424174	0.031747354	0.98388777	0.400146863	0.009426458	2.279775969	0	0	0	0.47473097	0.012867222	1.689081627
674	0.51443118	-2.38997E-15	4.649567788	2.847858116	0.184595392	4.174568438	0.325572035	0	1.200186092	0.452607174	0.03190122	0.983912487	0.4006574	0.009436329	2.280989588	0	0	0	0.475724095	0.01292338	1.692408312
675	0.512679095	-2.38997E-15	4.648073397	2.847052999	0.18515911	4.171717397	0.326445611	0	1.202186047	0.452789415	0.032055784	0.983913566	0.401166131	0.009443373	2.28216379	0	0	0	0.476716749	0.012983632	1.696745353
676	0.510934415	-2.38997E-15	4.646567978	2.846243405	0.18572373	4.169894861	0.327318609	0	1.204097566	0.452970903	0.032211047	0.983914625	0.401673738	0.009450706	2.283337004	0	0	0	0.47770893	0.01305141	1.70100875
677	0.509197097	-2.38997E-15	4.645056731	2.845429398	0.186301102	4.169276377	0.328191084	0	1.20600665	0.45315164	0.032367013	0.983915664	0.402180146	0.009459472	2.286976996	0	0	0	0.478700635	0.013119919	1.703098686
678	0.507467095	-2.38997E-15	4.643539633	2.844610189	0.186949508	4.168291935	0.329063532	0	1.207913304	0.453331633	0.032523685	0.983916684	0.402685688	0.009470779	2.287771133	0	0	0	0.479691864	0.013188777	1.705137172
679	0.505744366	-2.38997E-15	4.642016665	2.843785043	0.187600077	4.165374992	0.329936046	0	1.209817531	0.453510884	0.032632898	0.983917684	0.403191048	0.009489763	2.288564352	0	0	0	0.480682613	0.013257976	1.707172704
680	0.504028865	-2.38997E-15	4.640487805	2.842954887	0.188252872	4.164983031	0.330808233	0	1.211719332	0.453689398	0.032703135	0.983918666	0.403695736	0.009526894	2.289356653	0	0	0	0.481672881	0.013328997	1.709205285
681	0.502320548	-2.38997E-15	4.638953031	2.84211948	0.188911733	4.16540787	0.331680282	0	1.21451745	0.453867179	0.032773453	0.98391963	0.404199844	0.009577027	2.290148038	0	0	0	0.482662666	0.013403213	1.711234919
682	0.500619372	-2.38997E-15	4.637412324	2.841278885	0.189572823	4.164986071	0.332552564	0	1.2165187	0.454044232	0.03284385	0.983920152	0.40470298	0.009609035	2.29179913	0	0	0	0.483651967	0.013477822	1.713261612
683	0.498925295	-2.38997E-15	4.635865661	2.840433922	0.190236151	4.165676718	0.333425164	0	1.21828184	0.45422056	0.032975349	0.983920152	0.405204276	0.009622864	2.298314768	0	0	0	0.484640782	0.013552828	1.715285366
684	0.497238276	-2.38997E-15	4.634313022	2.839583132	0.190901722	4.163153738	0.334298107	0	1.220042979	0.454396167	0.033126653	0.983920153	0.40570521	0.009659021	2.302359938	0	0	0	0.485629109	0.013628231	1.717977271
685	0.495558273	-2.38997E-15	4.632754385	2.838727057	0.191635348	4.162597949	0.33517087	0	1.221788948	0.454571058	0.033279593	0.983920153	0.406205795	0.009696648	2.30680483	0	0	0	0.486616946	0.013704035	1.720739005
686	0.493885248	-2.38997E-15	4.631189729	2.837866601	0.192371978	4.16215849	0.336043036	0	1.223500732	0.454745235	0.033433187	0.983920153	0.406705585	0.009733808	2.307782656	0	0	0	0.487604294	0.01378024	1.723487665
687	0.492219162	-2.38997E-15	4.629619032	2.837002061	0.193111372	4.160463185	0.336914197	0	1.224928103	0.454918704	0.033587439	0.983920153	0.407204726	0.009770564	2.308758898	0	0	0	0.48859115	0.013856849	1.72578491
688	0.490559977	-2.38997E-15	4.628042273	2.83613318	0.19385354	4.159065065	0.337784526	0	1.226803518	0.455091468	0.033742352	0.983920154	0.407703337	0.009794941	2.30973356	0	0	0	0.489577512	0.013933864	1.728131337
689	0.488907657	-2.38997E-15	4.626468619	2.83526023	0.194572014	4.157434881	0.338654026	0	1.228676528	0.45526353	0.033897927	0.983920154	0.408201177	0.009820539	2.310706643	0	0	0	0.490563381	0.014011287	1.730822838
690	0.487262168	-2.38997E-15	4.624895717	2.83438261	0.194904601	4.158182466	0.339522989	0	1.230511313	0.455434893	0.034054167	0.983920154	0.408698587	0.009845459	2.312000047	0	0	0	0.491548754	0.014089119	1.733509853
691	0.485623474	-2.38997E-15	4.623316695	2.833501039	0.195584757	4.158619927	0.340391149	0	1.232254664	0.455605562	0.034211076	0.983920154	0.409195145	0.009850408	2.312703034	0	0	0	0.49253363	0.014167176	1.737244256
692	0.483991544	-2.38997E-15	4.621731529	2.832616313	0.196267197	4.157054286	0.341258672	0	1.233996013	0.45577554	0.034369449	0.983920155	0.409689923	0.009866579	2.313677978	0	0	0	0.493518008	0.014240176	1.740006639
693	0.482366345	-2.38997E-15	4.620140196	2.831727605	0.196951927	4.155498834	0.342125729	0	1.235735361	0.45594483	0.034528839	0.984669574	0.410183605	0.00992946	2.315348291	0	0	0	0.494501886	0.01431352	1.742748088
694	0.480747846	-2.38997E-15	4.618542673	2.83083425	0.197638955	4.153274022	0.342992801	0	1.237472711	0.456113435	0.034688916	0.98568135	0.410676405	0.009936914	2.317262552	0	0	0	0.495485263	0.01438721	1.745486201
695	0.479136016	-2.38997E-15	4.616938935	2.829936615	0.198328287	4.15222091	0.343859376	0	1.239208066	0.456281358	0.034849681	0.986128457	0.411168496	0.009944661	2.318192179	0	0	0	0.496468138	0.014461247	1.748205638
696	0.477530827	-2.38997E-15	4.61532896	2.829034316	0.19901993	4.150840393	0.344725356	0	1.241820883	0.456448603	0.035011137	0.9861599	0.411660388	0.009976625	2.320100666	0	0	0	0.49745051	0.014531175	1.750733759
697	0.475932248	-2.38997E-15	4.613712724	2.828127985	0.199713892	4.14932341	0.345591133	0	1.24368193	0.456615173	0.035173288	0.986187731	0.412151086	0.010010949	2.327455734	0	0	0	0.498432376	0.014573425	1.75222176
698	0.474340251	-2.38997E-15	4.612090203	2.827216368	0.20041018	4.151014324	0.346456962	0	1.245540607	0.456781071	0.035336136	0.986215045	0.412641614	0.010016011	2.333211351	0	0	0	0.499413734	0.014636943	1.754845422
699	0.472754809	-2.38997E-15	4.610461373	2.826300408	0.2011088	4.152134564	0.347322827	0	1.247396917	0.456946299	0.035499684	0.986241853	0.413131072	0.010021237	2.33424725	0	0	0	0.500394585	0.01471231	1.757487314
700	0.471175894	-2.38997E-15	4.60882621	2.825379273	0.200923845	4.150403319	0.348188747	0	1.249250863	0.457110861	0.035663935	0.986268164	0.4136203	0.010039346	2.335282093	0	0	0	0.501374925	0.014787469	1.760111325
701	0.469603479	-2.38997E-15	4.60718469	2.824455179	0.201632438	4.149704508	0.34905375	0	1.251102448	0.457274759	0.035828891	0.986293987	0.414108079	0.010097907	2.336388873	0	0	0	0.502354755	0.014843842	1.762730964
702	0.468037536	-2.38997E-15	4.60553679	2.823528066	0.202355991	4.147508169	0.349917826	0	1.252951674	0.457437997	0.035994555	0.986319332	0.414594501	0.010136206	2.337435089	0	0	0	0.503334073	0.014900409	1.764787684
703	0.466478039	-2.38997E-15	4.603882484	2.822597172	0.203081735	4.145698923	0.350781206	0	1.254806927	0.457600577	0.036160931	0.986595768	0.415080126	0.010159095	2.338480231	0	0	0	0.504312879	0.014957626	1.766769657
704	0.464924963	-2.38997E-15	4.602221749	2.821662114	0.203809674	4.143914887	0.351643995	0	1.256643066	0.457762503	0.03632802	0.988009916	0.415565253	0.01016701	2.343270832	0	0	0	0.505291172	0.015015337	1.768749526
705	0.463378281	-2.38997E-15	4.600554561	2.820725165	0.204539811	4.14431098	0.352506317	0	1.258485236	0.457923777	0.036495826	0.988621897	0.41604751	0.01017492	2.344641591	0	0	0	0.506268951	0.01507325	1.770727294
706	0.461837968	-2.38997E-15	4.598880894	2.819784163	0.205272149	4.143374699	0.353368242	0	1.260325061	0.458084402	0.036663826	0.988621897	0.416529011	0.010182911	2.345693874	0	0	0	0.507246216	0.015131366	1.772702963
707	0.460303998	-2.38997E-15	4.597200724	2.818838053	0.206006692	4.140743982	0.354230135	0	1.262162542	0.45824438	0.036826484	0.988621897	0.417010469	0.010209383	2.346354364	0	0	0	0.508222965	0.015189685	1.774676536
708	0.458776349	-2.38997E-15	4.595514028	2.817887674	0.206743442	4.140578305	0.355091322	0	1.263997683	0.458403715	0.036966248	0.988621897	0.417491744	0.010221769	2.347004489	0	0	0	0.509199197	0.015248209	1.77817692
709	0.457254994	-2.38997E-15	4.593824717	2.8169334	0.207482402	4.140954798	0.355951888	0	1.265830487	0.458562408	0.037106493	0.988621897	0.417972399	0.010227987	2.347645593	0	0	0	0.510174911	0.015306937	1.782817289
710	0.455739909	-2.38997E-15	4.592146223	2.81597447	0.208223576	4.139617227	0.356812519	0	1.267660957	0.458720464	0.037247933	0.988621897	0.418452533	0.010263297	2.348286166	0	0	0	0.511150106	0.015365872	1.785004934
711	0.454231071	-2.38997E-15	4.590461274	2.81501154	0.208966966	4.139275871	0.357673416	0	1.269489095	0.458877883	0.037398316	0.988621897	0.418931312	0.010312475	2.34892621	0	0	0	0.512124778	0.015428821	1.787164542
712	0.452728455	-2.38997E-15	4.588769848	2.81404377	0.209712576	4.138963061	0.358534622	0	1.277004317	0.45903467	0.037549254	0.988621897	0.419409554	0.010346859	2.349565725	0	0	0	0.513098929	0.015485593	1.789321707
713	0.451232038	-2.38997E-15	4.587071918	2.81307181	0.210460408	4.137312222	0.359395492	0	1.279009331	0.459190826	0.037700751	0.988621897	0.419887279	0.010355383	2.35020471	0	0	0	0.514072555	0.015542717	1.791476432
714	0.449741795	-2.38997E-15	4.585779604	2.812095975	0.211210466	4.134937575	0.360256066	0	1.280993549	0.459346355	0.037852806	0.988621897	0.420364153	0.010376319	2.350843167	0	0	0	0.515045657	0.015601729	1.793628719
715	0.448257702	-2.38997E-15	4.584594032	2.811115763	0.211962752	4.134706377	0.361116626	0	1.282976137	0.459501259	0.038005424	0.988621897	0.420840418	0.010382174	2.35301594	0	0	0	0.516018232	0.015660945	1.79577857
716	0.446779736	-2.38997E-15	4.583605318	2.810131424	0.212717269	4.133551731	0.361977315	0	1.284957099	0.45965554	0.038158605	0.988731407	0.421315705	0.010388023	2.353694895	0	0	0	0.51699028	0.015720365	1.79792599
717	0.445307872	-2.38997E-15	4.582742819	2.809142705	0.21347402	4.13141509	0.362838299	0	1.286936434	0.459809201	0.038312352	0.988731407	0.421790123	0.010393864	2.354347124	0	0	0	0.517961799	0.01577999	1.800070981
718	0.443842087	-2.38997E-15	4.581879393	2.808149279	0.214233008	4.130863582	0.363699493	0	1.288914144	0.459962245	0.038466666	0.988731407	0.422264108	0.010404105	2.357919298	0	0	0	0.518932788	0.015836587	1.802564981
719	0.442382355	-2.38997E-15	4.580999454	2.80715132	0.214994236	4.129046627	0.364560607	0	1.290890231	0.460114675	0.03862155	0.988731407	0.422737798	0.010408379	2.359226855	0	0	0	0.519903244	0.015890302	1.804687264
720	0.440928654	-2.38997E-15	4.580111713	2.806148241	0.215757706	4.127628039	0.365421826	0	1.292864696	0.460266493	0.038777006	0.988731407	0.423211618	0.010412649	2.359992284	0	0	0	0.520873167	0.015944174	1.808548014
721	0.439480959	-2.38997E-15	4.579222887	2.805140893	0.216523421	4.126109555	0.366283112	0	1.29483754	0.460417701	0.038933036	0.988731407	0.42368478	0.010419249	2.360756894	0	0	0	0.521842555	0.015998204	1.812442063
722	0.438039244	-2.38997E-15	4.578332973	2.804129999	0.217291384	4.12585743	0.367144459	0	1.296808764	0.460568303	0.039089641	0.988731407	0.424156589	0.010454902	2.361520687	0	0	0	0.522811406	0.016052392	1.816006107
723	0.436603485	-2.38997E-15	4.576639564	2.803115167	0.218061596	4.126643122	0.368006079	0	1.29877837	0.4607183	0.039246824	0.988731407	0.424627249	0.01048649	2.362283663	0	0	0	0.52377972	0.016106739	1.817848972
724	0.435173655	-2.38997E-15	4.574792713	2.802095833	0.218834062	4.1256307	0.368867864	0	1.30074636	0.460867697	0.039404587	0.988731407	0.425097455	0.01049396	2.363045823	0	0	0	0.524747495	0.016161244	1.819670484
725	0.433749731	-2.38997E-15	4.57291909	2.801072402	0.219608784	4.124326912	0.369729734	0	1.302709852	0.461016495	0.039562931	0.988731407	0.425566908	0.010501647	2.363807168	0	0	0	0.52571473	0.016216046	1.821489465
726	0.432331686	-2.38997E-15	4.57124484	2.800044895	0.220035307	4.123153485	0.370591513	0	1.304417473	0.461164697	0.03972186	0.988731407	0.426035786	0.010516311	2.3645677	0	0	0	0.526681423	0.016271419	1.823305919
727	0.430919495	-2.38997E-15	4.57000449	2.799013107	0.220798772	4.121901295	0.371453247	0	1.305921375	0.461312305	0.039881506	0.988840446	0.426504271	0.010572277	2.365327417	0	0	0	0.527647574	0.016326957	1.82511985
728	0.429513133	-2.38997E-15	4.568761317	2.797976591	0.221578198	4.119686204	0.372315013	0	1.307422935	0.461459323	0.040042898	0.989026746	0.426972759	0.010593072	2.36663842	0	0	0	0.528613181	0.016382659	1.828177868
729	0.428112573	-2.41326E-15	4.567024724	2.796935869	0.222379474	4.117619646	0.373176965	0	1.308919624	0.461605754	0.04020489	0.989823583	0.427440597	0.010621755	2.368394601	0	0	0	0.529578242	0.016413509	1.832308282
730	0.42671779	-2.41326E-15	4.565129089	2.795890797	0.222767872	4.116698604	0.374039129	0	1.310414095	0.461751598	0.040343989	0.989823583	0.427907929	0.010635099	2.369661801	0	0	0	0.530542757	0.016435464	1.83642983
731	0.425328757	-2.41326E-15	4.563225017	2.794841341	0.222466325	4.113663025	0.374901598	0	1.31193868	0.46189686	0.040522691	0.989823583	0.428374719	0.010668392	2.37091067	0	0	0	0.531506725	0.016504191	1.839813289
732	0.42394545	-2.41104E-15	4.561313309	2.793786936	0.222233036	4.112625417	0.375764402	0	1.315613891	0.462041542	0.040689472	0.989823583	0.428841527	0.010674914	2.371504265	0	0	0	0.532470142	0.016574709	1.843645114
733	0.422567841	-2.41198E-15	4.559795175	2.792727701	0.223029756	4.113215686	0.376627492	0	1.317859905	0.462185647	0.040851057	0.990233577	0.42930831	0.010687355	2.372289404	0	0	0	0.533433009	0.016645638	1.847687541
734	0.421195905	-2.41313E-15	4.557849434	2.791663909	0.223829394	4.111182889	0.377490872	0	1.319708038	0.462329176	0.041014557	0.990300311	0.429774814	0.010716951	2.37316361	0	0	0	0.534395323	0.016716851	1.851590094
735	0.419829615	-2.41317E-15	4.555881327	2.790596115	0.224440579	4.10890815	0.378354471	0	1.321554756	0.462472134	0.041178834	0.990300311	0.430240581	0.01074739	2.374036987	0	0	0	0.535357084	0.016776772	1.853404177
736	0.418468946	-2.41316E-15	4.553905094	2.789523912	0.225184999	4.107306882	0.379218238	0	1.323400058	0.462614521	0.041343716	0.990300312	0.430706094	0.010756917	2.374909535	0	0	0	0.536318289	0.01686013	1.855204755
737	0.417113872	-2.41313E-15	4.551920702	2.788448021	0.223994175	4.107113021	0.380081405	0	1.325288056	0.462756341	0.041509205	0.990418007	0.431171424	0.01076644	2.379382132	0	0	0	0.537278938	0.016937362	1.857002865
738	0.415764366	-2.41312E-15	4.54992812	2.787369107	0.223971648	4.105764262	0.380943507	0	1.327534082	0.462897596	0.041675303	0.990539837	0.431636396	0.01077662	2.384323127	0	0	0	0.538239029	0.017021196	1.858798509
739	0.414420403	-2.41312E-15	4.547927318	2.786287848	0.22473039	4.106097692	0.381804585	0	1.329156639	0.463038289	0.041842013	0.990656571	0.432100313	0.010785022	2.386184578	0	0	0	0.539198562	0.017105429	1.860591692
740	0.413081957	-2.41313E-15	4.545918264	2.785204067	0.225491567	4.105871263	0.38266446	0	1.330767137	0.463178422	0.042009335	0.990768417	0.432563558	0.010791078	2.392629056	0	0	0	0.540157537	0.017190063	1.86237423
741	0.411749005	-2.41313E-15	4.543900926	2.784117514	0.226255158	4.103943987	0.383523925	0	1.333372484	0.463317997	0.042177273	0.99087512	0.433025608	0.010797131	2.394155135	0	0	0	0.541115951	0.017275098	1.864740051
742	0.41042152	-2.41313E-15	4.541875273	2.783027893	0.227021169	4.103255632	0.384383156	0	1.33594927	0.463457017	0.042345829	0.990877761	0.433486609	0.010815577	2.39622927	0	0	0	0.542073805	0.017349184	1.867179559
743	0.40909948	-2.41312E-15	4.539841273	2.781934934	0.227789606	4.101936726	0.385242441	0	1.337897291	0.463595484	0.042515352	0.990880292	0.433946565	0.010844303	2.404722036	0	0	0	0.543031097	0.017379276	1.869614983
744	0.40778286	-2.41313E-15	4.537849535	2.780838121	0.228560477	4.101178591	0.386101813	0	1.339843696	0.463733399	0.042686229	0.990882715	0.43440598	0.010880374	2.405398219	0	0	0	0.543987826	0.017473503	1.873786778
745	0.406471638	-2.41313E-15	4.536654531	2.779738311	0.229333788	4.102546562	0.386960857	0	1.343388686	0.463870766	0.042857738	0.990885037	0.434864437	0.010930989	2.406016385	0	0	0	0.54494399	0.017547309	1.875408278
746	0.405165791	-2.41313E-15	4.535514949	2.778636404	0.230109544	4.102232109	0.387819468	0	1.345626056	0.464007587	0.043029883	0.990887261	0.435321162	0.010981832	2.406634119	0	0	0	0.545899589	0.017613809	1.877182951
747	0.403865295	-2.41313E-15	4.534110899	2.777532016	0.230887753	4.100349535	0.388677732	0	1.347861038	0.464143862	0.043202665	0.99088939	0.435776472	0.01100106	2.407251421	0	0	0	0.546854622	0.017669683	1.879906609
748	0.40257013	-2.41313E-15	4.532875199	2.776424135	0.231668421	4.100494776	0.389535759	0	1.350093634	0.464279596	0.043376086	0.99089143	0.436231292	0.011007049	2.409832347	0	0	0	0.547809089	0.017739491	1.881800353
749	0.401280273	-2.41313E-15	4.531637431	2.775312883	0.232417382	4.098791918	0.390393516	0	1.352323847	0.464414788	0.04355015	0.99089306	0.436685553	0.011013246	2.412438181	0	0	0	0.548762987	0.017812521	1.884226018
750	0.399995705	-2.41313E-15	4.530397596	2.774197888	0.23170143	4.098035042	0.39125112	0	1.354551679	0.464549441	0.043724857	0.990893065	0.43713953	0.011033575	2.41350914	0	0	0	0.549716316	0.017879959	1.886568803
751	0.398716405	-2.41313E-15	4.529155694	2.77307953	0.232459672	4.096545192	0.392108519	0	1.356777133	0.464683558	0.043900211	0.99089307	0.437592913	0.011040036	2.415264195	2.24556E-38	0	0	0.550669075	0.017948001	1.888046214
752	0.397442352	-2.41313E-15	4.527898757	2.771958238	0.232945676	4.094681426	0.392965594	0	1.359000211	0.464817139	0.044076214	0.990893074	0.438045414	0.011052331	2.417675774	4.73524E-38	0	0	0.551621263	0.018016281	1.88952049
753	0.396173526	-2.41313E-15	4.52662986	2.770834304	0.233750198	4.094287678	0.393822545	0	1.361220916	0.464950187	0.044252868	0.990893078	0.438496558	0.011059699	2.418266108	6.08058E-38	0	0	0.55257288	0.0180848	1.890991636
754	0.394909909	-2.41313E-15	4.524840362	2.769707376	0.234557417	4.093518969	0.394679402	0	1.363366738	0.465082703	0.044436319	0.991599761	0.438946687	0.011067063	2.418856016	6.39696E-38	0	0	0.553523924	0.018171183	1.892459659
755	0.393651482	-2.41313E-15	4.52286298	2.768577416	0.234059103	4.093770472	0.395536292	0	1.365278843	0.465214689	0.044646371	0.991601266	0.439395727	0.011074424	2.419445514	6.50659E-38	0	0	0.554474394	0.018264248	1.893924566
756	0.392398225	-2.41313E-15	4.520872854	2.767444408	0.234857626	4.092778137	0.396392694	0	1.367189241	0.465346147	0.044857345	0.991766019	0.439844237	0.011086031	2.421581252	-1.40148E-33	0	0	0.555424289	0.018350461	1.895581535
757	0.39115012	-2.41313E-15	4.518875289	2.766308648	0.235672936	4.092470376	0.397248097	0	1.369095627	0.465477078	0.045069244	0.992126217	0.440292446	0.011151623	2.427522071	-2.58384E-33	0	0	0.55637361	0.018427428	1.897312615
758	0.389907151	-2.41313E-15	4.516870263	2.765169296	0.236491046	4.091531538	0.398103098	0	1.370982235	0.465607485	0.04528207	0.99217773	0.440740616	0.011213642	2.428763602	-3.05803E-33	0	0	0.557322354	0.018504696	1.899041195
759	0.388669298	-2.41313E-15	4.514857751	2.764027002	0.237311965	4.089635695	0.398957659	0	1.372815604	0.465737368	0.045495829	0.992227065	0.441188152	0.011221557	2.430384508	-3.83882E-33	0	0	0.55827052	0.018582659	1.90143706
760	0.387436546	-2.41313E-15	4.51283773	2.762882456	0.238135702	4.087858612	0.399811781	0	1.374224698	0.465866729	0.045710522	0.992274313	0.441634379	0.011229469	2.433976302	-4.31199E-33	0	0	0.559218109	0.018638363	1.904273425
761	0.386208877	-2.41313E-15	4.510810175	2.761734681	0.238962268	4.085980425	0.400665768	0	1.375631356	0.465995571	0.045926252	0.992319562	0.442079985	0.011237562	2.434676013	-4.62548E-33	0	0	0.560165118	0.018689726	1.907104225
762	0.384986275	-2.41313E-15	4.508775064	2.760583579	0.239791672	4.085400061	0.401519632	0	1.378078247	0.466123893	0.046132898	0.992396323	0.442525072	0.01124634	2.437353796	-5.17248E-33	0	0	0.561111548	0.018741205	1.91407244
763	0.383768724	-2.41313E-15	4.50673192	2.759429325	0.240623922	4.083774418	0.402373661	0	1.380448087	0.466251699	0.046298513	0.992420528	0.442969194	0.011255113	2.43832043	-5.56574E-33	0	0	0.562057396	0.0187928	1.917857556
764	0.382556208	-2.41313E-15	4.504679432	2.758271589	0.241459029	4.084723149	0.403227772	0	1.382356074	0.466378989	0.046464664	0.992460275	0.443412781	0.011263882	2.4392862	-5.87917E-33	0	0	0.563002662	0.018847622	1.920218938
765	0.38134871	-2.41313E-15	4.502619299	2.757110717	0.242297003	4.085127597	0.40408161	0	1.384262335	0.466505766	0.046631352	0.99249834	0.443855853	0.011277508	2.440251106	-6.89336E-33	0	0	0.563947345	0.018897157	1.922576355
766	0.380146216	-2.41313E-15	4.500551497	2.755946635	0.242444657	4.084381855	0.404935487	0	1.386166873	0.466632029	0.046817721	0.992534795	0.444298189	0.011287694	2.441215149	-8.14692E-33	0	0	0.564891444	0.018947055	1.924908183
767	0.37894871	-2.41313E-15	4.498476002	2.754779734	0.24235557	4.082770322	0.405789428	0	1.388475314	0.466757782	0.046972242	0.992569709	0.444739388	0.011348665	2.44217833	-8.46641E-33	0	0	0.565834958	0.018998418	1.926870823
768	0.377756177	-2.41313E-15	4.49639279	2.753611005	0.243165627	4.081708917	0.406642939	0	1.391196585	0.466883026	0.047166685	0.993042062	0.445178968	0.011361337	2.443140649	-9.1672E-33	0	0	0.566777887	0.019063201	1.928830086
769	0.376568601	-2.41313E-15	4.494301837	2.752439217	0.244004488	4.080683905	0.407496218	0	1.393910852	0.467007761	0.047397851	0.993042071	0.445617973	0.011399205	2.444102108	-9.8739E-33	0	0	0.56772023	0.019162505	1.930785977
770	0.375385967	-2.41313E-15	4.492920812	2.75126518	0.244282545	4.07961837	0.408349133	0	1.396012374	0.467131991	0.047630024	0.993042081	0.446055741	0.011410237	2.445062707	-9.5664E-33	0	0	0.568661988	0.019262274	1.932738502
771	0.37420826	-2.41313E-15	4.490902714	2.750089402	0.244160472	4.077479762	0.409201145	0	1.397532497	0.467255715	0.047863207	0.99327108	0.446492317	0.011417297	2.446022446	-9.64031E-33	0	0	0.569603161	0.0193448	1.935108519
772	0.373035464	-2.41313E-15	4.4887456	2.7489129	0.243688225	4.075162054	0.410052461	0	1.399186109	0.467378937	0.048097404	0.993713662	0.446926491	0.011424354	2.447553422	-9.48656E-33	0	0	0.570543747	0.019416802	1.937878816
773	0.371867563	-2.41313E-15	4.486580027	2.747734645	0.24333443	4.075662462	0.410902595	0	1.401847226	0.467501657	0.048332617	0.993724094	0.447359792	0.011431408	2.448532577	-9.64031E-33	0	0	0.571483748	0.01948905	1.940643677
774	0.370704543	-2.41313E-15	4.484405963	2.746553693	0.243927416	4.07545164	0.411752459	0	1.404445829	0.467623877	0.048568851	0.993724094	0.447792266	0.01143846	2.452268038	-1.0421E-32	0	0	0.572423162	0.019561546	1.943402697
775	0.369546389	-2.41313E-15	4.482223378	2.74536958	0.244275941	4.074409215	0.412602452	0	1.407019936	0.467745599	0.048806107	0.993724094	0.448223993	0.011452466	2.453085423	-1.11277E-32	0	0	0.573361988	0.01963452	1.945613874
776	0.368393086	-2.41313E-15	4.480032242	2.744182276	0.244842617	4.074293416	0.413452428	0	1.409579974	0.467866825	0.048929494	0.993724094	0.448655162	0.011480765	2.453796533	-1.1527E-32	0	0	0.574300224	0.019708591	1.947544092
777	0.367244618	-2.41313E-15	4.477832523	2.742992287	0.245671691	4.072751885	0.414302068	0	1.412135283	0.467987555	0.04904138	0.993724094	0.4490856	0.01151999	2.459006799	-1.13934E-32	0	0	0.575237872	0.01978292	1.949471815
778	0.366100972	-2.41313E-15	4.475624192	2.741799848	0.246373609	4.071230571	0.4151513	0	1.413686019	0.468107791	0.049153434	0.993724094	0.44951516	0.011567957	2.46025927	-1.08767E-32	0	0	0.576174928	0.019857508	1.951395118
779	0.364962131	-2.41313E-15	4.473407216	2.740604852	0.246990486	4.07071315	0.416000268	0	1.415162147	0.468227536	0.049265656	0.993724094	0.449943819	0.011597304	2.461517362	-9.7133E-33	0	0	0.577111394	0.019932356	1.95330305
780	0.36382808	-2.41313E-15	4.471181566	2.739406762	0.247607383	4.069127927	0.416849134	0	1.419871505	0.46834679	0.049378045	0.993724094	0.450371965	0.011599393	2.462240981	-9.03814E-33	0	0	0.578047268	0.020007464	1.955208535
781	0.362698804	-2.41313E-15	4.46894721	2.738206382	0.24822594	4.068576691	0.417697511	0	1.422425978	0.468465556	0.049490603	0.993724094	0.450799196	0.011604992	2.465198571	-8.48254E-33	0	0	0.578982551	0.020082834	1.957111575
782	0.361574288	-2.41313E-15	4.466704117	2.737003581	0.249066663	4.068033157	0.418545239	0	1.424823697	0.468583835	0.049641947	0.993724094	0.451225817	0.011621227	2.470519693	-7.77427E-33	0	0	0.57991724	0.020158466	1.959012175
783	0.360454515	-2.41313E-15	4.464452255	2.735798627	0.249910141	4.066488807	0.419392787	0	1.426983979	0.468701629	0.049837797	0.993724094	0.451651107	0.011675505	2.471521159	-7.14084E-33	0	0	0.580851335	0.020234361	1.960910336
784	0.35933947	-2.41313E-15	4.462191594	2.734591588	0.250756383	4.06500421	0.420240002	0	1.428972564	0.46881894	0.050035577	0.994262471	0.452075163	0.011739248	2.472157905	-6.20493E-33	0	0	0.581784836	0.02031052	1.962806063
785	0.358229137	-2.41313E-15	4.459922101	2.73338209	0.251605397	4.065844705	0.421086702	0	1.43072448	0.468935769	0.050244938	0.99499824	0.452498559	0.01174978	2.4727943	-6.2902E-33	0	0	0.582717743	0.020401871	1.964699359
786	0.357123501	-2.41313E-15	4.457643746	2.732170254	0.251735276	4.063064152	0.42193288	0	1.432466479	0.469052117	0.05047645	0.99499824	0.452921194	0.0117574	2.473430338	-6.30922E-33	0	0	0.583650054	0.02050152	1.966590225
787	0.356022544	-2.41313E-15	4.45537105	2.730955485	0.251878771	4.062323736	0.422778723	0	1.434202056	0.469167988	0.050708951	0.99499824	0.453343491	0.011765734	2.474066016	-5.94512E-33	0	0	0.584581768	0.020601625	1.968311831
788	0.354926253	-2.41313E-15	4.453130999	2.729737299	0.251925938	4.061553055	0.423624461	0	1.435732432	0.469283381	0.050942446	0.99499824	0.453765721	0.011812826	2.474701328	-5.50324E-33	0	0	0.585512885	0.020702188	1.97001585
789	0.353834611	-2.41313E-15	4.450902421	2.728516121	0.252345925	4.060732927	0.424469976	0	1.437202582	0.4693983	0.051176938	0.99499824	0.454187589	0.011848138	2.479661344	-5.5165E-33	0	0	0.586443403	0.02080321	1.972065954
790	0.352747602	-2.41313E-15	4.449163362	2.727292385	0.251862774	4.059814103	0.425315153	0	1.438671046	0.469512745	0.051412431	0.99499824	0.454608791	0.011853437	2.481022716	-5.7991E-33	0	0	0.587373323	0.020904693	1.974171384
791	0.351665211	-2.41313E-15	4.447419749	2.726065857	0.251664982	4.058907793	0.426159896	0	1.440136495	0.469626719	0.051648929	0.99499824	0.455029673	0.0118782	2.486349951	-5.66549E-33	0	0	0.588302644	0.020988518	1.976079826
792	0.35058742	-2.41313E-15	4.445671574	2.724836335	0.252483475	4.058278974	0.42700429	0	1.441599571	0.469740223	0.051886435	0.99499824	0.455450367	0.011939269	2.487359025	-5.49011E-33	0	0	0.589231364	0.021064917	1.977953778
793	0.349514216	-2.41569E-15	4.443918827	2.723603588	0.253329907	4.059536638	0.427848539	0	1.44306095	0.469853259	0.052124952	0.99499824	0.455870914	0.011989593	2.488183822	-5.12606E-33	0	0	0.590159484	0.021142067	1.981155885
794	0.348445581	-2.41569E-15	4.442079753	2.722368678	0.254179075	4.058110578	0.428692127	0	1.444520634	0.469965828	0.052364486	0.99499824	0.456290783	0.011998544	2.489000351	-4.79801E-33	0	0	0.591087002	0.021219475	1.98291413
795	0.347381499	-2.41569E-15	4.439839799	2.721131474	0.253749953	4.057011057	0.429535342	0	1.445978626	0.470077933	0.05260504	0.99499824	0.456709833	0.012057696	2.489811286	-4.62264E-33	0	0	0.592013918	0.021297142	1.985222575
796	0.346321955	-2.41569E-15	4.437576826	2.719891095	0.25460046	4.056045089	0.430378449	0	1.447434928	0.470189574	0.052770332	0.99499824	0.457128694	0.012065775	2.490621618	-4.37524E-33	0	0	0.592940232	0.02137507	1.986887598
797	0.345266933	-2.42096E-15	4.435301885	2.71864734	0.255075878	4.054769504	0.431221554	0	1.448889541	0.470300754	0.052905521	0.99499824	0.457547476	0.012073849	2.491431348	-4.31175E-33	0	0	0.593865943	0.021453259	1.988250533
798	0.344216417	-2.42096E-15	4.4330184	2.717401333	0.25589427	4.053439081	0.432064674	0	1.450342468	0.470411474	0.053040963	0.99499824	0.457965054	0.012082827	2.492240477	-4.10226E-33	0	0	0.594791048	0.021543318	1.98957552
799	0.34317039	-2.42096E-15	4.430579005	2.716152497	0.256741909	4.052047799	0.432907791	0	1.451793709	0.470521736	0.053176657	0.99499824	0.458382037	0.012120911	2.495823767	-3.5951E-33	0	0	0.595715549	0.021646869	1.991906717
800	0.342128836	-2.42096E-15	4.428064682	2.714900427	0.257592208	4.051896323	0.433750956	0	1.455917971	0.470631542	0.053312603	0.99499824	0.458798794	0.012156737	2.500006053	-3.3449E-33	0	0	0.596639444	0.021751198	1.993602971
801	0.341091741	-2.42096E-15	4.425540089	2.713645447	0.258445174	4.049805198	0.434594144	0	1.457565382	0.470740893	0.05349512	0.99499824	0.459215042	0.012163161	2.500816266	-3.09749E-33	0	0	0.597562733	0.021856807	1.995552312
802	0.340059087	-2.42096E-15	4.423005192	2.712389018	0.259300814	4.047602266	0.435436961	0	1.459199852	0.470849791	0.053703511	0.99499824	0.459629729	0.012168374	2.504931438	-2.81217E-33	0	0	0.598485414	0.021962893	1.998201072
803	0.339030858	-2.42096E-15	4.420459951	2.711130938	0.257464776	4.045500915	0.43627949	0	1.460832194	0.470958238	0.05391469	0.99499824	0.460042989	0.012173581	2.506586789	-2.52686E-33	0	0	0.599407486	0.022070974	2.000846279
804	0.338007038	-2.42096E-15	4.41790433	2.709872146	0.256167939	4.044087625	0.437121436	0	1.46246241	0.471066235	0.054126877	0.99499824	0.460454194	0.01217878	2.507637158	-2.46338E-33	0	0	0.600328951	0.022194949	2.003452994
805	0.33698761	-2.42096E-15	4.415338291	2.708611243	0.256978543	4.044154557	0.437962777	0	1.464090504	0.471173784	0.054339837	0.995148427	0.460864777	0.012183974	2.509927616	-2.36466E-33	0	0	0.601249808	0.022319305	2.006301021
806	0.335972559	-2.42096E-15	4.412773611	2.707348014	0.257800262	4.043080853	0.438803859	0	1.465716477	0.471280887	0.054553573	0.995150117	0.461274624	0.012189892	2.51084984	-2.33914E-33	0	0	0.602170057	0.02244404	2.008888975
807	0.334961869	-2.42096E-15	4.410652866	2.706082215	0.25780869	4.042793557	0.439644803	0	1.467340334	0.471387546	0.054768086	0.995150117	0.461683872	0.012219828	2.511771173	-2.13173E-33	0	0	0.603089695	0.022569151	2.011314278
808	0.333955524	-2.42096E-15	4.408525352	2.704813388	0.258639341	4.041153514	0.440485598	0	1.468962076	0.471493761	0.05498338	0.995150117	0.462093006	0.012229322	2.512691619	-1.95744E-33	0	0	0.604008723	0.022694633	2.013951794
809	0.332953508	-2.42096E-15	4.40639105	2.703542614	0.259472438	4.040857666	0.441325874	0	1.471097198	0.471599535	0.05519984	0.995150117	0.462501329	0.01225243	2.513611176	-1.81788E-33	0	0	0.60492714	0.022781454	2.016555891
810	0.331955805	-2.42096E-15	4.404249943	2.702269192	0.260307988	4.039913295	0.442165815	0	1.473388556	0.471704869	0.05544355	0.995150117	0.462909374	0.012260405	2.514517376	-1.7968E-33	0	0	0.605844945	0.022825753	2.019149359
811	0.3309624	-2.42096E-15	4.402102012	2.700993569	0.261145996	4.038220458	0.443005578	0	1.475682852	0.471809765	0.055701718	0.995150117	0.463316552	0.012268375	2.515373891	-1.64272E-33	0	0	0.606762137	0.022926088	2.021739369
812	0.329973276	-2.42096E-15	4.399947238	2.699715883	0.261986468	4.036755589	0.443845275	0	1.477991835	0.471914224	0.055961321	0.995150117	0.463722626	0.012313126	2.516229546	-1.37632E-33	0	0	0.607678716	0.022996646	2.023923842
813	0.328988417	-2.42096E-15	4.397785604	2.698436355	0.262829409	4.035113173	0.444684833	0	1.480298276	0.472018249	0.056222011	0.995150117	0.464127466	0.012348709	2.517084341	-9.80186E-34	0	0	0.608594681	0.02306862	2.025773223
814	0.328007807	-2.42096E-15	4.395394774	2.697154296	0.263666372	4.03370942	0.445524313	0	1.482602181	0.472121841	0.05648379	0.995150117	0.464531712	0.012357779	2.517938277	-8.24169E-34	0	0	0.609510032	0.023189424	2.027619961
815	0.327031429	-2.42096E-15	4.392974151	2.695869985	0.264513089	4.032981719	0.446363717	0	1.484882302	0.472225001	0.056746663	0.995150117	0.4649351	0.012380745	2.518791355	-8.1831E-34	0	0	0.610424768	0.0233157	2.029464059
816	0.326059268	-2.42096E-15	4.390544535	2.694583356	0.265362284	4.031929464	0.447203005	0	1.486973341	0.472327731	0.057010632	0.995150117	0.465337751	0.012413033	2.520075098	-9.39008E-34	0	0	0.611338889	0.02344262	2.031305522
817	0.325091308	-2.42096E-15	4.388105893	2.693293758	0.266213961	4.033359427	0.448042146	0	1.489491544	0.472430033	0.057275701	0.995150117	0.465740361	0.012460023	2.520980047	-1.20479E-33	0	0	0.612252395	0.023570186	2.033144352
818	0.32412753	-2.42096E-15	4.385658196	2.692001404	0.267068125	4.032563368	0.448881007	0	1.491759216	0.472531909	0.057541874	0.995150117	0.466142866	0.012482951	2.521884129	-1.29118E-33	0	0	0.613165284	0.023691108	2.035566076
819	0.32316792	-2.42096E-15	4.383201412	2.69070698	0.267924783	4.031620497	0.449719425	0	1.494024429	0.47263336	0.057809154	0.995150117	0.466544759	0.012490483	2.522787345	-1.08688E-33	0	0	0.614077556	0.023764119	2.038074821
820	0.32221246	-2.42096E-15	4.380735509	2.689411262	0.26878394	4.030526785	0.450556767	0	1.495667806	0.472734388	0.058077544	0.996121375	0.466945912	0.012498009	2.523706843	-1.02789E-33	0	0	0.614989211	0.023823998	2.040579246
821	0.321261133	-2.42096E-15	4.378260458	2.688114343	0.269645602	4.031319647	0.451392754	0	1.497214571	0.472834995	0.058347049	0.997349908	0.467346525	0.012505528	2.524597524	-8.31609E-34	0	0	0.615900248	0.023883998	2.04307936
822	0.320313922	-2.42096E-15	4.375776226	2.686815669	0.270509774	4.030193487	0.452227954	0	1.498759277	0.472935183	0.058617672	0.998410082	0.467746604	0.012513255	2.525808743	-9.38112E-34	0	0	0.616810668	0.023944121	2.04557517
823	0.319370808	-2.42096E-15	4.373282782	2.685515276	0.271376461	4.029781152	0.453062432	0	1.500301925	0.473034953	0.058889415	0.998540867	0.46814606	0.012522087	2.526800662	-1.16674E-33	0	0	0.61772047	0.024004366	2.048071042
824	0.318431776	-2.42096E-15	4.370780094	2.684212943	0.27224567	4.028369724	0.453896336	0	1.50184252	0.473134308	0.059162284	0.998750744	0.468544984	0.012561125	2.527923198	-1.27787E-33	0	0	0.618629654	0.024064734	2.050411934
825	0.317496806	-2.42096E-15	4.368268131	2.682908876	0.273117406	4.026975995	0.454729252	0	1.507239082	0.473233248	0.059421499	0.99925435	0.468943598	0.012591111	2.529488281	-1.24627E-33	0	0	0.619538219	0.024125226	2.052036849
826	0.316565882	-2.42096E-15	4.365746862	2.681602757	0.273991674	4.025863999	0.45556136	0	1.509545312	0.473331777	0.059598264	0.999254673	0.469342059	0.012595346	2.534007422	-1.27733E-33	0	0	0.620446165	0.02418584	2.053653259
827	0.315638984	-2.42096E-15	4.363216254	2.680295319	0.274868481	4.026359138	0.456392937	0	1.51092341	0.473429896	0.059775453	0.999254989	0.469739372	0.012599573	2.534654541	-1.20659E-33	0	0	0.621353491	0.024246578	2.05524343
828	0.314716095	-2.42096E-15	4.360666993	2.67898575	0.275747831	4.025782684	0.457224162	0	1.512296192	0.473527606	0.059953068	0.999775081	0.47013619	0.012603792	2.536040711	-1.08062E-33	0	0	0.622260197	0.02430744	2.056831097
829	0.313797195	-2.42096E-15	4.358101223	2.677674305	0.276629731	4.0244094	0.458055185	0	1.513667034	0.473624911	0.060131108	0.999775704	0.470532122	0.012608002	2.536977074	-1.11115E-33	0	0	0.623166283	0.024368959	2.058416265
830	0.312882266	-2.42096E-15	4.355525878	2.676360521	0.277514185	4.02634669	0.458885981	0	1.51503594	0.473721811	0.060309575	0.999775704	0.470927674	0.012612205	2.537912583	-1.08831E-33	0	0	0.624071748	0.024430939	2.059998937
831	0.311971289	-2.42096E-15	4.352940923	2.675044724	0.277200721	4.02699524	0.459716576	0	1.516402911	0.473818309	0.060488469	0.999775704	0.471322511	0.012616868	2.538851614	-1.08217E-33	0	0	0.624976591	0.024493051	2.061579117
832	0.311064245	-2.42096E-15	4.350346327	2.673726618	0.277711979	4.025213917	0.460546965	0	1.517767952	0.473914407	0.060721821	0.999775704	0.471716952	0.012630636	2.540455097	-1.20271E-33	0	0	0.625880813	0.024572739	2.063152283
833	0.310161113	-2.42096E-15	4.347742055	2.672406228	0.278588788	4.023551035	0.461377176	0	1.519131064	0.474010106	0.060972153	0.999775704	0.472110963	0.012651277	2.542094979	-1.25203E-33	0	0	0.626784412	0.024681628	2.064449718
834	0.309261875	-2.42096E-15	4.345128075	2.671083932	0.279422105	4.022179733	0.462206858	0	1.521238435	0.47410541	0.061223392	0.999775704	0.472504536	0.012656606	2.543632535	-1.42667E-33	0	0	0.627687389	0.02479098	2.065915128
835	0.308366509	-2.42096E-15	4.342504353	2.669760005	0.280319223	4.020808896	0.463035612	0	1.523623599	0.47420032	0.061341605	0.999775704	0.47289781	0.012664056	2.545168194	-1.49448E-33	0	0	0.628589743	0.024900797	2.067534845
836	0.307474996	-2.42096E-15	4.339870857	2.668434404	0.281200145	4.019977029	0.463863615	0	1.525374559	0.474294839	0.061451851	0.999775704	0.473290674	0.01271997	2.548547551	-1.49763E-33	0	0	0.629491473	0.02501108	2.06915225
837	0.306587313	-2.42096E-15	4.337227551	2.667107227	0.281501565	4.01849795	0.464690974	0	1.526898494	0.474388968	0.061567766	0.999775704	0.473682936	0.01272432	2.549087003	-1.49763E-33	0	0	0.630392581	0.025121832	2.071001455
838	0.305703442	-2.42096E-15	4.334454015	2.665778455	0.281832646	4.016999164	0.465517765	0	1.528519896	0.47448271	0.061805761	0.999775704	0.474074563	0.012769333	2.549874998	-1.49763E-33	0	0	0.631293064	0.025233053	2.07265653
839	0.304823359	-2.42096E-15	4.331411474	2.664448539	0.282653944	4.015500852	0.466344227	0	1.529942519	0.474576067	0.062044666	0.999775704	0.474464884	0.012836781	2.551407035	-1.49763E-33	0	0	0.632192924	0.025345582	2.074266689
840	0.303947044	-2.42096E-15	4.328544059	2.663116578	0.283538274	4.016642869	0.467170494	0	1.531484688	0.474669042	0.062284427	0.999775704	0.474854683	0.012867583	2.553605796	-1.49763E-33	0	0	0.633092159	0.025459176	2.076299947
841	0.303074474	-2.42096E-15	4.326230369	2.661783223	0.284135308	4.016492236	0.467996436	0	1.533025281	0.474761636	0.062525047	0.999775704	0.47524346	0.012885738	2.557545066	-1.49763E-33	0	0	0.633990771	0.025573257	2.07896436
842	0.302205628	-2.42096E-15	4.323906459	2.660448674	0.284724297	4.015067136	0.46882181	0	1.534564299	0.474853853	0.062766528	0.999775704	0.475631277	0.01290207	2.558109639	-1.49763E-33	0	0	0.634888759	0.025687825	2.08162395
843	0.301340483	-2.42096E-15	4.321223307	2.65911234	0.285312411	4.013193748	0.469646742	0	1.536519086	0.474945693	0.063010567	0.999775704	0.476018619	0.012913588	2.558555679	-1.49763E-33	0	0	0.635786122	0.025802884	2.0842445
844	0.300479017	-2.42096E-15	4.318530282	2.657773992	0.285899634	4.012715858	0.470471513	0	1.539787461	0.475037161	0.063255668	0.999775704	0.476405457	0.012923816	2.560085291	-1.49763E-33	0	0	0.63668286	0.025918434	2.086859998
845	0.299621208	-2.42096E-15	4.315827352	2.656433271	0.285521955	4.012483348	0.47129621	0	1.543031734	0.475128258	0.063501653	0.999775704	0.47679208	0.012935066	2.564510723	-1.49763E-33	0	0	0.637578973	0.026034478	2.0894708
846	0.298767033	-2.42096E-15	4.313114483	2.655090095	0.284533683	4.012897747	0.472120873	0	1.546322784	0.475218987	0.063748524	0.999775704	0.477178552	0.012944544	2.565029925	-1.49763E-33	0	0	0.63847446	0.026151017	2.092076913
847	0.29791647	-2.42096E-15	4.310391642	2.653745097	0.284953379	4.010928235	0.472945478	0	1.548958186	0.475309349	0.063935659	0.999775704	0.477564285	0.012954772	2.565547935	-1.49763E-33	0	0	0.639369321	0.026268055	2.094678348
848	0.297069494	-2.42096E-15	4.307658795	2.652399156	0.283203369	4.008938246	0.473769889	0	1.550356222	0.475399349	0.064075854	0.999775704	0.477948556	0.012994773	2.566064755	-1.49763E-33	0	0	0.640263555	0.026385592	2.097275111
849	0.296226085	-2.42096E-15	4.30491591	2.651052062	0.284077565	4.006948849	0.474593852	0	1.551752899	0.475488987	0.064275036	0.999775704	0.478331851	0.013033195	2.566784849	-1.49763E-33	0	0	0.641157163	0.026501179	2.099867212
850	0.295386217	-2.42096E-15	4.302162821	2.649703142	0.284050276	4.00519111	0.475417385	0	1.553129306	0.475578266	0.064537646	0.999775704	0.478714847	0.013037388	2.568372827	-1.49763E-33	0	0	0.642050143	0.026595874	2.102035581
851	0.29454987	-2.42096E-15	4.299387213	2.648352412	0.283777478	4.003043101	0.476240754	0	1.554480126	0.47566719	0.064803031	0.999775704	0.479097279	0.013041579	2.569993832	-1.49763E-33	0	0	0.642942495	0.026690777	2.103876693
852	0.293717019	-2.42096E-15	4.29660136	2.647000085	0.284686726	4.003361357	0.477063863	0	1.556297098	0.475755759	0.065069404	0.999775704	0.479479054	0.013045766	2.573459239	-1.49763E-33	0	0	0.64383422	0.026785889	2.105704331
853	0.292887642	-2.42096E-15	4.293805225	2.645645965	0.285598708	4.000963346	0.477886558	0	1.559495094	0.475843978	0.065336767	0.999775704	0.479860541	0.013049952	2.574460024	-1.49763E-33	0	0	0.644725317	0.026851754	2.107529173
854	0.292061716	-2.42096E-15	4.290998776	2.644290216	0.28651343	3.99856454	0.478708737	0	1.562687951	0.475931847	0.065605125	0.999775704	0.480241697	0.013054798	2.575414969	-1.49763E-33	0	0	0.645615786	0.026889496	2.110431324
855	0.29123922	-2.42096E-15	4.288181976	2.642932766	0.287430899	3.997161288	0.479530263	0	1.565838843	0.47601937	0.065874479	0.999775704	0.480622753	0.013118353	2.576368828	-1.49763E-33	0	0	0.646505628	0.027033665	2.112343576
856	0.29042013	-2.42096E-15	4.285544962	2.641574092	0.288351121	3.99728487	0.48035105	0	1.567198428	0.476106549	0.066164587	0.999775704	0.481003339	0.013176617	2.577593308	-1.49763E-33	0	0	0.64739484	0.027168406	2.116849847
857	0.289604425	-2.42096E-15	4.28340693	2.6402145	0.289274105	3.994657193	0.48117137	0	1.568539252	0.476193386	0.066457019	0.999775704	0.481382893	0.013184966	2.579089145	-1.49763E-33	0	0	0.648283425	0.02726455	2.120025163
858	0.288792083	-2.42096E-15	4.281263559	2.638853249	0.290199856	3.992668427	0.481991254	0	1.569878597	0.476279883	0.066750486	0.999775704	0.48176215	0.013218335	2.580583149	-1.49763E-33	0	0	0.649171381	0.027371713	2.123152988
859	0.287983082	-2.42096E-15	4.278925795	2.637490383	0.291128382	3.99168099	0.482810934	0	1.571216466	0.476366044	0.067039893	0.999775704	0.482140849	0.013224209	2.584789587	-1.49763E-33	0	0	0.650058707	0.027500143	2.125733089
860	0.287177402	-2.42096E-15	4.275973416	2.636126232	0.29205969	3.990884788	0.483630524	0	1.572552858	0.476451869	0.067299491	0.999775704	0.482518569	0.013230078	2.585369841	-1.49763E-33	0	0	0.650945405	0.02762912	2.128308538
861	0.286375021	-2.42096E-15	4.273009835	2.634761093	0.292060981	3.989658778	0.484450043	0	1.573887777	0.476537361	0.06756002	1.000247732	0.48289501	0.013235942	2.589139193	-1.49763E-33	0	0	0.651831473	0.027758645	2.130869672
862	0.285575918	-2.42096E-15	4.270019597	2.633395185	0.291084717	3.989399983	0.485269349	0	1.575221224	0.476622523	0.067821484	1.000247732	0.483270115	0.013241801	2.594098728	-1.49763E-33	0	0	0.652716911	0.02788872	2.133407252
863	0.284780073	-2.42096E-15	4.268265829	2.632027585	0.291965929	3.990429148	0.48608841	0	1.5765532	0.476707356	0.068083886	1.000495474	0.483644856	0.013247654	2.599206757	-1.49763E-33	0	0	0.65360172	0.027986684	2.135938112
864	0.283987467	-2.42096E-15	4.265908078	2.630658824	0.292893505	3.987762549	0.486907063	0	1.577883707	0.476791862	0.068347229	1.000495474	0.484018884	0.013253501	2.604160733	-1.49763E-33	0	0	0.654485899	0.028055983	2.137713221
865	0.28319808	-2.42096E-15	4.262828976	2.629289474	0.293829433	3.988291162	0.487725078	0	1.579212746	0.476876045	0.068617819	1.000495474	0.484391876	0.013259344	2.605401135	-1.49763E-33	0	0	0.655369449	0.028114235	2.139183276
866	0.282411893	-2.42096E-15	4.259737893	2.627919186	0.294768161	3.986928599	0.488542468	0	1.580540321	0.476959904	0.068897402	1.000495474	0.484764181	0.013265181	2.609334881	-1.49763E-33	0	0	0.656252368	0.028172476	2.140651228
867	0.281628887	-2.42096E-15	4.256622109	2.626547579	0.295709696	3.985820146	0.489359654	0	1.581812612	0.477043443	0.069178016	1.000495474	0.485135778	0.013271013	2.612577156	-1.49763E-33	0	0	0.657134658	0.028230706	2.142117079
868	0.280849044	-2.42096E-15	4.253470885	2.625174587	0.295155897	3.986620768	0.490176606	0	1.58326954	0.477126664	0.069459663	1.000495474	0.485506783	0.013283495	2.61326316	-1.49763E-33	0	0	0.658016318	0.028350582	2.143580832
869	0.280072346	-2.42096E-15	4.250307319	2.623800177	0.295113092	3.986168344	0.490993256	0	1.584599161	0.477209568	0.069742348	1.000495474	0.485877307	0.013350278	2.613823681	-1.49763E-33	0	0	0.658897346	0.028480674	2.145042491
870	0.279298775	-2.42096E-15	4.247131369	2.622424546	0.296043688	3.984422979	0.491809801	0	1.585927328	0.477292156	0.070026072	1.000495474	0.486246978	0.013417359	2.614383645	-1.49763E-33	0	0	0.659777744	0.028575326	2.146502059
871	0.278528314	-2.42096E-15	4.243942994	2.621047938	0.296979481	3.983815481	0.492626167	0	1.587254043	0.477374432	0.07031084	1.000495474	0.486615639	0.013445071	2.614943053	-1.49763E-33	0	0	0.660657511	0.028660271	2.147959537
872	0.277760946	-2.42096E-15	4.240742152	2.619670086	0.297462818	3.982935174	0.493442372	0	1.588579307	0.477456396	0.070596654	1.000495474	0.486983555	0.013451587	2.615494651	-1.49763E-33	0	0	0.661536646	0.0287213	2.149414931
873	0.276996654	-2.42096E-15	4.2375288	2.618290596	0.298459141	3.98146017	0.494258474	0	1.590907262	0.47753805	0.070883518	1.000495474	0.487351076	0.013458097	2.616036459	-1.49763E-33	0	0	0.66241515	0.028814788	2.151339938
874	0.276235422	-2.42096E-15	4.2355008	2.616910177	0.299467974	3.980269147	0.495074309	0	1.593984911	0.477619395	0.07109367	1.000495474	0.487717675	0.013464602	2.616577723	-1.49763E-33	0	0	0.663293022	0.028911536	2.154121597
875	0.275477234	-2.42096E-15	4.233643716	2.615528551	0.300479978	3.97907848	0.495889992	0	1.596754815	0.477700435	0.071302259	1.001349133	0.488083526	0.013471101	2.617118443	-1.49763E-33	0	0	0.664170263	0.028995068	2.156899415
876	0.274722073	-2.42096E-15	4.231783369	2.614145428	0.300888628	3.977877591	0.496705702	0	1.598293327	0.477781169	0.071574385	1.001349133	0.488448757	0.013477595	2.617658621	-1.49763E-33	0	0	0.665046872	0.029074919	2.159673396
877	0.273969924	-2.42096E-15	4.229919756	2.612760853	0.301796716	3.976646708	0.497521485	0	1.599829886	0.4778616	0.071847473	1.001349133	0.48881329	0.013484083	2.618198256	-1.49763E-33	0	0	0.665922849	0.02915788	2.162443547
878	0.273220771	-2.42096E-15	4.228052875	2.611375345	0.30128229	3.975488073	0.498337251	0	1.601364495	0.477941729	0.072121524	1.001349133	0.489176711	0.013490566	2.618737349	-1.49763E-33	0	0	0.666798193	0.029241055	2.164971657
879	0.272474601	-2.42096E-15	4.225049718	2.609988002	0.299060434	3.974728736	0.499153089	0	1.602884634	0.478021557	0.072396543	1.001349133	0.489539846	0.013497043	2.6192759	-1.49763E-33	0	0	0.667672905	0.029324439	2.166463366
880	0.271731397	-2.42096E-15	4.221957756	2.60859929	0.300061785	3.973634072	0.499968991	0	1.604379326	0.478101087	0.072674335	1.001349133	0.489902251	0.013503515	2.619813911	-1.49763E-33	0	0	0.668546984	0.029408032	2.167951083
881	0.270991145	-2.42096E-15	4.218854071	2.607208924	0.300240062	3.972273497	0.500784819	0	1.60639904	0.478180319	0.072954286	1.001349133	0.490264363	0.013509493	2.620351382	-1.49763E-33	0	0	0.66942043	0.029518616	2.170231045
882	0.270253832	-2.42096E-15	4.215738621	2.605817293	0.300553583	3.971907029	0.501600447	0	1.60886035	0.478259254	0.073235235	1.001349133	0.490625931	0.013515204	2.620888312	-1.49763E-33	0	0	0.670293242	0.029605508	2.172539465
883	0.269519442	-2.42096E-15	4.212611363	2.604424616	0.298614375	3.970598716	0.502416039	0	1.611318648	0.478337895	0.073517186	1.001349133	0.490986587	0.013523352	2.621424704	-1.49763E-33	0	0	0.67116542	0.029700209	2.174355202
884	0.268787963	-2.42096E-15	4.209472254	2.603030018	0.298378609	3.969326878	0.503231676	0	1.613773936	0.478416243	0.073800141	1.001349133	0.491347135	0.013543997	2.621960557	-1.49763E-33	0	0	0.672036965	0.029841131	2.176162543
885	0.26805938	-2.42096E-15	4.206302182	2.601633837	0.299297769	3.96800254	0.50404721	0	1.616226216	0.478494298	0.074084104	1.001349133	0.4917074	0.013551101	2.622495872	-1.49763E-33	0	0	0.672907875	0.029982691	2.177967734
886	0.267333681	-2.42096E-15	4.20311116	2.600237067	0.300264395	3.966037284	0.504862139	0	1.618675493	0.478572063	0.074369078	1.001349133	0.492066899	0.013558201	2.623030649	-1.49763E-33	0	0	0.673778151	0.030108227	2.179770778
887	0.266610851	-2.42096E-15	4.199907985	2.598838965	0.301234097	3.967287606	0.505676699	0	1.621121768	0.478649538	0.074655067	1.001349133	0.492426155	0.013565707	2.623992251	-1.49763E-33	0	0	0.674647793	0.03020973	2.181571678
888	0.26589088	-2.42096E-15	4.196692613	2.597439398	0.302206886	3.966021567	0.50649126	0	1.623565045	0.478726724	0.074922597	1.001349133	0.492784939	0.013582972	2.625431128	-1.49763E-33	0	0	0.675516799	0.030311797	2.183370435
889	0.265173753	-2.42096E-15	4.193465	2.596038263	0.303182771	3.966398933	0.507305921	0	1.625447136	0.478803623	0.075080237	1.001535417	0.49314327	0.013604595	2.626868235	-1.49763E-33	0	0	0.676385171	0.03041405	2.185167053
890	0.26445946	-2.42096E-15	4.190225103	2.594635482	0.304161761	3.964945487	0.508120676	0	1.627082605	0.478880236	0.075313672	1.00161878	0.49350124	0.013633964	2.628303576	-1.49763E-33	0	0	0.677252906	0.030516486	2.186959262
891	0.263747987	-2.42096E-15	4.186972876	2.593232355	0.304176404	3.962139109	0.508935334	0	1.628715871	0.478956564	0.075622257	1.00161878	0.493857755	0.013641155	2.632211925	-1.49763E-33	0	0	0.678120006	0.030651919	2.188739506
892	0.263039323	-2.42096E-15	4.183708276	2.591828213	0.302313962	3.960479684	0.509749792	0	1.630671934	0.479032608	0.07593506	1.00161878	0.494213593	0.013659743	2.637346471	-1.49763E-33	0	0	0.678986471	0.030808394	2.190517638
893	0.262333456	-2.42096E-15	4.180431258	2.59042253	0.303237552	3.959561796	0.510564203	0	1.632232997	0.47910837	0.076249756	1.00161878	0.494569142	0.013679009	2.64224667	-1.49763E-33	0	0	0.679852299	0.030965534	2.192293663
894	0.261630376	-2.42096E-15	4.177141779	2.589016139	0.304183622	3.958674138	0.511378344	0	1.633792343	0.479183849	0.076565603	1.00161878	0.494923801	0.013686169	2.647418629	-1.49763E-33	0	0	0.680717491	0.031123339	2.194067582
895	0.260930069	-2.42096E-15	4.173839793	2.587608712	0.305132451	3.957736227	0.512192126	0	1.635349973	0.479259048	0.076882604	1.00161878	0.495277998	0.013693327	2.648333833	-1.49763E-33	0	0	0.681582047	0.031281812	2.195839397
896	0.260232527	-2.42096E-15	4.170525255	2.586200159	0.306084045	3.957901558	0.513005793	0	1.636969763	0.479333968	0.077200761	1.00161878	0.495631586	0.013700483	2.651520886	-1.49763E-33	0	0	0.682445967	0.031440954	2.197609112
897	0.259537738	-2.42096E-15	4.16719812	2.584790352	0.307038413	3.959005554	0.513819355	0	1.638598702	0.479408609	0.077520077	1.00161878	0.495984697	0.013707636	2.655647729	-1.49763E-33	0	0	0.683309251	0.031599114	2.199182179
898	0.25884569	-2.42096E-15	4.163858345	2.583379653	0.307995559	3.957870207	0.514632536	0	1.64022616	0.479482972	0.077839989	1.00161878	0.496337252	0.013714787	2.656293952	-1.49763E-33	0	0	0.684171898	0.031708439	2.200606606
899	0.258156374	-2.42096E-15	4.160505882	2.581968808	0.308739553	3.956865018	0.515444822	0	1.64185214	0.479557059	0.078072267	1.00161878	0.496689029	0.013721936	2.656939193	-1.49763E-33	0	0	0.685033909	0.031818111	2.202028701
900	0.257469778	-2.42096E-15	4.157140688	2.580557255	0.307701491	3.956105493	0.516256556	0	1.643476642	0.47963087	0.078305105	1.00161878	0.497040257	0.013729083	2.657583455	-1.49763E-33	0	0	0.685895283	0.031955855	2.203448467
901	0.256785894	-2.42096E-15	4.153762716	2.579144808	0.307534595	3.954831643	0.517068	0	1.64598595	0.479704406	0.078538503	1.00161878	0.497390871	0.013736227	2.658226739	-1.49763E-33	0	0	0.686756022	0.03210366	2.204863292
902	0.256104709	-2.42096E-15	4.150371921	2.577731527	0.308400797	3.955596167	0.517879248	0	1.651408717	0.479777668	0.078806605	1.00161878	0.497740725	0.01374337	2.658864234	-1.49764E-33	0	0	0.687616123	0.032252118	2.20626117
903	0.255426215	-2.42096E-15	4.146968258	2.576317287	0.309307393	3.955048406	0.518690171	0	1.653098449	0.479850658	0.079126035	1.00161878	0.498090081	0.01375051	2.662842003	-1.49765E-33	0	0	0.688475588	0.032401232	2.20765673
904	0.2547504	-2.42096E-15	4.14355168	2.574901928	0.310228116	3.954568142	0.519500837	0	1.65478608	0.479923376	0.079448167	1.00161878	0.498439043	0.013757647	2.664392992	-1.49766E-33	0	0	0.689334415	0.032551003	2.209049978
905	0.254077256	-2.42096E-15	4.140122142	2.573485293	0.311150908	3.953777001	0.520311323	0	1.656471613	0.479995822	0.079794662	1.00161878	0.4987877	0.013764783	2.665521131	-1.49766E-33	0	0	0.690192606	0.032701436	2.210440915
906	0.253406773	-2.42096E-15	4.136679597	2.572067869	0.3118853	3.95229882	0.521121607	0	1.658155049	0.480067999	0.08015857	1.00161878	0.499135593	0.013771917	2.66735999	-1.49766E-33	0	0	0.691050159	0.032853391	2.211726689
907	0.252738939	-2.42096E-15	4.133223999	2.570648988	0.311237294	3.951454947	0.521931791	0	1.659753208	0.480139906	0.080523759	1.00161878	0.4994833	0.01378271	2.66818866	-1.49766E-33	0	0	0.691907075	0.033006184	2.212800937
908	0.252073746	-2.42096E-15	4.129755302	2.569228851	0.310800094	3.950325969	0.522741871	0	1.66123632	0.480211545	0.080890229	1.00161878	0.499830633	0.013792084	2.669016359	-1.49766E-33	0	0	0.692763354	0.033159651	2.213873111
909	0.251411184	-2.42096E-15	4.126273459	2.567807475	0.31172271	3.948860278	0.5235518	0	1.662717211	0.480282917	0.081200559	1.00161878	0.50017763	0.013797947	2.670023651	-1.49766E-33	0	0	0.693618995	0.033313796	2.214943216
910	0.250751242	-2.42096E-15	4.122778424	2.566385091	0.312199747	3.947111993	0.524361206	0	1.664195885	0.480354021	0.081510614	1.00161878	0.500524443	0.013803806	2.671138493	-1.49766E-33	0	0	0.694473998	0.033468621	2.216011254
911	0.25009391	-2.42096E-15	4.119270149	2.564961674	0.311341496	3.945538174	0.525170107	0	1.665786727	0.480424861	0.081821762	1.00168663	0.500871087	0.013809662	2.672265945	-1.49766E-33	0	0	0.695328362	0.03362413	2.217077231
912	0.249439178	-2.42096E-15	4.115748589	2.563537241	0.310442158	3.944194168	0.525978675	0	1.667343154	0.480495435	0.082134005	1.002453278	0.501217382	0.013815515	2.673559029	-1.49765E-33	0	0	0.696182088	0.033746705	2.218141149
913	0.248787036	-2.42096E-15	4.112213695	2.56211213	0.309512249	3.942317123	0.526786602	0	1.66861864	0.480565745	0.082447348	1.002710961	0.501563312	0.013822495	2.67486762	-1.49765E-33	0	0	0.697035175	0.033863616	2.219203014
914	0.248137474	-2.42096E-15	4.108665421	2.560685984	0.308604179	3.940975577	0.527594044	0	1.67008848	0.480635792	0.082761793	1.002733974	0.501909083	0.013829586	2.675918737	-1.49765E-33	0	0	0.697887624	0.0339809	2.220262828
915	0.247490481	-2.42096E-15	4.10510372	2.559258988	0.307714016	3.940109693	0.528400871	0	1.67155612	0.480705577	0.083077345	1.002733974	0.502254651	0.013836675	2.676950488	-8.01836E-34	0	0	0.698739433	0.034090525	2.221335467
916	0.246846045	-2.42096E-15	4.101528543	2.557830964	0.306826425	3.938726603	0.529207213	0	1.673021562	0.480775101	0.083394005	1.002733974	0.502600073	0.013843761	2.680790866	1.05637E-33	0	0	0.699590603	0.034175915	2.223079772
917	0.246204158	-2.42096E-15	4.097939844	2.556401984	0.305941398	3.937282951	0.530013157	0	1.674484811	0.480844364	0.083724803	1.002733974	0.502945203	0.013850846	2.681960824	1.46247E-33	0	0	0.700441134	0.03433106	2.224822085
918	0.245564808	-2.42096E-15	4.094337574	2.554971961	0.305058926	3.935876663	0.530818865	0	1.67594587	0.480913368	0.084061253	1.002733974	0.503289973	0.013857928	2.682665803	2.69649E-33	0	0	0.701291026	0.034446933	2.226562406
919	0.244927983	-2.42096E-15	4.090721686	2.553540799	0.304179004	3.935368785	0.531624309	0	1.67752974	0.480982113	0.08439885	1.002733974	0.503634516	0.013865009	2.683370192	3.6142E-33	0	0	0.702140279	0.03452013	2.228910265
920	0.244293674	-2.42096E-15	4.087092132	2.552108753	0.303301623	3.933982025	0.532429424	0	1.679370697	0.481050601	0.084737594	1.002733974	0.503978657	0.013872087	2.684073989	3.60369E-33	0	0	0.702988892	0.034521814	2.23141005
921	0.243661868	-2.42096E-15	4.083448863	2.550675634	0.302426776	3.932729528	0.533234274	0	1.681209287	0.481118832	0.085077489	1.002733974	0.504322527	0.013879163	2.684777195	3.92385E-33	0	0	0.703836865	0.034525696	2.234318412
922	0.243032555	-2.42096E-15	4.079791832	2.549241628	0.301554455	3.931782968	0.53403875	0	1.683045511	0.481186807	0.085418537	1.002733974	0.50466606	0.013886237	2.685479812	4.83794E-33	0	0	0.704684198	0.034586065	2.237217184
923	0.242405724	-2.42096E-15	4.07612099	2.5478074	0.300684654	3.932435162	0.534842562	0	1.684879371	0.481254528	0.08576074	1.002733974	0.505008895	0.013893308	2.686181839	4.50208E-33	0	0	0.705530892	0.034720683	2.24005423
924	0.241781362	-2.42096E-15	4.072436288	2.546372532	0.299817366	3.932589598	0.53564595	0	1.688252617	0.481321995	0.0861041	1.002733974	0.505351216	0.013913779	2.68690371	3.95945E-33	0	0	0.706376945	0.034858567	2.242886565
925	0.241159459	-2.42096E-15	4.069659293	2.544936739	0.299120252	3.933362962	0.53644898	0	1.689941584	0.481389208	0.086289687	1.002733974	0.505693256	0.013921095	2.687998797	4.8718E-33	0	0	0.707222359	0.034919378	2.245330847
926	0.240540002	-2.42096E-15	4.06835785	2.543500248	0.298454255	3.931933226	0.537251758	0	1.691586299	0.48145617	0.086615225	1.002733974	0.50603469	0.013941547	2.689092898	4.8645E-33	0	0	0.708067132	0.034958194	2.246884486
927	0.239922981	-2.42096E-15	4.067056102	2.542063778	0.297789744	3.931557525	0.538054261	0	1.696994777	0.481522882	0.086944564	1.002733974	0.506374833	0.013964561	2.691673447	4.514E-33	0	0	0.708911265	0.035003678	2.248434457
928	0.239308383	-2.42096E-15	4.065754051	2.540627317	0.297127984	3.932052057	0.538856287	0	1.698547905	0.481589343	0.087250027	1.002733974	0.506713911	0.013969101	2.693737385	3.99053E-33	0	0	0.709754759	0.035149248	2.249959586
929	0.238696198	-2.42096E-15	4.064451699	2.539190515	0.297253383	3.930439518	0.539657886	0	1.700098958	0.481655555	0.087582922	1.00296682	0.507052234	0.013973637	2.694239528	4.87414E-33	0	0	0.710597612	0.035319329	2.251473967
930	0.238086413	-2.42096E-15	4.063149046	2.537753171	0.298086377	3.928242728	0.540459062	0	1.701647938	0.481721519	0.087932739	1.003242761	0.507390009	0.013978169	2.694740769	4.83286E-33	0	0	0.711439826	0.035490166	2.252984772
931	0.237479016	-2.42096E-15	4.061846096	2.536315699	0.29893238	3.927043494	0.541259826	0	1.703189945	0.481787237	0.088267314	1.003512018	0.507726822	0.013982732	2.69524111	5.17059E-33	0	0	0.712281401	0.035661762	2.254492013
932	0.236873997	-2.42096E-15	4.060542848	2.534878332	0.299808676	3.924335546	0.542060033	0	1.704720221	0.481852708	0.088603061	1.003774751	0.508062594	0.013987318	2.695740552	6.4157E-33	0	0	0.713122336	0.035834119	2.256261766
933	0.236271344	-2.42096E-15	4.059239306	2.533440348	0.299621971	3.923432208	0.542859719	0	1.706248475	0.481917934	0.088939985	1.003921028	0.508398024	0.0139919	2.697480992	7.64882E-33	0	0	0.713962631	0.035945199	2.258495551
934	0.235671044	-2.42096E-15	4.055943373	2.532001797	0.299070894	3.922509086	0.543658767	0	1.70777471	0.481982917	0.089278088	1.003921028	0.508733189	0.013996478	2.698011693	8.55105E-33	0	0	0.714802286	0.035999108	2.260725892
935	0.235073087	-2.42096E-15	4.052451582	2.530562832	0.299193571	3.921813946	0.544457457	0	1.709298928	0.482047656	0.089622933	1.003921028	0.509067666	0.014001051	2.698970542	8.53428E-33	0	0	0.715641302	0.036052709	2.262950429
936	0.234477461	-2.42096E-15	4.048927953	2.529123793	0.30006361	3.919974313	0.545255797	0	1.710821133	0.482112154	0.089954983	1.003921028	0.509401116	0.014005621	2.700050221	5.53525E-33	0	0	0.716479679	0.036106002	2.26516719
937	0.233884154	-2.42096E-15	4.045392925	2.527683908	0.300973025	3.918108389	0.546053839	0	1.712341327	0.48217641	0.090293159	1.003921028	0.509734271	0.014010186	2.700831637	5.63118E-33	0	0	0.717317417	0.03620907	2.267380515
938	0.233293156	-2.42096E-15	4.041846472	2.526243183	0.301134474	3.916785628	0.546851668	0	1.713859512	0.482240427	0.090632507	1.003921028	0.510067052	0.014014746	2.701161913	7.0875E-33	0	0	0.718154515	0.036329994	2.269551272
939	0.232704454	-2.42096E-15	4.038288569	2.524801683	0.299360007	3.915681986	0.547649311	0	1.715375692	0.482304205	0.090973031	1.003921028	0.510399373	0.014019303	2.701587072	8.05203E-33	0	0	0.718990974	0.036453495	2.270992945
940	0.232118038	-2.42096E-15	4.034719189	2.523359687	0.297105849	3.917083203	0.548446626	0	1.716889868	0.482367744	0.091314732	1.003921028	0.510731112	0.014023855	2.702605825	8.05855E-33	0	0	0.719826793	0.036577789	2.272426998
941	0.231533896	-2.42096E-15	4.031138307	2.521917402	0.297907219	3.915160833	0.549243653	0	1.718402044	0.482431047	0.091657617	1.003921028	0.51106203	0.014028402	2.704041687	7.76953E-33	0	0	0.720661972	0.03670247	2.273850639
942	0.230952016	-2.42096E-15	4.027545898	2.52047458	0.298784755	3.912354012	0.550040367	0	1.719912222	0.482494114	0.092004535	1.003921028	0.511392411	0.014032945	2.706680548	6.86268E-33	0	0	0.721496512	0.03682754	2.275271964
943	0.230372389	-2.42096E-15	4.023941935	2.519031149	0.299664716	3.909439566	0.550836614	0	1.721420405	0.482556945	0.092353015	1.003921028	0.511722491	0.014037484	2.707766252	7.02017E-33	0	0	0.722330412	0.03697466	2.276690978
944	0.229795002	-2.42096E-15	4.020326394	2.517587136	0.300004972	3.90813484	0.55163247	0	1.722972093	0.482619543	0.092702707	1.003921028	0.512052178	0.014042371	2.708850983	7.4705E-33	0	0	0.723163672	0.037132199	2.278107685
945	0.229219844	-2.42096E-15	4.016699249	2.516142141	0.299313659	3.905537076	0.55242813	0	1.724750103	0.482681908	0.093053616	1.003921028	0.512381686	0.014049365	2.709934741	7.444E-33	0	0	0.723996292	0.037290334	2.279522088
946	0.228646904	-2.42096E-15	4.012847973	2.514696316	0.299964553	3.904584241	0.553223667	0	1.726525808	0.482744041	0.093405745	1.003921028	0.512710802	0.014056356	2.711017527	7.45494E-33	0	0	0.724828271	0.037449066	2.280934192
947	0.228076171	-2.42096E-15	4.00893575	2.513250087	0.300212179	3.903704882	0.554018693	0	1.728299209	0.482805943	0.093759098	1.003921028	0.513039496	0.014063346	2.712099342	7.65652E-33	0	0	0.72565961	0.037608397	2.282343999
948	0.227507633	-2.42096E-15	4.005009758	2.511804641	0.300597515	3.902761848	0.554812316	0	1.730070309	0.482867616	0.094113678	1.003921028	0.513367484	0.014070333	2.713180188	8.04813E-33	0	0	0.72649031	0.037768328	2.283751514
949	0.22694128	-2.42096E-15	4.001069958	2.510359212	0.299383958	3.90181584	0.555605036	0	1.731839109	0.482929059	0.094469489	1.003921028	0.513695042	0.014077318	2.714260063	8.32093E-33	0	0	0.72732037	0.03792886	2.28515674
950	0.2263771	-2.42096E-15	3.997116317	2.50891392	0.298920355	3.900865273	0.556397005	0	1.733605612	0.482990275	0.094826535	1.003921028	0.514021909	0.014084301	2.715338971	8.59742E-33	0	0	0.728149792	0.03807603	2.286559681
951	0.225815083	-2.42096E-15	3.993148799	2.507468234	0.298462601	3.899710353	0.557188606	0	1.73536982	0.483051264	0.095184818	1.003921028	0.51434824	0.014091282	2.716416911	8.11124E-33	0	0	0.728978574	0.038176928	2.287960341
952	0.225255217	-2.42096E-15	3.989167367	2.506021878	0.298063968	3.898784938	0.557980022	0	1.737131735	0.483112028	0.095544344	1.003921028	0.514674139	0.014113733	2.717516091	7.92257E-33	0	0	0.729806717	0.038278061	2.289358723
953	0.224697493	-2.42096E-15	3.985171987	2.504575291	0.297680083	3.897437538	0.558771097	0	1.738709907	0.483172566	0.095905115	1.003921028	0.514999332	0.014129309	2.71899127	7.49213E-33	0	0	0.730634221	0.038379429	2.290754832
954	0.224141899	-2.42096E-15	3.981162622	2.50312824	0.297296792	3.895781536	0.559561646	0	1.740146445	0.483232881	0.096305879	1.003921028	0.515324247	0.014135457	2.719753798	7.22955E-33	0	0	0.731461086	0.038481032	2.292148671
955	0.223588426	-2.42096E-15	3.977139237	2.501680305	0.297894952	3.894336289	0.560351943	0	1.741581723	0.483292973	0.096709659	1.004043369	0.51564904	0.014176213	2.725016884	6.78303E-33	0	0	0.732287312	0.038582872	2.293540243
956	0.223037063	-2.42096E-15	3.973101798	2.50023185	0.298746213	3.893292199	0.561141965	0	1.743014092	0.483352843	0.097114852	1.004045342	0.515973379	0.014193735	2.730898533	6.78096E-33	0	0	0.7331129	0.038685018	2.294916929
957	0.2224878	-2.42096E-15	3.969050268	2.498783665	0.299599976	3.891325919	0.561931514	0	1.744622194	0.483412492	0.097522965	1.004045342	0.516296681	0.014199587	2.734642581	6.7717E-33	0	0	0.733937848	0.03878829	2.297415241
958	0.221940625	-2.42096E-15	3.964984612	2.497336151	0.300456248	3.891194932	0.562720141	0	1.745846956	0.483471922	0.097932624	1.004045342	0.516619003	0.014205432	2.738282307	6.79478E-33	0	0	0.734762158	0.038946993	2.299913671
959	0.221395529	-2.42096E-15	3.960904795	2.495888653	0.300473042	3.889630143	0.563508194	0	1.747419006	0.483531132	0.098343714	1.004045342	0.516940663	0.014211654	2.739368574	-3.8723E-31	0	0	0.735585829	0.039101179	2.30240802
960	0.220852503	-2.42096E-15	3.956810781	2.494441029	0.299490528	3.889276852	0.56429556	0	1.749278088	0.483590124	0.098756239	1.004045342	0.517261921	0.014225835	2.740380486	-8.12477E-31	0	0	0.736408862	0.039165514	2.304168581
961	0.220311535	-2.42096E-15	3.952702536	2.492993312	0.298511492	3.888260875	0.565082294	0	1.751135761	0.4836489	0.0991702	1.004045342	0.517582702	0.014231656	2.741391591	-8.01468E-31	0	0	0.737231257	0.039228279	2.305218776
962	0.219772616	-2.42096E-15	3.948580024	2.491544862	0.298768357	3.887229636	0.565868722	0	1.752992025	0.483707459	0.099590872	1.004045342	0.517903327	0.014237471	2.742301471	-8.00547E-31	0	0	0.738053013	0.03929983	2.306266122
963	0.219235737	-2.42096E-15	3.94444321	2.49009548	0.298029834	3.886198674	0.566655032	0	1.754846882	0.483765803	0.100030559	1.004045342	0.518223816	0.014243283	2.742722274	-7.99293E-31	0	0	0.738874132	0.039401834	2.307277044
964	0.218700889	-2.42096E-15	3.94029206	2.488645142	0.297677703	3.884896267	0.567441273	0	1.756700332	0.483823933	0.100472058	1.004045342	0.518544153	0.014249091	2.743142455	-7.88664E-31	0	0	0.739694611	0.03950407	2.308286016
965	0.218168061	-2.42096E-15	3.936126537	2.48719428	0.298466328	3.883150542	0.568227321	0	1.758499891	0.483881849	0.100915376	1.004045342	0.518864037	0.014254895	2.74359945	-7.82762E-31	0	0	0.740514452	0.039606538	2.309293042
966	0.217637245	-2.42096E-15	3.931946608	2.485742891	0.297847167	3.881410782	0.569012973	0	1.759599123	0.483939552	0.101360518	1.004045342	0.519183684	0.014260694	2.744123632	-7.7708E-31	0	0	0.741333654	0.03970924	2.310298126
967	0.217108431	-2.42096E-15	3.927752238	2.484291349	0.297571883	3.880235911	0.569798389	0	1.760695271	0.483997044	0.101807491	1.004045342	0.519502568	0.014273133	2.744647016	-7.71533E-31	0	0	0.742152219	0.039812176	2.311301272
968	0.21658161	-2.42096E-15	3.923543391	2.482839162	0.298371509	3.877938822	0.570583565	0	1.761788786	0.484054325	0.102256302	1.004045342	0.519821191	0.014275928	2.745169602	-7.73509E-31	0	0	0.742970146	0.039915443	2.312302482
969	0.216056773	-2.42096E-15	3.919320033	2.481386586	0.299247563	3.876185317	0.571368543	0	1.762880709	0.484111397	0.102706956	1.004045342	0.520139266	0.014278718	2.745691392	-7.76086E-31	0	0	0.743787436	0.040020804	2.313301762
970	0.21553391	-2.42096E-15	3.91508213	2.479934116	0.300089537	3.875045795	0.572153248	0	1.76397104	0.484168259	0.10315946	1.004859665	0.52045638	0.014283991	2.746212387	-7.76201E-31	0	0	0.744604087	0.040126411	2.315345484
971	0.215013014	-2.42096E-15	3.910829646	2.478481506	0.299646092	3.874504273	0.572937699	0	1.765059784	0.484224913	0.103603841	1.004888106	0.520772767	0.014295137	2.746732588	-7.58194E-31	0	0	0.745420101	0.040232264	2.317719953
972	0.214494074	-2.42096E-15	3.906562548	2.477028791	0.298898721	3.873081023	0.573721847	0	1.766146941	0.48428136	0.104006141	1.004888106	0.521088449	0.014347163	2.750728793	-7.09094E-31	0	0	0.746235479	0.040338363	2.320089136
973	0.213977083	-2.42096E-15	3.902280801	2.475576225	0.297188087	3.872062408	0.574505627	0	1.767232514	0.4843376	0.104409688	1.004888106	0.521403246	0.014349669	2.753644317	-7.0383E-31	0	0	0.747050219	0.04044471	2.321988919
974	0.213462031	-2.42096E-15	3.89798437	2.474123602	0.296278327	3.871052606	0.575288831	0	1.768586671	0.484393635	0.104814483	1.004888106	0.521717579	0.014352171	2.754645863	-7.04614E-31	0	0	0.747864322	0.040551304	2.323094434
975	0.21294891	-2.42096E-15	3.893673221	2.472670859	0.296812983	3.868437286	0.576071647	0	1.769995611	0.484449465	0.105220527	1.004888106	0.52203133	0.014354667	2.755646625	-7.0092E-31	0	0	0.748677789	0.040672893	2.324168535
976	0.212437711	-2.42096E-15	3.889347321	2.471218026	0.295871479	3.866277785	0.576853915	0	1.771453492	0.484505091	0.105627821	1.004888106	0.522344638	0.014357158	2.756525805	-6.94609E-31	0	0	0.749490619	0.040817101	2.325240654
977	0.211928427	-2.42096E-15	3.885006635	2.469764641	0.294710396	3.866167531	0.577635856	0	1.772982769	0.484560514	0.106036367	1.004888106	0.522657749	0.014359644	2.757075075	-6.89233E-31	0	0	0.750302812	0.040963005	2.326814228
978	0.211421048	-2.42096E-15	3.880651128	2.468310689	0.294471589	3.863314224	0.578417544	0	1.77451014	0.484615735	0.106446165	1.004888106	0.522970616	0.014362139	2.757605634	-6.85799E-31	0	0	0.751114368	0.04112448	2.327987371
979	0.210915567	-2.42096E-15	3.876274952	2.466856644	0.295255381	3.861735481	0.579198977	0	1.776035608	0.484670754	0.106857216	1.004888106	0.523282769	0.014389522	2.758059312	-6.85793E-31	0	0	0.751925288	0.041296994	2.329628888
980	0.210411975	-2.42096E-15	3.871881506	2.465401871	0.296034656	3.861459066	0.579980271	0	1.777559176	0.484725573	0.10729698	1.004888106	0.523594739	0.014430614	2.758290091	-6.81011E-31	0	0	0.75273557	0.041399774	2.331268524
981	0.209910265	-2.42096E-15	3.86747305	2.463946913	0.294501697	3.860818128	0.580761208	0	1.779080845	0.484780192	0.107738422	1.004888106	0.523906207	0.014438277	2.758520584	-6.84274E-31	0	0	0.753545216	0.041444346	2.332906283
982	0.209410428	-2.42096E-15	3.86304955	2.462492814	0.294332279	3.860142756	0.581541125	0	1.780775213	0.484834611	0.108181308	1.004888106	0.524216797	0.014445935	2.758750789	-6.8729E-31	0	0	0.754354225	0.041446855	2.334542167
983	0.208912455	-2.42096E-15	3.858610972	2.461039327	0.29344738	3.858919783	0.582320164	0	1.782622513	0.484888833	0.108625638	1.004888106	0.524526622	0.014453588	2.760291815	-6.87633E-31	0	0	0.755162599	0.041511968	2.336176178
984	0.208416339	-2.42096E-15	3.854157281	2.459586393	0.292629241	3.857861736	0.583098537	0	1.784074294	0.484942857	0.109071413	1.004888106	0.524835536	0.014461236	2.76089763	-6.90998E-31	0	0	0.755970337	0.041617696	2.338373317
985	0.207922072	-2.42096E-15	3.849688443	2.45813411	0.29204617	3.857263401	0.583876384	0	1.78518452	0.484996685	0.109518633	1.004888106	0.525143308	0.014468879	2.7614698	-6.92967E-31	0	0	0.756777441	0.041716644	2.340572155
986	0.207429646	-2.42096E-15	3.845204425	2.456682006	0.29237002	3.856393901	0.584653706	0	1.786722299	0.485050317	0.109763867	1.004888106	0.525450414	0.014476517	2.762877418	-6.96132E-31	0	0	0.757583911	0.041800254	2.342767534
987	0.206939053	-2.42096E-15	3.840705193	2.455229718	0.293166493	3.855578863	0.585430718	0	1.788258186	0.485103754	0.110175875	1.004888106	0.525757009	0.01448415	2.767579512	-6.9853E-31	0	0	0.758389747	0.041945824	2.344959459
988	0.206450285	-2.42096E-15	3.836190712	2.453777249	0.293920488	3.854707985	0.586207475	0	1.789792185	0.485156996	0.110589089	1.00522471	0.526063045	0.014491798	2.768819909	-7.01332E-31	0	0	0.75919495	0.04205577	2.347147937
989	0.205963335	-2.42096E-15	3.83166095	2.452324371	0.294505502	3.853047313	0.586983893	0	1.791324297	0.485210046	0.111005107	1.005645681	0.526368836	0.014499505	2.771622618	-7.02885E-31	0	0	0.75999952	0.042165262	2.349332971
990	0.205478195	-2.42096E-15	3.827489923	2.45087102	0.292757592	3.850965155	0.587760085	0	1.792854525	0.485262902	0.111429761	1.00617751	0.526674342	0.014507207	2.778937487	-7.00416E-31	0	0	0.760803456	0.042274098	2.351514568
991	0.204994858	-2.42096E-15	3.823614897	2.449417283	0.291036088	3.848884083	0.588535917	0	1.794382871	0.485315567	0.111855682	1.006475708	0.526979616	0.014514904	2.783605666	-6.97693E-31	0	0	0.76160676	0.042383182	2.353692733
992	0.204513316	-2.42096E-15	3.819728813	2.447963289	0.290423205	3.850015608	0.589311378	0	1.795909338	0.48536804	0.11228287	1.006883901	0.527284547	0.014522596	2.789741108	-6.96822E-31	0	0	0.76240943	0.042492513	2.355867471
993	0.204033561	-2.42096E-15	3.815831651	2.446509842	0.291053503	3.847689234	0.590086454	0	1.797433928	0.485420324	0.112711326	1.007266936	0.527588351	0.014530316	2.792966773	-6.97183E-31	0	0	0.763211468	0.042602092	2.35803286
994	0.203555587	-2.42096E-15	3.811923387	2.445056343	0.289699859	3.848277666	0.590861284	0	1.798956643	0.485472417	0.113141051	1.007637652	0.527891495	0.014538099	2.796114894	-6.98024E-31	0	0	0.764012874	0.042711919	2.359250337
995	0.203079385	-2.42096E-15	3.808004002	2.44360223	0.288396223	3.848195571	0.591635941	0	1.800462206	0.485524322	0.113572045	1.007785119	0.528194474	0.014545878	2.798474306	-6.97756E-31	0	0	0.764813647	0.042823514	2.360316105
996	0.202604948	-2.42096E-15	3.804073474	2.44214765	0.289050204	3.847997288	0.592410444	0	1.801959691	0.485576039	0.114004309	1.007794148	0.52849713	0.014553651	2.799045061	-7.01167E-31	0	0	0.765613789	0.042936096	2.361376165
997	0.20213227	-2.42096E-15	3.800131782	2.440692922	0.287451898	3.846672288	0.593184798	0	1.803455309	0.485627569	0.114437843	1.008571661	0.528799143	0.01456142	2.799575879	-7.04233E-31	0	0	0.766413298	0.043048924	2.362434193
998	0.201661342	-2.42096E-15	3.796178903	2.43923783	0.285913017	3.845347745	0.593958999	0	1.804949064	0.485678912	0.114872648	1.008580235	0.529100742	0.014569184	2.802137595	-7.05045E-31	0	0	0.767212175	0.043194476	2.363490193
999	0.201192158	-2.42096E-15	3.792214818	2.437782513	0.284391855	3.84402366	0.594733037	0	1.806440956	0.48573007	0.115308724	1.008588588	0.529401803	0.014576942	2.802683779	-7.04168E-31	0	0	0.76801042	0.043319278	2.365521695
1000	0.200724709	-2.42096E-15	3.788239504	2.436326747	0.283173341	3.843490333	0.595506921	0	1.80793099	0.485781042	0.115746072	1.008596726	0.529702547	0.014585603	2.803229006	-7.78182E-31	0	0	0.768808033	0.043395644	2.368821649
1001	0.20025899	-2.42096E-15	3.784252941	2.434870653	0.283884128	3.841771575	0.59628065	0	1.809419166	0.485831831	0.115907902	1.008604655	0.530002861	0.014594635	2.803741227	-7.87024E-31	0	0	0.769605015	0.043496823	2.372113156
1002	0.199794992	-2.42096E-15	3.780255108	2.433414388	0.28463964	3.840054149	0.597054185	0	1.810905487	0.485882436	0.115976711	1.008612378	0.530302633	0.014643017	2.804174066	-7.89141E-31	0	0	0.770401366	0.043608509	2.374772892
1003	0.199332709	-2.42096E-15	3.776245984	2.431957946	0.285413222	3.840553859	0.597827396	0	1.812201686	0.485932858	0.116431788	1.008614301	0.530602006	0.014658677	2.804606244	-7.91748E-31	0	0	0.771197085	0.043720442	2.376355928
1004	0.198872133	-2.42096E-15	3.772225547	2.430501197	0.286188767	3.841291122	0.598600349	0	1.813190446	0.485983098	0.116890147	1.008614301	0.53090105	0.01466407	2.80503776	-7.94382E-31	0	0	0.771992174	0.043832621	2.378149169
1005	0.198413256	-2.42096E-15	3.767464102	2.429044382	0.285918673	3.840306954	0.599373079	0	1.814177479	0.486033157	0.117092018	1.008614301	0.531199494	0.014669458	2.805468615	-7.9732E-31	0	0	0.772786632	0.043945047	2.380865622
1006	0.197956073	-2.42096E-15	3.762684418	2.427587339	0.285153317	3.839320806	0.600145534	0	1.815162786	0.486083036	0.117102791	1.008614301	0.531497559	0.014674841	2.805898812	-7.99459E-31	0	0	0.773580459	0.044057721	2.383270726
1007	0.197500575	-2.42096E-15	3.757887607	2.426130331	0.284958619	3.838332705	0.600917743	0	1.816146371	0.486132735	0.117273299	1.008614301	0.53179496	0.014680219	2.811214822	-7.99787E-31	0	0	0.774373656	0.044170643	2.385181762
1008	0.197046755	-2.42096E-15	3.753073618	2.424672919	0.28421621	3.83735028	0.601689653	0	1.817128238	0.486182255	0.117702716	1.008614301	0.532092195	0.014685592	2.816799867	-8.00605E-31	0	0	0.775166222	0.044283814	2.387089793
1009	0.196594607	-2.42096E-15	3.748242401	2.423215241	0.283475735	3.83635488	0.602461258	0	1.818108388	0.486231597	0.118138903	1.008614301	0.532389138	0.014690961	2.820442348	-8.0326E-31	0	0	0.775958158	0.044399184	2.388994823
1010	0.196144122	-2.42096E-15	3.743393904	2.421757499	0.282748618	3.835081488	0.60323226	0	1.820166751	0.486280762	0.11857655	1.008614301	0.532685892	0.014696325	2.825703595	-8.03387E-31	0	0	0.776749465	0.044515272	2.39088257
1011	0.195695294	-2.42096E-15	3.738528075	2.420299863	0.282671208	3.833740301	0.604002718	0	1.822280223	0.48632975	0.1189856	1.008614301	0.532982232	0.014701683	2.830205217	-8.02761E-31	0	0	0.777540143	0.04463163	2.392733244
1012	0.195248116	-2.42096E-15	3.733644865	2.418842043	0.282908521	3.83237094	0.604772787	0	1.824391173	0.486378562	0.119267913	1.008614301	0.533278301	0.014707037	2.830570216	-8.03376E-31	0	0	0.778330191	0.04474826	2.394581016
1013	0.19480258	-2.42096E-15	3.72874422	2.417384549	0.282471956	3.831035457	0.605542567	0	1.826499603	0.486427199	0.119734821	1.008614301	0.533573494	0.014712941	2.830914507	-8.03093E-31	0	0	0.779119611	0.044865161	2.396199221
1014	0.19435868	-2.42096E-15	3.723826091	2.415926873	0.281772704	3.829656407	0.606312094	0	1.828605517	0.486475662	0.120208756	1.008614301	0.533868289	0.014734604	2.831258557	-8.0417E-31	0	0	0.779908403	0.045001164	2.397450627
1015	0.193916408	-2.42096E-15	3.719270406	2.414468763	0.281106776	3.828348269	0.607081373	0	1.830233156	0.486523951	0.120684138	1.008614301	0.53416294	0.014738614	2.831602366	-8.04285E-31	0	0	0.780696566	0.045130744	2.399747698
1016	0.193475758	-2.42096E-15	3.71520987	2.41301026	0.280892336	3.827181783	0.607850378	0	1.831722796	0.486572067	0.121160965	1.008614301	0.534457437	0.014742618	2.834246891	-8.04391E-31	0	0	0.7814841	0.045214031	2.402032178
1017	0.193036721	-2.42096E-15	3.711140434	2.411551805	0.280010115	3.828466642	0.608618777	0	1.833179422	0.486620011	0.121639237	1.008614301	0.534751679	0.014746615	2.837311181	-8.05323E-31	0	0	0.782271007	0.045329624	2.403904055
1018	0.192599293	-2.42096E-15	3.707062101	2.410093421	0.279130669	3.827491805	0.609386642	0	1.834532177	0.486667784	0.121897227	1.008614301	0.535045577	0.014750607	2.837923473	-8.05345E-31	0	0	0.783057285	0.045445475	2.405773011
1019	0.192163464	-2.42096E-15	3.702974879	2.408635157	0.278353145	3.826214493	0.610153954	0	1.835370482	0.486715386	0.121904252	1.008614301	0.535339104	0.014754593	2.838535024	-8.05844E-31	0	0	0.783842936	0.045562252	2.407639053
1020	0.191729228	-2.42096E-15	3.698878772	2.407177089	0.277660108	3.824561485	0.61092075	0	1.836207368	0.486762818	0.121911291	1.008614301	0.535632156	0.014758572	2.839145837	-8.07802E-31	0	0	0.784627959	0.04568117	2.409502184
1021	0.191296579	-2.42096E-15	3.694773786	2.405719021	0.276968785	3.824548596	0.611687169	0	1.837042839	0.48681008	0.121918343	1.008614301	0.535924794	0.014762546	2.839755911	-8.08604E-31	0	0	0.785412356	0.045799331	2.411362408
1022	0.190865509	-2.42096E-15	3.690659929	2.404260999	0.276279171	3.823557853	0.612453251	0	1.837914692	0.486857175	0.122066676	1.008614301	0.53621694	0.014766514	2.840813598	-8.08668E-31	0	0	0.786196126	0.045915614	2.413206377
1023	0.190436011	-2.42096E-15	3.686537205	2.402803155	0.275591262	3.822571262	0.613218967	0	1.839475403	0.486904102	0.122342735	1.008614301	0.536508495	0.014770476	2.841525741	-8.08816E-31	0	0	0.78697927	0.046032158	2.415035247
1024	0.190008078	-2.42096E-15	3.682405621	2.401345414	0.27529619	3.82157978	0.613984338	0	1.841034528	0.486950861	0.122626952	1.008614301	0.536799521	0.014774433	2.842236465	-8.08819E-31	0	0	0.787761788	0.046148965	2.416861269
1025	0.189581703	-2.42096E-15	3.678265185	2.39988755	0.274472692	3.819657344	0.614749483	0	1.842592067	0.486997455	0.122915354	1.008614301	0.537090129	0.014778434	2.842905926	-8.09732E-31	0	0	0.78854368	0.046266034	2.418684449
1026	0.18915688	-2.42096E-15	3.674115903	2.398429304	0.273569887	3.817593097	0.61551445	0	1.844148023	0.487043883	0.123204296	1.008614301	0.537380537	0.014785699	2.843503173	-8.10905E-31	0	0	0.789324947	0.046383366	2.420273293
1027	0.188733601	-2.42096E-15	3.669957782	2.39697072	0.272716348	3.815715899	0.616279242	0	1.845702396	0.487090146	0.12350222	1.008614301	0.537670704	0.01483206	2.844099364	-8.11771E-31	0	0	0.790105588	0.046500962	2.421536301
1028	0.18831186	-2.42096E-15	3.66579083	2.395511969	0.272009271	3.813008663	0.617043836	0	1.847255189	0.487136245	0.123770332	1.008614301	0.537960487	0.014885177	2.844694501	-8.12225E-31	0	0	0.790885603	0.046618822	2.4227974
1029	0.18789165	-2.42096E-15	3.661615053	2.394053385	0.271518879	3.811725785	0.617808119	0	1.848806403	0.48718218	0.124049974	1.008614301	0.538249672	0.014889747	2.850514754	-8.12619E-31	0	0	0.791664993	0.046632685	2.424056593
1030	0.187472964	-2.42096E-15	3.657430461	2.392594966	0.27084519	3.809729407	0.618572037	0	1.85035604	0.487227953	0.124340941	1.008614301	0.538538322	0.014894312	2.856409045	-8.13505E-31	0	0	0.792443759	0.046648838	2.425313883
1031	0.187055796	-2.42096E-15	3.653228646	2.391137007	0.270205111	3.807521749	0.61933514	0	1.851893644	0.487273563	0.124632458	1.008614301	0.538826594	0.014898871	2.861883911	-8.14428E-31	0	0	0.7932219	0.046664887	2.426569272
1032	0.186640138	-2.42096E-15	3.649016686	2.389678991	0.269532795	3.805853067	0.620097728	0	1.853415922	0.487319012	0.124924526	1.008614301	0.539114713	0.014903424	2.862803804	-8.14925E-31	0	0	0.793999417	0.046695688	2.428159769
1033	0.186225984	-2.42096E-15	3.644795892	2.388220851	0.269935589	3.803889236	0.62085988	0	1.85413437	0.487364301	0.12532764	1.008614301	0.539402672	0.014907972	2.86372227	-8.15248E-31	0	0	0.794776311	0.046702932	2.430118652
1034	0.185813327	-2.42096E-15	3.640566274	2.386762783	0.270573707	3.802054227	0.621621666	0	1.854635506	0.487409429	0.125778587	1.008614301	0.539690213	0.014912514	2.86462942	-8.1542E-31	0	0	0.795552582	0.046710116	2.432072642
1035	0.18540216	-2.42096E-15	3.636327839	2.385304721	0.271212941	3.799931727	0.622383177	0	1.855135661	0.487454398	0.12623061	1.008614301	0.539977315	0.01491705	2.865412642	-8.15705E-31	0	0	0.796328229	0.046717239	2.434024321
1036	0.184992477	-2.42096E-15	3.632080598	2.383846812	0.27185329	3.797965494	0.623144282	0	1.855634838	0.487499209	0.126683707	1.008614301	0.540263967	0.014921582	2.869616419	-8.16165E-31	0	0	0.797103253	0.046772174	2.435973692
1037	0.184584271	-2.42096E-15	3.627824558	2.382389369	0.272494752	3.797872271	0.623904671	0	1.861159466	0.487543861	0.127137875	1.008614301	0.540550174	0.014926107	2.876053302	-8.16826E-31	0	0	0.797877654	0.046848196	2.437920757
1038	0.184177535	-2.42096E-15	3.623559731	2.380932274	0.273137329	3.796470578	0.624664558	0	1.862696542	0.487588357	0.127593112	1.008614301	0.540835844	0.014930761	2.882369429	-8.17259E-31	0	0	0.798651433	0.046924607	2.439865519
1039	0.183772263	-2.42096E-15	3.619287715	2.37947529	0.273361035	3.794782483	0.625424114	0	1.864232055	0.487632695	0.128049415	1.008614301	0.541121048	0.014936183	2.883055756	-8.17076E-31	0	0	0.799424589	0.047004408	2.441807982
1040	0.183368448	-2.42096E-15	3.616625132	2.378018234	0.272867803	3.793664389	0.62618337	0	1.865766007	0.487676878	0.128506782	1.008614301	0.541405947	0.01496933	2.883690736	-8.16849E-31	0	0	0.800197124	0.047096154	2.443573722
1041	0.182966084	-2.42096E-15	3.611453862	2.376560917	0.271387031	3.79225998	0.626942373	0	1.867298398	0.487720905	0.12896521	1.008614301	0.541690686	0.015012407	2.884325096	-8.16717E-31	0	0	0.800969037	0.047271686	2.445074562
1042	0.182565163	-2.42096E-15	3.606412736	2.375103634	0.271607646	3.791508455	0.627700889	0	1.868829232	0.487764777	0.129424696	1.008614301	0.541975209	0.015053688	2.884958836	-8.16487E-31	0	0	0.801740328	0.047447642	2.446572909
1043	0.182165681	-2.42096E-15	3.602104118	2.373646629	0.272273379	3.790365707	0.628458924	0	1.870358509	0.487808495	0.129885238	1.008614301	0.542259274	0.015058601	2.885591957	-8.16356E-31	0	0	0.802510997	0.047624061	2.448048673
1044	0.181767629	-2.42096E-15	3.597267496	2.37218964	0.272253446	3.78901796	0.629216572	0	1.871886231	0.48785206	0.130346832	1.008614301	0.542543052	0.015063511	2.886224461	-8.16042E-31	0	0	0.803281046	0.04780173	2.449518842
1045	0.181371003	-2.42096E-15	3.592394535	2.370732801	0.271677228	3.787179006	0.629973863	0	1.8734124	0.487895472	0.130809476	1.008614301	0.542826387	0.015068418	2.888668309	-8.16038E-31	0	0	0.804050474	0.04797982	2.450820929
1046	0.180975795	-2.42096E-15	3.587508137	2.369276064	0.270174117	3.785729134	0.630730753	0	1.874937017	0.487938732	0.131273166	1.008614301	0.543109375	0.015073322	2.889255471	-8.16186E-31	0	0	0.804819281	0.048158331	2.452478776
1047	0.180581998	-2.42096E-15	3.58260829	2.367819435	0.26968728	3.785689361	0.631487139	0	1.876460083	0.48798184	0.131737901	1.008614301	0.54339212	0.015078224	2.889841772	-8.16021E-31	0	0	0.805587468	0.04828305	2.453969059
1048	0.180189608	-2.42096E-15	3.577694985	2.366362865	0.269551086	3.783858359	0.632243044	0	1.877899429	0.488024797	0.132203675	1.008614301	0.543674651	0.015084103	2.890427213	-8.15796E-31	0	0	0.806355034	0.048356711	2.455456852
1049	0.179798618	-2.42096E-15	3.57276821	2.364906198	0.267764417	3.782663693	0.632998577	0	1.879316684	0.488067604	0.132670487	1.008614301	0.543957023	0.015103506	2.891011797	-8.15739E-31	0	0	0.807121981	0.048430254	2.456942158
1050	0.17940902	-2.42096E-15	3.567827956	2.36344949	0.266026176	3.781224917	0.633753756	0	1.880732193	0.488110261	0.133138333	1.008614301	0.544239165	0.015147325	2.891595524	-8.15658E-31	0	0	0.807888308	0.048503679	2.458424981
1051	0.17902081	-2.42096E-15	3.562874214	2.361992975	0.266238381	3.780741689	0.634508626	0	1.882145959	0.488152769	0.13360721	1.008614301	0.544520804	0.015152836	2.892178395	-8.15395E-31	0	0	0.808654015	0.048576986	2.459905326
1052	0.178633981	-2.42096E-15	3.557906972	2.360537025	0.266757877	3.779171483	0.635263007	0	1.884210145	0.488195128	0.134077114	1.009576746	0.544801755	0.015158344	2.89455815	-8.15212E-31	0	0	0.809419103	0.048650172	2.461383196
1053	0.178248527	-2.42096E-15	3.552926223	2.359081332	0.265404059	3.778200965	0.636016763	0	1.885738874	0.48823734	0.134548042	1.01042747	0.545082466	0.01516385	2.895216283	-8.15317E-31	0	0	0.810183572	0.048723239	2.462858596
1054	0.177864441	-2.42096E-15	3.547931957	2.357625628	0.263844001	3.777230696	0.636770084	0	1.887251824	0.488279404	0.134753744	1.01042747	0.545363019	0.015169353	2.895826547	-8.15431E-31	0	0	0.810947423	0.048796185	2.464331531
1055	0.177481718	-2.42096E-15	3.542924166	2.356170425	0.262983843	3.776260676	0.63752305	0	1.888763248	0.488321321	0.134810096	1.01042747	0.54564283	0.015174853	2.89643587	-8.15322E-31	0	0	0.811710655	0.04886901	2.466106281
1056	0.177100352	-2.42096E-15	3.537902841	2.354715273	0.26190231	3.775290906	0.638275687	0	1.890273148	0.488363091	0.134865992	1.01042747	0.545922327	0.01518035	2.897044251	-8.15166E-31	0	0	0.81247327	0.048941713	2.467930852
1057	0.176720337	-2.42096E-15	3.532867974	2.353259985	0.262478404	3.774316819	0.639028025	0	1.891779096	0.488404717	0.134921436	1.01042747	0.54620167	0.015185845	2.897651694	-8.15167E-31	0	0	0.813235267	0.049014294	2.469725832
1058	0.176341666	-2.42096E-15	3.527819556	2.351805083	0.26315049	3.772860554	0.639779856	0	1.893283136	0.488446197	0.134976434	1.01042747	0.546480552	0.015191337	2.898258199	-8.14871E-31	0	0	0.813996646	0.049087088	2.471518563
1059	0.175964334	-2.42096E-15	3.522757581	2.350350666	0.26382425	3.770903575	0.640531082	0	1.894785661	0.488487532	0.135035252	1.010605682	0.546758978	0.015196826	2.898863768	-8.14528E-31	0	0	0.814757408	0.049193211	2.47330905
1060	0.175588335	-2.42096E-15	3.517682041	2.348897059	0.263021201	3.76893361	0.641281615	0	1.896286672	0.488528723	0.135093998	1.010605705	0.547036714	0.015202312	2.899468403	-8.14528E-31	0	0	0.815517553	0.049376997	2.475097295
1061	0.175213664	-2.42096E-15	3.512592928	2.347443965	0.262477335	3.767491999	0.642031631	0	1.897786172	0.488569771	0.135152337	1.010605729	0.547313886	0.015207796	2.902524846	-8.14528E-31	0	0	0.816277082	0.049561519	2.4768833
1062	0.174840313	-2.42096E-15	3.507490237	2.345991396	0.261671333	3.765620621	0.642781269	0	1.899284162	0.488610676	0.135210276	1.011016563	0.54759035	0.015213276	2.905952447	-8.14528E-31	0	0	0.817035995	0.049746553	2.478667069
1063	0.174468279	-2.42096E-15	3.50237396	2.344539057	0.260867887	3.765705782	0.643530591	0	1.900780642	0.488651439	0.135267818	1.011188672	0.547866342	0.015218754	2.906665508	-8.14528E-31	0	0	0.817794293	0.049931707	2.480182075
1064	0.174097554	-2.42096E-15	3.497244091	2.343087402	0.260080951	3.765386407	0.644279091	0	1.902275616	0.488692059	0.135529513	1.011189552	0.548141919	0.015224229	2.907345088	-8.14528E-31	0	0	0.818551975	0.050116975	2.481108816
1065	0.173728133	-2.42096E-15	3.492100625	2.341636151	0.259341647	3.763931772	0.645026822	0	1.903769084	0.488732539	0.136014922	1.011190423	0.548417312	0.015229702	2.910054406	-8.14528E-31	0	0	0.819309042	0.050302353	2.482014728
1066	0.173360011	-2.42096E-15	3.486943556	2.340185744	0.258604617	3.761565576	0.645773802	0	1.905261048	0.488772878	0.136501958	1.011191285	0.548692071	0.015235172	2.913938783	-8.14528E-31	0	0	0.820065495	0.050488141	2.482917516
1067	0.172993181	-2.42096E-15	3.481772877	2.33873574	0.257946374	3.760519205	0.646520141	0	1.906751509	0.488813076	0.136990626	1.011192139	0.548966526	0.015240638	2.914418646	-8.14528E-31	0	0	0.820821335	0.050675755	2.483875964
1068	0.172627639	-2.42096E-15	3.476588585	2.337286194	0.258532244	3.759672467	0.647266063	0	1.908240468	0.488853135	0.137484854	1.011214969	0.549240408	0.015246103	2.914897452	-8.14528E-31	0	0	0.821576561	0.050801718	2.485943244
1069	0.172263379	-2.42096E-15	3.471386253	2.335836866	0.259147865	3.758211119	0.648011637	0	1.909720158	0.488893054	0.137983416	1.01121831	0.549513891	0.015251564	2.915373745	-8.14528E-31	0	0	0.822331173	0.05091152	2.487248008
1070	0.171900395	-2.42096E-15	3.466168304	2.334387792	0.259093921	3.756839779	0.648756878	0	1.911196951	0.488932835	0.13848365	1.011234853	0.549786926	0.015257022	2.915839992	-8.14528E-31	0	0	0.823085174	0.05102153	2.488254128
1071	0.171538683	-2.42096E-15	3.460936625	2.332938856	0.258772575	3.755808016	0.649501804	0	1.912672238	0.488972478	0.13898556	1.011460409	0.550059618	0.015263047	2.916305199	-8.14528E-31	0	0	0.823838562	0.051131747	2.489258436
1072	0.171178237	-2.42096E-15	3.455691212	2.331490314	0.258423885	3.75477651	0.650246445	0	1.914146021	0.489011983	0.13948915	1.011648597	0.550331684	0.015276657	2.916769366	-8.14528E-31	0	0	0.824591337	0.051242172	2.490939714
1073	0.170819051	-2.42096E-15	3.450432061	2.330041981	0.257662635	3.753959345	0.650990836	0	1.915618301	0.48905135	0.139870721	1.01165449	0.55060328	0.015332992	2.917232497	-8.14528E-31	0	0	0.825343502	0.051352805	2.492765386
1074	0.170461121	-2.42096E-15	3.445159167	2.328593897	0.2579902	3.753188257	0.651734957	0	1.917089079	0.489090581	0.139889646	1.011660317	0.550874389	0.015340698	2.917694593	-8.14528E-31	0	0	0.826095055	0.051505817	2.49458818
1075	0.170104441	-2.42096E-15	3.439872527	2.32714608	0.258607145	3.752179507	0.652478814	0	1.918501292	0.489129676	0.139910257	1.011666079	0.551144993	0.015347396	2.918155657	-8.14528E-31	0	0	0.826845997	0.051657455	2.496408101
1076	0.169749006	-2.42096E-15	3.434572139	2.325698629	0.25805648	3.750803261	0.653222291	0	1.919442835	0.489168635	0.139930753	1.011671776	0.55141511	0.01535409	2.918615692	-8.14528E-31	0	0	0.827596329	0.05173136	2.498219664
1077	0.16939481	-2.42096E-15	3.429257998	2.324251522	0.257324435	3.749141268	0.65396517	0	1.920382961	0.489207458	0.139951136	1.012801548	0.551684989	0.015360781	2.919074698	-8.14528E-31	0	0	0.828346051	0.051805233	2.500016682
1078	0.169041849	-2.42096E-15	3.423930102	2.322805423	0.256607498	3.746844887	0.654707077	0	1.921321672	0.489246147	0.139971411	1.013009855	0.551954341	0.015367637	2.919532679	-8.14528E-31	0	0	0.829095163	0.051897649	2.501810915
1079	0.168690117	-2.42096E-15	3.418588449	2.321359931	0.254814125	3.746499437	0.655448141	0	1.922258972	0.489284701	0.139991579	1.01321581	0.552223443	0.015375782	2.919989636	-8.14528E-31	0	0	0.829843665	0.052006126	2.503602365
1080	0.16833961	-2.42096E-15	3.413233037	2.319914709	0.255158758	3.744765678	0.656188686	0	1.923194862	0.489323122	0.140448097	1.013266046	0.552492314	0.015412977	2.920445572	-8.14528E-31	0	0	0.830591559	0.052114794	2.505391037
1081	0.167990321	-2.42096E-15	3.407863864	2.318470638	0.25447049	3.743032724	0.656928354	0	1.924129344	0.489361409	0.140918046	1.013271208	0.552760434	0.015429909	2.92190012	-8.14528E-31	0	0	0.831338844	0.052223652	2.507176936
1082	0.167642245	-2.42096E-15	3.402480929	2.317027215	0.254241536	3.744832023	0.657667204	0	1.925119698	0.489399564	0.141124125	1.013273119	0.553028252	0.015436715	2.922474964	-8.14528E-31	0	0	0.83208552	0.052332702	2.508960065
1083	0.167295379	-2.42096E-15	3.397084232	2.31558408	0.254862438	3.745044591	0.65840553	0	1.926478802	0.489437586	0.141137282	1.013273119	0.553295836	0.015443516	2.925188236	-8.14528E-31	0	0	0.832831589	0.052435506	2.51074043
1084	0.166949717	-2.42096E-15	3.391672296	2.314141343	0.255484973	3.746155677	0.659143326	0	1.927836232	0.489475476	0.141585472	1.013273119	0.553563089	0.015450312	2.928455538	-8.14528E-31	0	0	0.83357705	0.052484817	2.512518035
1085	0.166605253	-2.42096E-15	3.386221936	2.312698698	0.256109143	3.744148289	0.659880724	0	1.929191991	0.489513234	0.14210175	1.013273119	0.553830187	0.015457103	2.930324213	-8.14528E-31	0	0	0.834321904	0.052667849	2.514292883
1086	0.166261983	-2.42096E-15	3.380757591	2.311256375	0.256734952	3.742954982	0.660617738	0	1.93054608	0.489550862	0.142629297	1.013273119	0.55409689	0.015463888	2.93112158	-8.14528E-31	0	0	0.835066151	0.052837984	2.515858783
1087	0.165919903	-2.42096E-15	3.375279262	2.309814575	0.257203538	3.743006907	0.661354292	0	1.931898502	0.489588359	0.14316224	1.013273119	0.55436308	0.015470668	2.931911917	-8.14528E-31	0	0	0.835809792	0.053014205	2.517214615
1088	0.165579007	-2.42096E-15	3.369786948	2.308373143	0.25672457	3.741658372	0.662090443	0	1.933249258	0.489625726	0.143696779	1.013273119	0.554628855	0.015477443	2.932701186	-8.14528E-31	0	0	0.836552826	0.053190833	2.518561778
1089	0.16523929	-2.42096E-15	3.364280648	2.306931895	0.256271891	3.740292536	0.662826165	0	1.934596042	0.489662963	0.144232916	1.013273119	0.554894431	0.015484213	2.933489388	-8.14528E-31	0	0	0.837295256	0.053367868	2.519897047
1090	0.164900748	-2.42096E-15	3.358760362	2.305490797	0.255819896	3.738965714	0.663561554	0	1.935939004	0.489700071	0.144634976	1.013273119	0.555159752	0.015490977	2.934276525	-8.14528E-31	0	0	0.83803708	0.053546094	2.521230423
1091	0.164563375	-2.42096E-15	3.353226092	2.304050208	0.25520259	3.738890367	0.664296461	0	1.937280317	0.48973705	0.144648582	1.013273119	0.555424607	0.015497737	2.935062598	-8.14528E-31	0	0	0.838778299	0.053724748	2.522561909
1092	0.164227167	-2.42096E-15	3.347677838	2.302609815	0.253764228	3.737902067	0.66503095	0	1.938619984	0.489773901	0.144781436	1.013273119	0.555689255	0.015504491	2.935530035	-8.14528E-31	0	0	0.839518913	0.05390381	2.523771899
1093	0.163892119	-2.42096E-15	3.342115602	2.301169779	0.252728306	3.736355093	0.66576511	0	1.939958007	0.489810624	0.145262714	1.013273119	0.555953445	0.01551124	2.935911077	-8.14528E-31	0	0	0.840258923	0.054083278	2.524875635
1094	0.163558226	-2.42096E-15	3.336539384	2.299730175	0.252954926	3.734757059	0.666498959	0	1.941294388	0.489847219	0.145275055	1.013273119	0.556217091	0.015517984	2.936803196	-8.14528E-31	0	0	0.840998328	0.054178309	2.525977454
1095	0.163225483	-2.42096E-15	3.330949189	2.298291226	0.25119994	3.73315969	0.667232432	0	1.942629128	0.489883688	0.145672013	1.013273119	0.556480041	0.015524723	2.9382629	-8.14528E-31	0	0	0.84173713	0.05420386	2.527077358
1096	0.162893886	-2.42096E-15	3.325345016	2.296852589	0.249453994	3.731562988	0.667965556	0	1.94682857	0.48992003	0.146154604	1.013719364	0.55674261	0.015531456	2.939049638	-8.14528E-31	0	0	0.842475329	0.054229718	2.528175351
1097	0.162563429	-2.42096E-15	3.319726871	2.29541407	0.247725866	3.730028621	0.668698329	0	1.949315893	0.489956247	0.146183449	1.014911173	0.557005	0.015538185	2.939835319	-8.14528E-31	0	0	0.843212924	0.054344402	2.529271436
1098	0.162234108	-2.42096E-15	3.314094756	2.293975728	0.247351225	3.729124292	0.669430713	0	1.950336635	0.489992338	0.146187403	1.014929844	0.557267197	0.015544908	2.940619942	-8.14528E-31	0	0	0.843949917	0.054520004	2.530365616
1099	0.161905917	-2.42096E-15	3.308448674	2.292538115	0.247899734	3.731224367	0.670162476	0	1.950803932	0.490028303	0.146198964	1.014936139	0.557528881	0.015551626	2.94140351	-8.14528E-31	0	0	0.844686307	0.054696098	2.53155335
1100	0.161578853	-2.42096E-15	3.302788629	2.291101071	0.248462018	3.73284091	0.670893764	0	1.95127005	0.490064145	0.146358507	1.014942303	0.557790072	0.015558339	2.942186024	-8.14528E-31	0	0	0.845422096	0.054872685	2.533456926
1101	0.16125291	-2.42096E-15	3.297114627	2.289664519	0.247728316	3.73187341	0.67162467	0	1.951734992	0.490099862	0.146535596	1.014948337	0.558050756	0.015565047	2.942930938	-8.14528E-31	0	0	0.846157283	0.055049765	2.53535791
1102	0.160928084	-2.42096E-15	3.291426671	2.288228772	0.24783312	3.730685108	0.672355038	0	1.952547647	0.490135455	0.146535658	1.014954244	0.558310782	0.015571749	2.943538743	-8.14528E-31	0	0	0.84689187	0.05522734	2.537149236
1103	0.160604369	-2.42096E-15	3.285724768	2.286793667	0.248372938	3.729486751	0.673084784	0	1.954358104	0.490170925	0.146782894	1.015795907	0.558570398	0.015578447	2.944145862	-8.14528E-31	0	0	0.847625856	0.055405409	2.538479049
1104	0.160281762	-2.42096E-15	3.280008922	2.285358916	0.248914385	3.729005189	0.673814068	0	1.956166496	0.490206273	0.147105547	1.015800499	0.558829739	0.015585139	2.944744484	-8.14528E-31	0	0	0.848359243	0.055583975	2.539804149
1105	0.159960256	-2.42096E-15	3.274279141	2.283924607	0.248649052	3.72758588	0.674542939	0	1.957972826	0.490241498	0.147287925	1.015800499	0.559088671	0.015591827	2.945391325	-8.14528E-31	0	0	0.84909203	0.055757117	2.541112988
1106	0.159639849	-2.42096E-15	3.268535429	2.28249065	0.248183955	3.725989401	0.675271417	0	1.959777096	0.490276601	0.147638787	1.015800499	0.559347265	0.015598509	2.945963115	-8.14528E-31	0	0	0.849824218	0.05582123	2.542419982
1107	0.159320534	-2.42096E-15	3.262777795	2.281057001	0.247741657	3.72473417	0.675999551	0	1.961579308	0.490311583	0.14809069	1.015800499	0.559605523	0.015605186	2.9465675	-8.14528E-31	0	0	0.850555807	0.055885327	2.543725132
1108	0.159002308	-2.42096E-15	3.257006246	2.279623769	0.247300046	3.723177598	0.676727277	0	1.963258467	0.490346444	0.148425071	1.015800499	0.559863403	0.015611858	2.947171203	-8.14528E-31	0	0	0.851286798	0.055949409	2.545028443
1109	0.158685166	-2.42096E-15	3.251220789	2.278191034	0.246859123	3.72112073	0.677454435	0	1.964534572	0.490381185	0.148697821	1.015800499	0.56012099	0.015618524	2.947774226	-8.14528E-31	0	0	0.852017191	0.056049731	2.546710373
1110	0.158369103	-2.42096E-15	3.245421432	2.276758657	0.246418887	3.719486123	0.678181084	0	1.965809626	0.490415805	0.148856517	1.015800499	0.560378365	0.015625186	2.948376568	-8.14528E-31	0	0	0.852746986	0.056197973	2.548245134
1111	0.158054114	-2.42096E-15	3.239608185	2.275326726	0.245979341	3.719553804	0.678907293	0	1.967082323	0.490450306	0.149293021	1.015800499	0.560635376	0.015631843	2.948978232	-8.14528E-31	0	0	0.853476184	0.056346543	2.549456417
1112	0.157740196	-2.42096E-15	3.233781055	2.273895055	0.245540482	3.718075183	0.679633111	0	1.968338951	0.490484688	0.149300025	1.015800499	0.560892166	0.015638494	2.949579129	-8.14528E-31	0	0	0.854204785	0.056495441	2.550656299
1113	0.157427342	-2.42096E-15	3.227940054	2.272463994	0.245035042	3.71679086	0.680358518	0	1.969594555	0.490518952	0.149321799	1.015800499	0.561148405	0.015645141	2.950167628	-8.14528E-31	0	0	0.854932789	0.056644667	2.551854503
1114	0.15711555	-2.42096E-15	3.222085191	2.271033563	0.244606363	3.71596892	0.681083502	0	1.970849137	0.490553097	0.149321799	1.015800499	0.561404091	0.015651782	2.950755467	-8.14528E-31	0	0	0.855660197	0.056794222	2.553036575
1115	0.156804815	-2.42096E-15	3.216216475	2.269603468	0.24359028	3.713943114	0.681808103	0	1.972271456	0.490587124	0.149321799	1.015800499	0.561659481	0.015658418	2.951342645	-8.14528E-31	0	0	0.856387009	0.056944107	2.554100313
1116	0.156495131	-2.42096E-15	3.210333919	2.268173531	0.24233386	3.712122966	0.682532361	0	1.974210861	0.490621034	0.149321799	1.015800499	0.561914717	0.015664535	2.951929163	-8.14528E-31	0	0	0.857113226	0.057094321	2.555388996
1117	0.156186495	-2.42096E-15	3.204324016	2.266743753	0.24142417	3.710633769	0.683256279	0	1.975671697	0.490654827	0.149321799	1.015800499	0.562169798	0.015669865	2.952515023	-8.14528E-31	0	0	0.857838847	0.057244962	2.556645698
1118	0.155878903	-2.42096E-15	3.197598497	2.265314233	0.24051788	3.709153549	0.6839798	0	1.976838135	0.490688504	0.149618479	1.015800499	0.562424687	0.015675192	2.953100224	-8.14528E-31	0	0	0.858563873	0.057399706	2.557842526
1119	0.155572349	-2.42096E-15	3.192672966	2.263885129	0.239614978	3.708145882	0.684702745	0	1.97800349	0.490722065	0.149978187	1.015800499	0.562679406	0.015680517	2.953706987	-8.14528E-31	0	0	0.859288305	0.057554801	2.559037691
1120	0.155266831	-2.42096E-15	3.18680978	2.262456517	0.238715452	3.707132258	0.685425224	0	1.979167765	0.49075551	0.150475876	1.015800499	0.562933775	0.015685838	2.954293518	-8.14528E-31	0	0	0.860012143	0.057710247	2.560231197
1121	0.154962342	-2.42096E-15	3.18093336	2.261028349	0.237824812	3.706063109	0.686147324	0	1.98033096	0.49078884	0.150975008	1.015800499	0.563187757	0.015691157	2.954879396	-8.14528E-31	0	0	0.860735387	0.057866046	2.561423045
1122	0.154658881	-2.42096E-15	3.175043721	2.259600484	0.236979245	3.705143149	0.68686908	0	1.981493077	0.490822056	0.151475584	1.015800499	0.563441463	0.015696473	2.955464619	-8.14528E-31	0	0	0.861458037	0.058022197	2.562613237
1123	0.154356441	-2.42096E-15	3.169107371	2.25817279	0.236558977	3.704244288	0.687590506	0	1.982647059	0.490855157	0.151977609	1.015800499	0.563695013	0.015701786	2.956049189	-8.14528E-31	0	0	0.862180093	0.058178702	2.563863486
1124	0.154055019	-2.42096E-15	3.163125434	2.256745309	0.237080225	3.703262359	0.688311596	0	1.983789862	0.490888145	0.152100673	1.015800499	0.563948374	0.015707096	2.956548078	-8.14528E-31	0	0	0.862901557	0.058250164	2.565376394
1125	0.153754612	-2.42096E-15	3.157129917	2.255318479	0.23761096	3.702232228	0.689032136	0	1.984945295	0.490921019	0.152108765	1.015800499	0.564201327	0.015712403	2.956954997	-8.14528E-31	0	0	0.863622428	0.058270225	2.566886744
1126	0.153455214	-2.42096E-15	3.151120838	2.253892205	0.237349079	3.701218963	0.689752122	0	1.986605655	0.49095378	0.152238831	1.015878329	0.564453973	0.015717707	2.95736156	-8.14528E-31	0	0	0.864342707	0.058481024	2.568200495
1127	0.153156822	-2.42096E-15	3.145098214	2.252466621	0.237843614	3.70002015	0.690471632	0	1.988264556	0.490986428	0.152551392	1.01595444	0.564706103	0.015723008	2.957767765	-8.14528E-31	0	0	0.865062394	0.058702136	2.569283436
1128	0.152859431	-2.42096E-15	3.139062063	2.251041569	0.238213127	3.698841017	0.691190711	0	1.989921998	0.491018965	0.152862409	1.016026955	0.564957833	0.015728307	2.958173615	-8.14528E-31	0	0	0.865781491	0.058874167	2.570264781
1129	0.152563038	-2.42096E-15	3.133012404	2.249616904	0.237783835	3.697656676	0.691909416	0	1.991577982	0.491051389	0.153171869	1.016096043	0.565209256	0.015733659	2.958579108	-8.14528E-31	0	0	0.866499996	0.058930858	2.571244374
1130	0.152267639	-2.42096E-15	3.126949255	2.248193087	0.237660308	3.696380511	0.692627615	0	1.993802215	0.491083703	0.15347976	1.01616186	0.565460045	0.015739019	2.958984245	-8.14528E-31	0	0	0.867217912	0.059006167	2.572222218
1131	0.15197323	-2.42096E-15	3.120872636	2.24677021	0.238109614	3.695237461	0.693345131	0	1.996086859	0.491115905	0.153551933	1.01622456	0.565710287	0.015744376	2.959389027	-8.14528E-31	0	0	0.867935237	0.059204189	2.57325085
1132	0.151679806	-2.42096E-15	3.114782567	2.245348225	0.238581406	3.694027836	0.694062113	0	1.998369083	0.491147998	0.153552958	1.016284286	0.565959884	0.015749731	2.961341238	-8.14528E-31	0	0	0.868651973	0.059404014	2.574424614
1133	0.151387365	-2.42096E-15	3.108679069	2.243926642	0.238518233	3.692406663	0.694778642	0	2.000096694	0.49117998	0.153562537	1.016341179	0.566209251	0.015755082	2.962002947	-8.14528E-31	0	0	0.869368121	0.059601346	2.575596747
1134	0.151095901	-2.42096E-15	3.102562163	2.242505327	0.238521689	3.691014809	0.69549479	0	2.000891726	0.491211852	0.153572133	1.016395371	0.56645845	0.015765304	2.962745134	-8.14528E-31	0	0	0.870083679	0.059761592	2.576767252
1135	0.150805412	-2.42096E-15	3.096431871	2.241084601	0.238816136	3.689590375	0.696210574	0	2.002506783	0.491243615	0.153581746	1.016446987	0.566707147	0.015791179	2.966806972	-8.14528E-31	0	0	0.87079865	0.059857104	2.577936132
1136	0.150515894	-2.42096E-15	3.090288215	2.2396641	0.239190813	3.688012337	0.696926014	0	2.003852236	0.49127527	0.153791292	1.01649615	0.56695569	0.015807436	2.967260844	-8.14524E-31	0	0	0.871513032	0.059952725	2.579103387
1137	0.150227343	-2.42096E-15	3.084131218	2.238244042	0.239702224	3.686686479	0.697641035	0	2.005124427	0.491306816	0.15430982	1.016536894	0.567203937	0.015813442	2.969395402	-8.14543E-31	0	0	0.872226827	0.060048455	2.580269022
1138	0.149939755	-2.42096E-15	3.077960903	2.236824996	0.240214799	3.685074287	0.698355196	0	2.006484867	0.491338254	0.154829816	1.016538038	0.567451765	0.015819445	2.971336238	-8.14617E-31	0	0	0.872940035	0.060144295	2.581433037
1139	0.149653127	-2.42096E-15	3.071591091	2.235406528	0.238012927	3.683116733	0.699068668	0	2.008130181	0.491369584	0.155351284	1.016539127	0.567699437	0.015825445	2.972074575	-8.14447E-31	0	0	0.873652656	0.060240244	2.582595436
1140	0.149367455	-2.42096E-15	3.064862294	2.233988562	0.235728204	3.68147102	0.699781574	0	2.009774051	0.491400807	0.155750665	1.016540164	0.567946913	0.015831443	2.972811923	-8.14359E-31	0	0	0.87436469	0.060338652	2.585272889
1141	0.149082735	-2.42096E-15	3.05811546	2.232571439	0.235864172	3.680563292	0.700493788	0	2.011416478	0.491431923	0.155760378	1.016541151	0.568193976	0.015837438	2.973328125	-8.14299E-31	0	0	0.875076139	0.060437643	2.58714998
1142	0.148798965	-2.42096E-15	3.051350591	2.231155864	0.236280794	3.679252462	0.701205132	0	2.013057463	0.491462933	0.156010223	1.016542092	0.568440103	0.01584343	2.974304727	-8.14153E-31	0	0	0.875787002	0.060536756	2.588393095
1143	0.148516141	-2.42096E-15	3.044567689	2.229741126	0.236394484	3.67877501	0.701915591	0	2.014696227	0.491493837	0.156390361	1.016542988	0.568686024	0.015849421	2.97511936	-8.14268E-31	0	0	0.876497282	0.06063599	2.589634453
1144	0.148234258	-2.42096E-15	3.037766757	2.228327091	0.235454939	3.678288514	0.702625417	0	2.016332854	0.491524635	0.156783243	1.016543841	0.568931621	0.015855408	2.975878082	-8.14334E-31	0	0	0.877206978	0.060735348	2.590874055
1145	0.147953315	-2.42096E-15	3.030947801	2.226913644	0.234519156	3.677721601	0.703334734	0	2.017968048	0.491555328	0.157178429	1.016544653	0.56917689	0.015861435	2.976609274	-8.14378E-31	0	0	0.87791609	0.060861479	2.592844
1146	0.147673307	-2.42096E-15	3.024110823	2.225500558	0.233587119	3.675917043	0.704043659	0	2.019601811	0.491585915	0.157574306	1.016545427	0.569421941	0.015867486	2.977339485	-8.14396E-31	0	0	0.87862462	0.061091613	2.595210543
1147	0.147394231	-2.42096E-15	3.017255829	2.224087823	0.232658813	3.674112248	0.704752185	0	2.021229041	0.491616399	0.157970871	1.016546164	0.569666795	0.015876312	2.978068715	-8.14376E-31	0	0	0.879332567	0.061322877	2.597091472
1148	0.147116084	-2.42096E-15	3.010382826	2.222675994	0.232315035	3.67355707	0.705460218	0	2.022556313	0.491646778	0.158364126	1.016546865	0.569910994	0.015885422	2.978796966	-8.14436E-31	0	0	0.880039932	0.061482087	2.598299782
1149	0.146838863	-2.42096E-15	3.003491821	2.221265545	0.232822881	3.672158509	0.706167665	0	2.023875889	0.491677053	0.158750711	1.016547533	0.570154158	0.015887915	2.97952424	-8.14406E-31	0	0	0.880746715	0.06160796	2.599506169
1150	0.146562565	-2.42096E-15	2.996582819	2.219856199	0.233347474	3.670753447	0.706874233	0	2.025194297	0.491707225	0.158964962	1.016548169	0.570396861	0.015891345	2.980250538	-8.14442E-31	0	0	0.881452918	0.061821203	2.600691549
1151	0.146287185	-2.42096E-15	2.992124892	2.218448201	0.233873172	3.66929557	0.707579489	0	2.027016544	0.491737294	0.159264675	1.016548492	0.570639291	0.015897289	2.98097586	-8.14422E-31	0	0	0.88215854	0.062035151	2.601871032
1152	0.146012722	-2.42096E-15	2.988749655	2.217040891	0.234399977	3.668669056	0.708283973	0	2.028395015	0.49176726	0.159264675	1.016548492	0.570881571	0.015903231	2.983539733	-8.14421E-31	0	0	0.882863583	0.062193117	2.603047117
1153	0.145739172	-2.42096E-15	2.984072484	2.21563408	0.234927892	3.668239539	0.708987951	0	2.029772097	0.491797123	0.159264675	1.016548492	0.571123627	0.015909184	2.985617224	-8.14295E-31	0	0	0.883568046	0.062311068	2.604203035
1154	0.145466533	-2.42096E-15	2.977785227	2.214227732	0.235456919	3.666944286	0.709691477	0	2.031147792	0.491826885	0.159264675	1.016548492	0.571365442	0.015915146	2.985899176	-8.14236E-31	0	0	0.884271931	0.062428978	2.605618151
1155	0.1451948	-2.42096E-15	2.971485625	2.21282206	0.235987059	3.665256577	0.710394587	0	2.0325221	0.491856545	0.159271417	1.016548492	0.571606772	0.015921106	2.986180725	-8.1425E-31	0	0	0.884975236	0.062559624	2.607186532
1156	0.144923973	-2.42096E-15	2.965173711	2.211417691	0.235925789	3.663563224	0.711096835	0	2.033874874	0.491886104	0.159744174	1.016548492	0.571847433	0.015927248	2.986461873	-8.14302E-31	0	0	0.885677964	0.062733458	2.608752996
1157	0.144654047	-2.42096E-15	2.958849522	2.21001421	0.235959795	3.661870653	0.711798213	0	2.035222649	0.491915562	0.160098084	1.016548492	0.572087854	0.01593366	2.98674262	-8.14288E-31	0	0	0.886380114	0.062909965	2.610059349
1158	0.144385019	-2.42096E-15	2.952513092	2.208611423	0.236430377	3.660178866	0.712499061	0	2.036478722	0.49194492	0.160098084	1.016548492	0.572327889	0.015940068	2.987022966	-8.14314E-31	0	0	0.887081688	0.063086982	2.610814737
1159	0.144116888	-2.42096E-15	2.946164457	2.20720905	0.236901985	3.658481584	0.713199464	0	2.037675858	0.491974177	0.160098084	1.016548492	0.572567735	0.01594647	2.987302912	-8.1433E-31	0	0	0.887782685	0.063285016	2.612155438
1160	0.143849651	-2.42096E-15	2.939803655	2.205807262	0.237160885	3.658973855	0.713899392	0	2.039297938	0.492003334	0.160110438	1.016548492	0.572807254	0.015952868	2.987582459	-8.10056E-31	0	0	0.888483106	0.063493745	2.613444741
1161	0.143583305	-2.42096E-15	2.933430721	2.204406283	0.236376783	3.658235908	0.714598894	0	2.040667426	0.492032392	0.160354275	1.016548492	0.573046174	0.015959261	2.988277758	-8.097E-31	0	0	0.889182952	0.063703124	2.614980264
1162	0.143317847	-2.42096E-15	2.927045695	2.203005676	0.235595278	3.65686971	0.715298003	0	2.042035532	0.49206135	0.160384865	1.016548492	0.573284901	0.015965649	2.988991879	-8.09713E-31	0	0	0.889882222	0.063913154	2.615885847
1163	0.143053275	-2.42096E-15	2.920648615	2.201605344	0.23481636	3.655632353	0.715996773	0	2.04337528	0.49209021	0.160768926	1.016548492	0.57352348	0.015972032	2.989705035	-8.09772E-31	0	0	0.890580917	0.064123838	2.616789683
1164	0.142789587	-2.42096E-15	2.914239519	2.200205522	0.234040022	3.654735566	0.716695217	0	2.044179352	0.492118971	0.16130346	1.017009467	0.573761665	0.015978411	2.990417226	-8.09849E-31	0	0	0.891279038	0.064335177	2.618028484
1165	0.14252678	-2.42096E-15	2.907818449	2.198806452	0.233266254	3.653416215	0.717393286	0	2.044830833	0.492147633	0.161838919	1.017009467	0.573999264	0.015984784	2.991128453	-8.10019E-31	0	0	0.891976584	0.064547174	2.620706015
1166	0.142264853	-2.42096E-15	2.901385443	2.197407893	0.232495049	3.652093854	0.71809104	0	2.046130677	0.492176197	0.162380679	1.017009467	0.57423646	0.015991263	2.991873134	-8.10026E-31	0	0	0.892673557	0.06466399	2.622794844
1167	0.142003802	-2.42096E-15	2.894940543	2.19600976	0.231726397	3.650865142	0.718788479	0	2.047429369	0.492204664	0.16265748	1.017009467	0.574473338	0.016052541	2.99262847	-8.10208E-31	0	0	0.893369956	0.064693213	2.624345155
1168	0.141743626	-2.42096E-15	2.888483791	2.194612153	0.23096029	3.650519961	0.719485617	0	2.048726911	0.492233033	0.162667219	1.017009467	0.574709788	0.016067317	2.993334858	-8.1024E-31	0	0	0.894065783	0.06486955	2.625893179
1169	0.141484322	-2.42096E-15	2.88201523	2.193214777	0.23019672	3.649268585	0.72018247	0	2.050012485	0.492261306	0.162676972	1.017009467	0.57494609	0.016076382	2.994040293	-8.10293E-31	0	0	0.894761036	0.065046343	2.627438918
1170	0.141225889	-2.42096E-15	2.875534901	2.191817638	0.229442892	3.648027543	0.720879031	0	2.051286394	0.492289481	0.162686739	1.017009467	0.575182244	0.016085443	2.994744779	-8.10398E-31	0	0	0.895455717	0.065224396	2.628982377
1171	0.140968324	-2.42096E-15	2.86904285	2.190420853	0.228706567	3.648009756	0.721575299	0	2.052047873	0.492317559	0.162696519	1.017009467	0.575418138	0.0160945	2.995448314	-8.10408E-31	0	0	0.896149826	0.065406663	2.630523557
1172	0.140711626	-2.42096E-15	2.862539119	2.18902455	0.227985125	3.648040218	0.722271262	0	2.052559512	0.492345542	0.162701978	1.017009467	0.575653657	0.016103555	2.996150902	-8.10386E-31	0	0	0.896843363	0.065589399	2.632062464
1173	0.140455792	-2.42096E-15	2.856023755	2.187628568	0.227266114	3.646867448	0.722966927	0	2.053070087	0.492373428	0.162701978	1.017009467	0.575888955	0.016112605	2.996558908	-8.10404E-31	0	0	0.89753633	0.065632348	2.633599099
1174	0.140200821	-2.42096E-15	2.849496802	2.18623318	0.226549525	3.645729191	0.723661975	0	2.0535796	0.492401219	0.162701978	1.017009467	0.576124079	0.016121653	2.996822006	-8.10446E-31	0	0	0.898228725	0.065655962	2.635133468
1175	0.13994671	-2.42096E-15	2.842895808	2.184838819	0.225835352	3.645175501	0.724356263	0	2.054088055	0.492428914	0.162701978	1.017009467	0.576358744	0.016131213	2.997084812	-8.10472E-31	0	0	0.898920551	0.065679551	2.636665571
1176	0.139693458	-2.42096E-15	2.83627446	2.183445122	0.225107183	3.644452803	0.725050026	0	2.055448867	0.492456514	0.162701978	1.017009467	0.576593074	0.016140791	2.997347325	-8.10467E-31	0	0	0.899611806	0.065813778	2.638545273
1177	0.139441062	-2.42096E-15	2.829641307	2.182051972	0.224351969	3.643410798	0.725743346	0	2.056968219	0.492484019	0.162913272	1.017009467	0.576827108	0.016150366	2.997608858	-8.10436E-31	0	0	0.900302492	0.065999948	2.640084273
1178	0.139189522	-2.42096E-15	2.822996398	2.180659207	0.223599326	3.643042089	0.72643626	0	2.058486139	0.49251143	0.163371231	1.017009467	0.577060973	0.016159939	2.997862244	-8.10506E-31	0	0	0.900992609	0.066186545	2.64188735
1179	0.138938835	-2.42096E-15	2.816339781	2.179266884	0.222849243	3.642316482	0.727128712	0	2.06000263	0.492538746	0.163474586	1.017009467	0.577294666	0.016169184	2.998115359	-8.10617E-31	0	0	0.901682157	0.066373568	2.643733527
1180	0.138688999	-2.42096E-15	2.809671506	2.177875256	0.222109093	3.641568585	0.727820777	0	2.061517692	0.492565968	0.163474586	1.017009467	0.577527864	0.016178198	2.998368202	-8.08907E-31	0	0	0.902371136	0.0665613	2.645571201
1181	0.138440013	-2.42096E-15	2.802991623	2.176484154	0.221406863	3.639461243	0.728512506	0	2.063031327	0.492593096	0.16354406	1.017009467	0.577760683	0.016187377	2.998620775	-8.08824E-31	0	0	0.903059548	0.066750087	2.647398504
1182	0.138191875	-2.42096E-15	2.796286552	2.175093651	0.220706979	3.637351996	0.729203924	0	2.064543537	0.492620131	0.164026623	1.017009467	0.577993028	0.016196381	2.998873078	-8.08836E-31	0	0	0.903747392	0.066939313	2.649197846
1183	0.137944583	-2.42096E-15	2.789560212	2.173703678	0.22061828	3.635268962	0.729895036	0	2.066054322	0.492647072	0.164284955	1.017009467	0.578224963	0.016205382	2.99912511	-8.08835E-31	0	0	0.904434668	0.067128978	2.650580771
1184	0.137698136	-2.42096E-15	2.782822314	2.172314158	0.220971228	3.634076476	0.730585807	0	2.067563684	0.49267392	0.164292508	1.017009467	0.578456602	0.016212912	2.999376872	-8.0879E-31	0	0	0.905121377	0.067319083	2.651956678
1185	0.137452532	-2.42096E-15	2.776072912	2.17092533	0.221324508	3.63212906	0.731276152	0	2.069071625	0.492700675	0.164300012	1.017009467	0.57868779	0.016220287	2.999628364	-8.08759E-31	0	0	0.90580752	0.067509628	2.653330267
1186	0.13720777	-2.42096E-15	2.76931206	2.169537106	0.221681766	3.629408246	0.731966152	0	2.070578145	0.492727338	0.164478001	1.017009467	0.578918538	0.016232703	2.999879586	-8.08734E-31	0	0	0.906493096	0.067700613	2.654701544
1187	0.136963847	-2.42096E-15	2.762539812	2.168149154	0.222062517	3.62754226	0.732655845	0	2.072083247	0.492753908	0.164677625	1.017009467	0.579149138	0.016240084	3.000130539	-8.08695E-31	0	0	0.907178107	0.067889104	2.656070512
1188	0.136720762	-2.42096E-15	2.755756225	2.166761665	0.222443539	3.625523123	0.73334506	0	2.07358693	0.492780387	0.164956909	1.017009467	0.579379575	0.016247086	3.000381223	-8.08611E-31	0	0	0.907862552	0.068080045	2.657437175
1189	0.136478513	-2.42096E-15	2.749894732	2.165374979	0.221876501	3.625056805	0.734033526	0	2.075089198	0.492806773	0.164956909	1.017009467	0.579609777	0.016254085	3.00182521	-8.08602E-31	0	0	0.908546432	0.068273449	2.658801537
1190	0.136237099	-2.42096E-15	2.746748337	2.163989182	0.220512386	3.623688625	0.73472138	0	2.07659005	0.492833068	0.16495691	1.017009467	0.579839523	0.016261081	3.003465749	-8.08567E-31	0	0	0.909229747	0.068475786	2.660163602
1191	0.135996518	-2.42096E-15	2.743605355	2.16260413	0.219746852	3.623067419	0.735408739	0	2.078089489	0.492859272	0.16495691	1.017009467	0.580068843	0.016268074	3.003674788	-8.08528E-31	0	0	0.909912498	0.06865838	2.661523373
1192	0.135756769	-2.42096E-15	2.740465807	2.161220006	0.220060199	3.622821788	0.73609559	0	2.079462091	0.492885385	0.16495691	1.017009467	0.580297565	0.016275064	3.005206769	-8.08416E-31	0	0	0.910594685	0.068847416	2.662880855
1193	0.13551785	-2.42096E-15	2.737329714	2.159836722	0.220373804	3.621634513	0.736781856	0	2.080735857	0.492911407	0.16495691	1.017009467	0.580525857	0.016282051	3.005659358	-8.0843E-31	0	0	0.911276308	0.069042573	2.664361844
1194	0.135279758	-2.42096E-15	2.734197095	2.158453849	0.220687663	3.621415132	0.737467686	0	2.082008497	0.492937339	0.164956911	1.017009467	0.580754	0.016289035	3.006031825	-8.08445E-31	0	0	0.911957368	0.069238181	2.66586508
1195	0.135042493	-2.42096E-15	2.731065022	2.157071296	0.2210022	3.619877303	0.738153167	0	2.083280011	0.49296318	0.164956911	1.017009467	0.580981998	0.016295059	3.006404114	-8.08483E-31	0	0	0.912637866	0.069434241	2.667366865
1196	0.134806053	-2.42096E-15	2.72793262	2.155689033	0.221111847	3.618304358	0.738838332	0	2.084550401	0.492988931	0.164956911	1.017009467	0.58120985	0.016300417	3.006776224	-8.08374E-31	0	0	0.913317801	0.069673108	2.668867201
1197	0.134570436	-2.42096E-15	2.724803657	2.154307046	0.220001551	3.616815831	0.739523195	0	2.085819667	0.493014593	0.164956912	1.017009467	0.581437557	0.016307591	3.007148156	-8.08414E-31	0	0	0.913997173	0.069932999	2.67036609
1198	0.13433564	-2.42096E-15	2.721678154	2.152925455	0.218896974	3.616003725	0.740207706	0	2.087087811	0.493040165	0.164956912	1.017009467	0.58166505	0.016314763	3.007519907	-8.08346E-31	0	0	0.914675984	0.070193695	2.671863532
1199	0.134101664	-2.42096E-15	2.71855613	2.151544358	0.21779809	3.615191113	0.740891804	0	2.088341511	0.493065648	0.164956912	1.017009467	0.581892293	0.016321932	3.007891476	-8.0829E-31	0	0	0.915354233	0.070455196	2.673359529
1200	0.133868506	-2.42096E-15	2.715437602	2.150163764	0.216704872	3.613663163	0.741575537	0	2.089586548	0.493091041	0.164956912	1.017009467	0.58211923	0.016329099	3.008262864	-8.07211E-31	0	0	0.916031921	0.070702155	2.674854082
1201	0.133636164	-2.42096E-15	2.712322591	2.148784642	0.216309061	3.611892471	0.742258876	0	2.090830471	0.493116347	0.164956913	1.017009467	0.582344923	0.016336262	3.008634069	-8.07124E-31	0	0	0.916709048	0.0709212	2.676347194
1202	0.133404636	-2.42096E-15	2.709211115	2.147406297	0.216758272	3.611300972	0.742941666	0	2.091530198	0.493141564	0.164956913	1.017009467	0.582570223	0.016343115	3.00900509	-8.07133E-31	0	0	0.917385615	0.071070321	2.677838864
1203	0.133173919	-2.42096E-15	2.706103192	2.146028395	0.217208374	3.610929694	0.743624001	0	2.092199651	0.493166693	0.164956913	1.017009467	0.58279537	0.016349154	3.009375926	-8.07196E-31	0	0	0.918061623	0.07108946	2.679329096
1204	0.132944012	-2.42096E-15	2.702998842	2.144650844	0.21765937	3.610657881	0.744305964	0	2.092867914	0.493191734	0.164956913	1.017009467	0.583020375	0.01635519	3.009746577	-8.07216E-31	0	0	0.918737071	0.071202105	2.680812979
1205	0.132714913	-2.42096E-15	2.696045527	2.143273703	0.21811126	3.609716843	0.744987512	0	2.093534636	0.493216688	0.164956914	1.017009467	0.583245223	0.016361222	3.010117042	-8.07263E-31	0	0	0.919411961	0.071396365	2.682473953
1206	0.13248662	-2.42096E-15	2.688240348	2.141896953	0.218564046	3.607000786	0.745668652	0	2.094192852	0.493241555	0.165091568	1.017009467	0.583469929	0.016367252	3.010487319	-8.0728E-31	0	0	0.920086293	0.071591058	2.68419931
1207	0.132259131	-2.42096E-15	2.680415776	2.140520823	0.218941204	3.605017114	0.7463494	0	2.09528485	0.493266334	0.165110473	1.017009467	0.583694245	0.016373278	3.011201471	-8.07314E-31	0	0	0.920760066	0.071786185	2.685922494
1208	0.132032444	-2.42096E-15	2.672571837	2.139145165	0.219154488	3.603230933	0.747029739	0	2.096635816	0.493291028	0.165485055	1.017009467	0.583918343	0.016376671	3.012177296	-8.0748E-31	0	0	0.921433282	0.071892742	2.687073398
1209	0.131806556	-2.42096E-15	2.664708556	2.137769837	0.218567603	3.602155368	0.747709732	0	2.098244113	0.493315634	0.165485055	1.017009467	0.5841423	0.016378741	3.013151419	-8.07515E-31	0	0	0.92210594	0.071949554	2.68821743
1210	0.131581466	-2.42096E-15	2.65682596	2.136394854	0.217982291	3.601075613	0.748389413	0	2.100579424	0.493340155	0.165485055	1.01710522	0.58436607	0.016380809	3.014124345	-8.0757E-31	0	0	0.922778042	0.072006354	2.689703705
1211	0.131357171	-2.42096E-15	2.648924077	2.135020539	0.217398545	3.599973495	0.749068739	0	2.102349861	0.493364591	0.165488535	1.01710522	0.584589374	0.016382874	3.015096076	-8.07603E-31	0	0	0.923449586	0.072063144	2.691188542
1212	0.131133669	-2.42096E-15	2.641002937	2.133646966	0.216822147	3.599318489	0.749747655	0	2.103427419	0.493388941	0.165737022	1.01710522	0.584812194	0.016384935	3.016066613	-8.07655E-31	0	0	0.924120575	0.072167176	2.692671942
1213	0.130910958	-2.42096E-15	2.633062568	2.132274057	0.216544569	3.599492596	0.750426058	0	2.104479063	0.493413206	0.166134708	1.01710522	0.585034714	0.016386994	3.017035958	-8.07663E-31	0	0	0.924791007	0.072379184	2.694142256
1214	0.130689035	-2.42096E-15	2.625103003	2.130901696	0.216999943	3.599360159	0.75110396	0	2.105529581	0.493437386	0.166239188	1.01710522	0.585257039	0.01638909	3.018004113	-8.07663E-31	0	0	0.925460885	0.072594192	2.695608941
1215	0.130467898	-2.42096E-15	2.617124274	2.129529801	0.217209928	3.598259116	0.751781411	0	2.106572825	0.493461482	0.166239188	1.01710522	0.585479201	0.016391184	3.019659052	-8.07651E-31	0	0	0.926130207	0.072809994	2.697074217
1216	0.130247545	-2.42096E-15	2.609126415	2.128158995	0.216509473	3.600394874	0.752458174	0	2.107607953	0.493485494	0.166239188	1.01710522	0.585700818	0.016393275	3.024431367	-8.07685E-31	0	0	0.926798975	0.073026169	2.698538085
1217	0.130027972	-2.42096E-15	2.60110946	2.126789047	0.215084573	3.599092383	0.75313424	0	2.10876285	0.493509422	0.166594336	1.01710522	0.58592213	0.016395363	3.02579166	-8.07692E-31	0	0	0.927467189	0.073242715	2.700000547
1218	0.129809177	-2.42096E-15	2.593073445	2.125420053	0.215220698	3.597702876	0.753809841	0	2.110088021	0.493533267	0.167187182	1.01710522	0.586142813	0.016397448	3.026302245	-8.07707E-31	0	0	0.92813485	0.073459631	2.701461604
1219	0.129591157	-2.42096E-15	2.585018407	2.124052108	0.214554564	3.596170573	0.754485035	0	2.110964371	0.493557028	0.167490935	1.017143513	0.586362713	0.016399531	3.026605584	-8.07717E-31	0	0	0.928801958	0.073676917	2.702847042
1220	0.12937391	-2.42096E-15	2.576944385	2.122684816	0.213912191	3.594758354	0.755159792	0	2.111764588	0.493580708	0.167547972	1.017143535	0.586582261	0.016404108	3.026814374	-8.12134E-31	0	0	0.929468514	0.073815754	2.704017133
1221	0.129157433	-2.42096E-15	2.568851417	2.121317966	0.21334416	3.59334669	0.755834155	0	2.1128097	0.493604305	0.167886936	1.017143555	0.586801624	0.016409626	3.027022918	-8.12584E-31	0	0	0.930134518	0.073881917	2.705185992
1222	0.128941723	-2.42096E-15	2.560739546	2.119951471	0.21376148	3.591935581	0.756508167	0	2.113853672	0.49362782	0.168197997	1.017143575	0.58702085	0.016415139	3.027231218	-8.12624E-31	0	0	0.93079997	0.073948279	2.706353618
1223	0.128726777	-2.42096E-15	2.552608813	2.11858532	0.212741177	3.591822105	0.757181843	0	2.114896505	0.493651253	0.168198137	1.017143593	0.587239936	0.016420649	3.027439273	-8.12585E-31	0	0	0.931464871	0.074016562	2.707608446
1224	0.128512592	-2.42096E-15	2.544459261	2.117219507	0.211381351	3.590981734	0.757855191	0	2.116013201	0.493674605	0.168198274	1.017143611	0.587458884	0.016426155	3.027647085	-8.12522E-31	0	0	0.932129221	0.074253398	2.709033615
1225	0.128299166	-2.42096E-15	2.536290934	2.115854093	0.210647016	3.589449946	0.758528155	0	2.117531882	0.493697877	0.168201515	1.017143628	0.587677689	0.016431657	3.028571668	-8.12686E-31	0	0	0.93279302	0.074513434	2.710456682
1226	0.128086495	-2.42096E-15	2.528103879	2.114489179	0.210075684	3.587917992	0.759200727	0	2.11904913	0.493721068	0.168250237	1.017143644	0.587896262	0.016437155	3.029521048	-8.12716E-31	0	0	0.933456269	0.074773978	2.711877649
1227	0.127874577	-2.42096E-15	2.519898143	2.113125043	0.210459637	3.586602935	0.759872778	0	2.120564947	0.493744179	0.168250241	1.01714366	0.588114454	0.016442649	3.030482442	-8.128E-31	0	0	0.934118968	0.075035972	2.713289487
1228	0.127663409	-2.42096E-15	2.511673774	2.11176159	0.209598485	3.585133336	0.760544343	0	2.122079333	0.49376721	0.168393869	1.017143674	0.58833233	0.016448172	3.031434081	-8.12896E-31	0	0	0.934781118	0.075299337	2.714694644
1229	0.127452986	-2.42096E-15	2.503430823	2.110398794	0.208210869	3.583985101	0.761215463	0	2.12359229	0.493790162	0.168753303	1.017143689	0.588549875	0.016453825	3.031975985	-8.12936E-31	0	0	0.93544272	0.075563045	2.716097703
1230	0.127243307	-2.42096E-15	2.49516934	2.109036681	0.207422992	3.582663775	0.7618861	0	2.12510382	0.493813035	0.168778706	1.017143702	0.588767105	0.016459476	3.032498798	-8.12932E-31	0	0	0.936103772	0.075635539	2.717298871
1231	0.127034368	-2.42096E-15	2.486889378	2.107675459	0.206781737	3.581869918	0.762556076	0	2.126613924	0.493835829	0.169061072	1.017143715	0.588983991	0.016465124	3.033021022	-8.12965E-31	0	0	0.936764277	0.075690228	2.718294197
1232	0.126826165	-2.42096E-15	2.478590991	2.106314972	0.206146861	3.580056509	0.763225499	0	2.128122602	0.493858546	0.169079498	1.017143727	0.589200584	0.016470769	3.033542658	-8.1319E-31	0	0	0.937424234	0.075743643	2.719287818
1233	0.126618696	-2.42096E-15	2.470274235	2.104955209	0.205513935	3.578747933	0.763894347	0	2.129629858	0.493881184	0.169079498	1.017143738	0.589416919	0.016476412	3.034047278	-8.13195E-31	0	0	0.938083644	0.075787444	2.720279739
1234	0.126411957	-2.42096E-15	2.461939166	2.103595918	0.204882953	3.577424294	0.764562753	0	2.131135691	0.493903746	0.169112803	1.01714375	0.589633118	0.016482051	3.034550754	-8.13214E-31	0	0	0.938742508	0.075836696	2.721269962
1235	0.126205945	-2.42096E-15	2.453585842	2.102237675	0.204254476	3.576124169	0.765230699	0	2.132570742	0.49392623	0.169112803	1.01714376	0.589848626	0.016487688	3.035053669	-8.13229E-31	0	0	0.939400825	0.075986089	2.72225849
1236	0.126000656	-2.42096E-15	2.445214325	2.100880342	0.20429987	3.574784311	0.765898165	0	2.133880435	0.493948638	0.169112803	1.01714377	0.590063603	0.016493323	3.03555602	-8.13205E-31	0	0	0.940058597	0.076156689	2.723244219
1237	0.125796088	-2.42096E-15	2.436824674	2.09952351	0.204676853	3.5735184	0.766565221	0	2.135182254	0.493970969	0.169112803	1.01714378	0.590278389	0.016498954	3.036057811	-8.13315E-31	0	0	0.940715823	0.076327211	2.724213798
1238	0.125592237	-2.42096E-15	2.428416952	2.098167115	0.204516765	3.573494747	0.767231905	0	2.136480842	0.493993225	0.169140347	1.017143789	0.590493015	0.016504583	3.03655904	-8.13299E-31	0	0	0.941372504	0.076497651	2.725180834
1239	0.125389099	-2.42096E-15	2.419991225	2.096811443	0.203419627	3.57379583	0.767898205	0	2.137777475	0.494015405	0.169140347	1.017143798	0.590707208	0.016510209	3.03705971	-8.13321E-31	0	0	0.94202864	0.07667069	2.726146204
1240	0.125186671	-2.42096E-15	2.411667697	2.095456397	0.202328817	3.572530385	0.768564064	0	2.139072156	0.494037511	0.169140347	1.017143806	0.590921125	0.016515833	3.037503272	-8.13366E-31	0	0	0.942684232	0.076846029	2.72710991
1241	0.124984949	-2.42096E-15	2.405598053	2.094102082	0.201244123	3.571265389	0.769229457	0	2.140290052	0.494059542	0.169349766	1.017143814	0.591134689	0.016521453	3.0377835	-8.13365E-31	0	0	0.943339281	0.076907538	2.728174985
1242	0.124783931	-2.42096E-15	2.399527878	2.092748446	0.200345184	3.572216717	0.769894299	0	2.141506233	0.494081499	0.169360705	1.017143822	0.59134804	0.016527071	3.038586584	-8.13404E-31	0	0	0.943993785	0.076938734	2.729300668
1243	0.124583613	-2.42096E-15	2.393457252	2.091395316	0.200691483	3.56928506	0.770558689	0	2.142721321	0.494103382	0.169360705	1.017143829	0.591561254	0.016532687	3.039172691	-8.13334E-31	0	0	0.944647747	0.077184353	2.730425146
1244	0.124383991	-2.42096E-15	2.387386256	2.090042627	0.201039862	3.56769741	0.771222693	0	2.143935315	0.494125191	0.169360705	1.017143836	0.591774332	0.016538299	3.042419279	-8.13312E-31	0	0	0.945301166	0.077435014	2.731548421
1245	0.124185062	-2.42096E-15	2.381314971	2.088690419	0.201388843	3.566237616	0.771886336	0	2.145148217	0.494146928	0.169360705	1.017143842	0.591987213	0.016543909	3.044115396	-8.13244E-31	0	0	0.945954043	0.077686064	2.732527164
1246	0.123986822	-2.42096E-15	2.375243478	2.087338745	0.201738427	3.564968711	0.77254957	0	2.146360029	0.494168592	0.169362349	1.017143849	0.592199894	0.016549516	3.046408118	-8.13102E-31	0	0	0.946606377	0.077885272	2.733753281
1247	0.123789269	-2.42096E-15	2.369171858	2.085987535	0.202088613	3.563544599	0.773212404	0	2.147566264	0.494190184	0.169683686	1.017143855	0.592412439	0.01655512	3.047093207	-8.1324E-31	0	0	0.94725817	0.07805855	2.734962492
1248	0.123592397	-2.42096E-15	2.363100193	2.084636762	0.202439402	3.562502364	0.773874866	0	2.148767277	0.494211704	0.169686063	1.01714386	0.592624849	0.016560722	3.047729685	-8.13362E-31	0	0	0.947909422	0.078231727	2.736089595
1249	0.123396205	-2.42096E-15	2.355232287	2.083286584	0.20279131	3.561283626	0.774536961	0	2.149790594	0.494233153	0.169982868	1.017143866	0.592836966	0.016566321	3.048365309	-8.13428E-31	0	0	0.948560132	0.078404799	2.737210135
1250	0.123200688	-2.42096E-15	2.347171202	2.081937135	0.201905643	3.560013298	0.775198634	0	2.150731634	0.49425453	0.170499676	1.017143871	0.59304871	0.016571917	3.04900008	-8.13485E-31	0	0	0.949210302	0.078577762	2.738329477
1251	0.123005843	-2.42096E-15	2.339098529	2.080588308	0.200671835	3.56034323	0.775859832	0	2.151930129	0.494275837	0.17062442	1.017143876	0.593260247	0.016577511	3.049633999	-8.1347E-31	0	0	0.949859933	0.078750612	2.739447624
1252	0.122811666	-2.42096E-15	2.331014375	2.079240534	0.199445482	3.55888397	0.776520309	0	2.153581728	0.494297074	0.170638685	1.017143881	0.593471393	0.016583102	3.050267068	-8.13522E-31	0	0	0.950509023	0.078923347	2.740509456
1253	0.122618153	-2.42096E-15	2.325379888	2.077893552	0.19822654	3.556942885	0.777180103	0	2.154799551	0.494318242	0.170656757	1.017143885	0.593682375	0.01658869	3.050744859	-8.135E-31	0	0	0.951157576	0.079095961	2.741363971
1254	0.122425301	-2.42096E-15	2.323004063	2.076547204	0.197014969	3.555050546	0.777839375	0	2.156012427	0.494339339	0.170656766	1.01714389	0.593893191	0.016594275	3.051076174	-8.13527E-31	0	0	0.951805589	0.079268453	2.742411258
1255	0.122233107	-2.42096E-15	2.32063678	2.075201624	0.195810725	3.553793956	0.778498226	0	2.157217402	0.494360368	0.170656774	1.017143894	0.594103611	0.016599858	3.051407235	-8.13532E-31	0	0	0.952453065	0.079440954	2.743624778
1256	0.122041566	-2.42096E-15	2.315040521	2.073856886	0.194613768	3.552537812	0.779156591	0	2.158418359	0.494381328	0.170656783	1.017143898	0.594313627	0.016605438	3.051738043	-8.13513E-31	0	0	0.953100003	0.079614864	2.745054348
1257	0.121850675	-2.42096E-15	2.309094589	2.072512676	0.194191555	3.551282111	0.779814525	0	2.159618235	0.49440222	0.170656791	1.017143902	0.5945235	0.016611015	3.052068597	-8.13529E-31	0	0	0.953746404	0.079825848	2.74616812
1258	0.121660432	-2.42096E-15	2.303030519	2.071168927	0.193894881	3.550026855	0.780472091	0	2.160817032	0.494423044	0.170735259	1.017143905	0.594733239	0.016616589	3.053262064	-8.13556E-31	0	0	0.954392268	0.080091727	2.747253101
1259	0.121470831	-2.42096E-15	2.296967253	2.069825618	0.193603874	3.548888855	0.781129313	0	2.162014752	0.494443801	0.170735259	1.017143909	0.594942842	0.016622161	3.054764577	-8.13603E-31	0	0	0.955037595	0.080358284	2.748401083
1260	0.12128187	-2.42096E-15	2.290837017	2.068482798	0.193325313	3.5478208	0.781786177	0	2.163211394	0.494464491	0.17073526	1.017143912	0.595152277	0.01662773	3.055458145	-8.13366E-31	0	0	0.955682386	0.080431193	2.749517717
1261	0.121093545	-2.42096E-15	2.282785966	2.067140843	0.192052919	3.546734541	0.78244245	0	2.164406959	0.494485114	0.170735261	1.017143915	0.595361407	0.016633297	3.056105856	-8.13253E-31	0	0	0.956326642	0.080492606	2.75063315
1262	0.120905852	-2.42096E-15	2.274722332	2.065799514	0.190546681	3.545645787	0.783098218	0	2.165596664	0.49450567	0.170735262	1.017143918	0.595570383	0.016638861	3.056738461	-8.13264E-31	0	0	0.956970363	0.080694452	2.751747385
1263	0.120718787	-2.42096E-15	2.26664621	2.064459023	0.189581743	3.543719522	0.783753594	0	2.166775582	0.494526161	0.170735262	1.017143921	0.595778885	0.016644422	3.057370221	-8.13263E-31	0	0	0.957613549	0.080882135	2.752860423
1264	0.120532348	-2.42096E-15	2.258557692	2.063119273	0.189425994	3.543551805	0.784408617	0	2.167953438	0.494546586	0.170735263	1.017143924	0.595986975	0.01664998	3.058220309	-8.1327E-31	0	0	0.958256201	0.080980825	2.753972265
1265	0.12034653	-2.42096E-15	2.250456876	2.061779976	0.189269039	3.543191495	0.785063298	0	2.168931573	0.494566946	0.170735264	1.017143926	0.59619493	0.016655536	3.061571344	-8.13249E-31	0	0	0.958898319	0.081147102	2.755082912
1266	0.120161329	-2.42096E-15	2.242329861	2.060441369	0.189110881	3.541746625	0.78571764	0	2.169612433	0.494587242	0.170735265	1.017143929	0.596402517	0.016661089	3.063722094	-8.13301E-31	0	0	0.959539904	0.081313199	2.756192366
1267	0.119976743	-2.42096E-15	2.234147592	2.059103538	0.188951522	3.540458261	0.786371633	0	2.170825392	0.494607473	0.170735265	1.017143931	0.596609659	0.016666639	3.064399646	-8.13268E-31	0	0	0.960180955	0.081479111	2.757300629
1268	0.119792767	-2.42096E-15	2.225953005	2.057766305	0.188790966	3.542552883	0.787025282	0	2.172100164	0.494627639	0.170735266	1.017143933	0.596816533	0.016708596	3.065030864	-8.13337E-31	0	0	0.960821474	0.081648306	2.7584077
1269	0.119609397	-2.42096E-15	2.217746202	2.056429558	0.188629216	3.541519753	0.787678591	0	2.173373497	0.494647743	0.170735267	1.017143935	0.597023251	0.016743156	3.065661611	-8.13332E-31	0	0	0.96146146	0.081820311	2.759513583
1270	0.119426631	-2.42096E-15	2.209527287	2.055093325	0.188469585	3.539474652	0.788331562	0	2.174645393	0.494667783	0.170735267	1.017143937	0.597229784	0.016749028	3.066291886	-8.13385E-31	0	0	0.962100915	0.081992143	2.760618277
1271	0.119244464	-2.42096E-15	2.201296368	2.05375756	0.188321641	3.538678645	0.788984193	0	2.175915853	0.49468776	0.170735268	1.017143939	0.597436185	0.016754897	3.06692169	-8.13409E-31	0	0	0.962739838	0.082163798	2.761721784
1272	0.119062893	-2.42096E-15	2.19305355	2.052422384	0.188172466	3.537251519	0.789636485	0	2.177184878	0.494707674	0.170735269	1.017143941	0.597642333	0.016760763	3.067551023	-8.13426E-31	0	0	0.96337823	0.082335274	2.762824106
1273	0.118881915	-2.42096E-15	2.184798944	2.051088032	0.188022064	3.535809269	0.790288467	0	2.178452472	0.494727527	0.171090946	1.017143943	0.597847968	0.016766626	3.068179886	-8.1341E-31	0	0	0.964016092	0.082513192	2.765174166
1274	0.118701524	-2.42096E-15	2.176532661	2.049754459	0.187870437	3.533712633	0.790940129	0	2.179718634	0.494747317	0.171553522	1.017143945	0.598053147	0.016772486	3.068808278	-8.13424E-31	0	0	0.964653424	0.08267296	2.766432988
1275	0.118521719	-2.42096E-15	2.168254813	2.048421756	0.187717588	3.531954243	0.79159146	0	2.180976145	0.494767047	0.171981827	1.017143946	0.598257792	0.016778342	3.069436201	-8.13415E-31	0	0	0.965290226	0.082837519	2.767612572
1276	0.118342495	-2.42096E-15	2.159965513	2.047089558	0.187563523	3.530892682	0.792242462	0	2.182156634	0.494786715	0.171994066	1.017257415	0.598462272	0.016784196	3.070063655	-8.13407E-31	0	0	0.965926498	0.083001861	2.76878208
1277	0.118163848	-2.42096E-15	2.151664878	2.045757993	0.187408242	3.530154183	0.792893108	0	2.183336073	0.494806322	0.172006807	1.017503776	0.598666486	0.016790046	3.070690639	-8.13387E-31	0	0	0.966562243	0.083165981	2.76994961
1278	0.117985776	-2.42096E-15	2.143353025	2.04442709	0.187251751	3.528823114	0.793543403	0	2.184514464	0.494825869	0.172241085	1.017510362	0.598870404	0.016795893	3.071221431	-8.13392E-31	0	0	0.967197459	0.083329877	2.771115165
1279	0.117808274	-2.42096E-15	2.135030072	2.0430969	0.18712665	3.527766551	0.794193235	0	2.185691806	0.494845356	0.172548458	1.01751228	0.599074088	0.016801738	3.071595686	-8.13383E-31	0	0	0.967832147	0.083493544	2.77227875
1280	0.117631339	-2.42096E-15	2.126696141	2.041767648	0.187264951	3.526710305	0.794842362	0	2.186868101	0.494864784	0.172549067	1.017512331	0.59927756	0.016807579	3.07196954	-8.13964E-31	0	0	0.968466308	0.083656979	2.773440367
1281	0.117454967	-2.42096E-15	2.118351353	2.040439187	0.187410906	3.52563746	0.795490989	0	2.188568626	0.494884152	0.172762512	1.017512379	0.599480764	0.016813417	3.072342994	-8.1413E-31	0	0	0.969099942	0.083820178	2.774600019
1282	0.117279154	-2.42096E-15	2.109995832	2.03911142	0.18748957	3.524234064	0.79613913	0	2.189861277	0.494903462	0.173250675	1.017512425	0.599683785	0.016819251	3.072716048	-8.14084E-31	0	0	0.969733049	0.083988108	2.775757711
1283	0.117103899	-2.42096E-15	2.101629705	2.037784393	0.187696606	3.522923103	0.796786773	0	2.191115721	0.494922712	0.173636405	1.017512469	0.599886592	0.016825083	3.073088702	-8.1407E-31	0	0	0.970365631	0.084157394	2.776913445
1284	0.116929196	-2.42096E-15	2.093253098	2.036458259	0.18783029	3.521926804	0.797433787	0	2.19236873	0.494941905	0.173648194	1.017512511	0.600089166	0.016830912	3.073460958	-8.14071E-31	0	0	0.970997687	0.084326459	2.778067224
1285	0.116755042	-2.42096E-15	2.08486614	2.035132789	0.187963427	3.520918991	0.798080305	0	2.193620305	0.49496104	0.173691764	1.017512551	0.600291606	0.016836737	3.073832815	-8.14081E-31	0	0	0.971629218	0.084495296	2.779219052
1286	0.116581434	-2.42096E-15	2.076468963	2.03380858	0.188096016	3.519147502	0.798726136	0	2.194865376	0.494980117	0.173937229	1.01751259	0.600493508	0.01684256	3.074204274	-8.14051E-31	0	0	0.972260225	0.084663905	2.780368933
1287	0.116408369	-2.42096E-15	2.068061698	2.032485308	0.188228052	3.517342184	0.799371334	0	2.19610392	0.494999137	0.174198822	1.017512626	0.600695144	0.016848379	3.074575336	-8.14072E-31	0	0	0.972890708	0.08483228	2.781516869
1288	0.116235843	-2.42096E-15	2.059644479	2.031163018	0.188359535	3.516109245	0.800016017	0	2.197341045	0.495018099	0.174346841	1.017512661	0.600896355	0.016854196	3.074946	-8.14077E-31	0	0	0.973520667	0.085000419	2.782662863
1289	0.116063853	-2.42096E-15	2.051217444	2.029841319	0.18849046	3.514726084	0.800660281	0	2.198576751	0.495037006	0.174346841	1.017512695	0.601097438	0.016860009	3.075316267	-8.14076E-31	0	0	0.974150103	0.085168317	2.78380692
1290	0.115892396	-2.42096E-15	2.04278073	2.028520394	0.188457458	3.51310676	0.801304174	0	2.199630832	0.495055856	0.174346841	1.017512726	0.601298163	0.016865819	3.075686138	-8.14109E-31	0	0	0.974779017	0.085363178	2.784949042
1291	0.115721468	-2.42096E-15	2.034334476	2.02720033	0.188084652	3.5117109	0.801947707	0	2.200436622	0.49507465	0.174346841	1.017512757	0.601498436	0.016871626	3.076055613	-8.14146E-31	0	0	0.975407409	0.085655773	2.786089233
1292	0.115551067	-2.42096E-15	2.025878823	2.02588099	0.187712585	3.510627287	0.802590888	0	2.201461071	0.495093389	0.174349185	1.017512786	0.601698389	0.01687743	3.076418946	-8.14158E-31	0	0	0.976035279	0.08594913	2.787227496
1293	0.115381188	-2.42096E-15	2.017413915	2.024562328	0.187342285	3.509509442	0.803233662	0	2.202986362	0.495112072	0.174354526	1.017512814	0.601898124	0.016883231	3.076778592	-8.14131E-31	0	0	0.976662627	0.086111973	2.788363834
1294	0.11521183	-2.42096E-15	2.008939897	2.023244429	0.186973604	3.508569605	0.803876031	0	2.20451003	0.4951307	0.174359415	1.01751284	0.602097556	0.016889029	3.077137847	-8.14112E-31	0	0	0.977289455	0.086156135	2.78949825
1295	0.115042988	-2.42096E-15	2.000456916	2.021927375	0.186605619	3.507658242	0.804518032	0	2.206022509	0.495149273	0.174359415	1.017512866	0.60229657	0.016894024	3.077496713	-8.14116E-31	0	0	0.977915762	0.086354374	2.790630748
1296	0.114874661	-2.42096E-15	1.99196512	2.020611343	0.186238329	3.506763494	0.805159643	0	2.207266846	0.495167792	0.174359415	1.01751289	0.602495012	0.016898345	3.07785519	-8.1407E-31	0	0	0.978541549	0.086621348	2.791761331
1297	0.114706844	-2.42096E-15	1.98346466	2.019296038	0.185871733	3.505804303	0.80580087	0	2.20849755	0.495186257	0.17448936	1.017512913	0.602693174	0.016902662	3.078304918	-8.14037E-31	0	0	0.979166817	0.086889753	2.792890002
1298	0.114539535	-2.42096E-15	1.974955688	2.017981428	0.18550583	3.504016117	0.806441632	0	2.209610221	0.495204668	0.17448936	1.017512935	0.602891171	0.016906977	3.078898821	-8.13993E-31	0	0	0.979791567	0.087158505	2.794016764
1299	0.114372731	-2.42096E-15	1.966438359	2.016667545	0.185039972	3.502756761	0.807081867	0	2.210624916	0.495223025	0.17448936	1.017512957	0.603089034	0.016911288	3.079491926	-8.14009E-31	0	0	0.980415797	0.0874276	2.795141622
1300	0.11420643	-2.42096E-15	1.957912829	2.015354359	0.184557537	3.501613439	0.807721683	0	2.211629504	0.495241329	0.17448936	1.017512977	0.603286689	0.016915596	3.080084231	-8.14014E-31	0	0	0.98103951	0.087697033	2.796264576
1301	0.114040629	-2.42096E-15	1.949379255	2.014042023	0.184087692	3.500489356	0.808361127	0	2.211848184	0.49525958	0.17448936	1.017512996	0.603483937	0.016919901	3.08067574	-8.14012E-31	0	0	0.981662705	0.087966803	2.797385632
1302	0.113875324	-2.42096E-15	1.940837799	2.012730259	0.18387807	3.499378295	0.809000211	0	2.212458229	0.495277778	0.17448936	1.017513014	0.603681045	0.016924202	3.081266452	-8.14006E-31	0	0	0.982285382	0.088236903	2.798504793
1303	0.113710514	-2.42096E-15	1.932288621	2.011419054	0.183697529	3.49826724	0.809638938	0	2.21360515	0.495295923	0.174694463	1.017513032	0.603878029	0.016928501	3.08185637	-8.14004E-31	0	0	0.982907543	0.08850733	2.79962206
1304	0.113546195	-2.42096E-15	1.923731886	2.01010846	0.18352911	3.49713239	0.810277305	0	2.214751056	0.495314016	0.174855581	1.017513049	0.604074836	0.016932796	3.082445493	-8.14004E-31	0	0	0.983529187	0.088778081	2.800737439
1305	0.113382366	-2.42096E-15	1.915167759	2.008798604	0.183847022	3.49577911	0.810915314	0	2.215895949	0.495332057	0.174855838	1.017513065	0.604271343	0.016937088	3.083033823	-8.14004E-31	0	0	0.984150315	0.08904915	2.801785745
1306	0.113219023	-2.42096E-15	1.906596408	2.007489308	0.184046952	3.492742958	0.811552971	0	2.217039831	0.495350047	0.174856091	1.01751308	0.604467724	0.016941377	3.083585069	-8.13995E-31	0	0	0.984770928	0.089320534	2.802768417
1307	0.113056164	-2.42096E-15	1.898018003	2.006180717	0.182710393	3.491669893	0.812190272	0	2.218182701	0.495367984	0.174856341	1.017513095	0.604663838	0.016945663	3.083854253	-8.14001E-31	0	0	0.985391025	0.089592228	2.803749695
1308	0.112893788	-2.42096E-15	1.889432715	2.004873064	0.181884587	3.490546614	0.812827194	0	2.219324561	0.495385871	0.174856587	1.017513109	0.604859477	0.016949946	3.084572327	-8.14001E-31	0	0	0.986010607	0.089767641	2.804729581
1309	0.11273189	-2.42096E-15	1.880840719	2.003566197	0.181576993	3.488817163	0.813463733	0	2.220465411	0.495403706	0.17485683	1.017513123	0.605054799	0.016954225	3.085415061	-8.14003E-31	0	0	0.986629675	0.089874539	2.805708077
1310	0.11257047	-2.42096E-15	1.87224219	2.002259926	0.181371524	3.487069199	0.814099894	0	2.221605253	0.49542149	0.17485707	1.017513135	0.605249991	0.016958501	3.086023566	-8.14012E-31	0	0	0.987248229	0.089981394	2.806682121
1311	0.112409524	-2.42096E-15	1.863637304	2.000954312	0.181165011	3.485787048	0.814735681	0	2.222653385	0.495439224	0.174857307	1.017513148	0.605444991	0.016962774	3.086631101	-8.14026E-31	0	0	0.987866269	0.090088208	2.807648708
1312	0.112249052	-2.42096E-15	1.855026243	1.999649348	0.180957457	3.483958265	0.815371089	0	2.223653718	0.495456907	0.17485754	1.017513159	0.605639809	0.016967044	3.087237669	-8.14041E-31	0	0	0.988483796	0.090194981	2.808613928
1313	0.112089049	-2.42096E-15	1.846504177	1.99834497	0.180748867	3.482218761	0.81600613	0	2.224653102	0.49547454	0.17485777	1.017513171	0.605834502	0.016971311	3.087843271	-8.14053E-31	0	0	0.98910081	0.090301711	2.809505041
1314	0.111929515	-2.42096E-15	1.839006152	1.997041565	0.180545392	3.481311397	0.816640811	0	2.22565154	0.495492122	0.174866788	1.017513181	0.606028675	0.016975574	3.088447909	-8.14056E-31	0	0	0.989717311	0.090408399	2.810311881
1315	0.111770447	-2.42096E-15	1.831510346	1.995739018	0.180351697	3.480066145	0.817275103	0	2.226649031	0.495509655	0.175307058	1.017513192	0.606222475	0.016979835	3.089051587	-8.14057E-31	0	0	0.990333301	0.090515045	2.811450806
1316	0.111611843	-2.42096E-15	1.82401483	1.994437529	0.180598338	3.47837148	0.817908787	0	2.227645577	0.495527139	0.175448153	1.017513201	0.606415922	0.016984092	3.089654305	-8.14057E-31	0	0	0.99094878	0.090621649	2.812483192
1317	0.1114537	-2.42096E-15	1.816495738	1.993136884	0.180573212	3.477079948	0.818541993	0	2.228641179	0.495544573	0.175624947	1.017513211	0.606609101	0.016988346	3.090256066	-8.14057E-31	0	0	0.991563749	0.090728211	2.813451742
1318	0.111296018	-2.42096E-15	1.808979011	1.991836943	0.180175535	3.475879099	0.819174758	0	2.229635837	0.495561957	0.175624947	1.01751322	0.606802116	0.016992597	3.090849616	-8.14058E-31	0	0	0.992178207	0.090834731	2.814418907
1319	0.111138794	-2.42096E-15	1.801552437	1.990537634	0.179505705	3.474584946	0.819807116	0	2.230629552	0.495579293	0.175624947	1.017513228	0.606995007	0.016996844	3.091435868	-8.14058E-31	0	0	0.992792156	0.090941209	2.815384687
1320	0.110982026	-2.42096E-15	1.793888952	1.989238927	0.179264124	3.473334126	0.820439097	0	2.231714971	0.49559658	0.175624947	1.017513236	0.607187775	0.017001089	3.092021339	-8.14058E-31	0	0	0.993405596	0.091047644	2.816348753
1321	0.110825712	-2.42096E-15	1.785104848	1.987940814	0.179049316	3.472182764	0.821070709	0	2.232951096	0.495613818	0.175624947	1.017513244	0.60738042	0.01700533	3.092606028	-8.14058E-31	0	0	0.994018527	0.091157993	2.817307007
1322	0.110669851	-2.42096E-15	1.776291561	1.986643296	0.178834195	3.470964994	0.821701955	0	2.234185123	0.495631007	0.175624947	1.017513252	0.607572942	0.017009569	3.093189938	-8.14058E-31	0	0	0.994630949	0.091268339	2.818263908
1323	0.110514441	-2.42096E-15	1.767476045	1.985346518	0.178618075	3.469747651	0.822332782	0	2.235417056	0.495648148	0.175624947	1.017513259	0.607765248	0.017013804	3.093770673	-8.14058E-31	0	0	0.995242863	0.091378675	2.819219458
1324	0.110359479	-2.42096E-15	1.760561849	1.984050984	0.178400962	3.468530735	0.822963009	0	2.236646898	0.495665241	0.175625898	1.017513265	0.607957017	0.017018036	3.095374781	-8.14058E-31	0	0	0.995854269	0.091489	2.820173658
1325	0.110204965	-2.42096E-15	1.752298941	1.982756238	0.178182862	3.467314246	0.823592761	0	2.237874654	0.495682286	0.175765953	1.017513272	0.608148581	0.017022265	3.098433147	-8.14058E-31	0	0	0.996465169	0.091695104	2.821126511
1326	0.110050897	-2.42096E-15	1.748244932	1.981462369	0.177963778	3.466098184	0.824222074	0	2.239100327	0.495699283	0.175765953	1.017513278	0.608339816	0.01702649	3.100579486	-8.14058E-31	0	0	0.997075561	0.09186027	2.822078018
1327	0.109897272	-2.42096E-15	1.741907626	1.980169598	0.177743716	3.464882549	0.82485087	0	2.240323919	0.495716232	0.175765953	1.017513284	0.60853058	0.017030713	3.101025106	-8.14058E-31	0	0	0.997685447	0.091919945	2.823028182
1328	0.10974409	-2.42096E-15	1.734645646	1.978877842	0.177522681	3.46366734	0.82547908	0	2.241545436	0.495733134	0.175768016	1.01751329	0.608721026	0.017034933	3.101470291	-8.14058E-31	0	0	0.998294828	0.091979588	2.824076658
1329	0.109591348	-2.42096E-15	1.727260642	1.977586871	0.177300678	3.462430564	0.826106841	0	2.24276488	0.495749988	0.176170158	1.017513295	0.608911248	0.017039149	3.101915041	-8.14058E-31	0	0	0.998903704	0.0920392	2.825349352
1330	0.109439046	-2.42096E-15	1.719880354	1.976296543	0.177077711	3.460667406	0.826734204	0	2.243982255	0.495766796	0.176258619	1.017513301	0.609101337	0.017043362	3.102359357	-8.14058E-31	0	0	0.999512074	0.092122451	2.826442733
1331	0.109287181	-2.42096E-15	1.712504942	1.975006868	0.176853786	3.45991616	0.827361182	0	2.245197564	0.495783556	0.176258619	1.017513305	0.609291273	0.017047572	3.10280324	-8.14058E-31	0	0	1.000119941	0.09232329	2.827372189
1332	0.109135753	-2.42096E-15	1.705134565	1.973717921	0.176540234	3.458854748	0.827987734	0	2.246516301	0.495800269	0.176258619	1.01751331	0.609481021	0.017051779	3.104440088	-8.14063E-31	0	0	1.000727303	0.092524034	2.828294265
1333	0.108984759	-2.42096E-15	1.697769384	1.972429675	0.176209828	3.457492972	0.828613832	0	2.24765026	0.495816935	0.176265606	1.017513315	0.609670638	0.017055983	3.104989844	-8.14069E-31	0	0	1.001334162	0.092724682	2.82921497
1334	0.108834199	-2.42096E-15	1.690409558	1.971142071	0.175880034	3.456286456	0.829239524	0	2.248850669	0.495833555	0.176572911	1.017513319	0.609860133	0.017060184	3.10598775	-8.14069E-31	0	0	1.001940517	0.092925235	2.830134304
1335	0.108684071	-2.42096E-15	1.683055248	1.969855106	0.175550852	3.455080362	0.829864832	0	2.250053967	0.495850128	0.176613535	1.017513323	0.610049493	0.017064381	3.106701767	-8.1407E-31	0	0	1.00254637	0.09312918	2.831243239
1336	0.108534375	-2.42096E-15	1.675706616	1.9685688	0.175222281	3.45387469	0.830489756	0	2.251255208	0.495866654	0.176613535	1.017513327	0.610238694	0.017068576	3.107368404	-8.14071E-31	0	0	1.003151721	0.093334416	2.832124739
1337	0.108385107	-2.42096E-15	1.668363822	1.967283368	0.174894319	3.45266944	0.831114212	0	2.252425993	0.495883135	0.176613535	1.017513331	0.610427609	0.017072767	3.107981437	-8.14071E-31	0	0	1.003756569	0.093539577	2.83300465
1338	0.108236268	-2.42096E-15	1.661027027	1.965999071	0.174566966	3.451453926	0.831737894	0	2.253395152	0.495899569	0.176613535	1.017513335	0.610616282	0.017076955	3.108574659	-8.14074E-31	0	0	1.004360916	0.093744665	2.833882974
1339	0.108087856	-2.42096E-15	1.653647501	1.964715583	0.17424022	3.450210873	0.832361009	0	2.254362979	0.495915957	0.176613535	1.017513338	0.610804834	0.017081141	3.109167436	-8.14076E-31	0	0	1.004964762	0.093986872	2.834759715
1340	0.10793987	-2.42096E-15	1.646255296	1.963432787	0.17391408	3.448753016	0.832983674	0	2.25545804	0.495932299	0.176771963	1.017513342	0.610993263	0.017085323	3.109759769	-8.14077E-31	0	0	1.005568108	0.094287198	2.835675052
1341	0.107792308	-2.42096E-15	1.638869331	1.962150642	0.173588545	3.446972048	0.833605932	0	2.25657274	0.495948596	0.177073117	1.017513345	0.61118157	0.017089502	3.110351656	-8.14077E-31	0	0	1.006170953	0.094588322	2.83659548
1342	0.10764517	-2.42096E-15	1.631489769	1.960869241	0.173263614	3.446016483	0.834227806	0	2.257686431	0.495964846	0.177437725	1.017513348	0.611369639	0.017093677	3.111363296	-8.14077E-31	0	0	1.006773298	0.094652186	2.837504764
1343	0.107498454	-2.42096E-15	1.624116777	1.959588505	0.172939286	3.445061183	0.834849314	0	2.258789008	0.495981051	0.17744031	1.017513351	0.611557532	0.01709785	3.113621028	-8.14077E-31	0	0	1.007375144	0.094755286	2.838409664
1344	0.107352159	-2.42096E-15	1.6172535	1.958308391	0.17261556	3.443489392	0.835470446	0	2.259888226	0.495997211	0.177637687	1.017513353	0.611745303	0.017102364	3.113820649	-8.14077E-31	0	0	1.00797649	0.094952302	2.839313219
1345	0.107206285	-2.42096E-15	1.610589581	1.957028904	0.172292435	3.441548204	0.836091196	0	2.260632017	0.496013325	0.178090369	1.017513356	0.611932952	0.01713355	3.113988408	-8.14077E-31	0	0	1.008577338	0.095149224	2.840215432
1346	0.107060829	-2.42096E-15	1.602097215	1.955750043	0.171969909	3.439593823	0.836711568	0	2.261332785	0.496029394	0.178555058	1.017513359	0.612120478	0.017166606	3.117581317	-8.14077E-31	0	0	1.009177688	0.095346051	2.841117969
1347	0.106915792	-2.42096E-15	1.5948125	1.954471806	0.171647982	3.437935384	0.837331563	0	2.262032497	0.496045418	0.178572566	1.017513361	0.612307881	0.017192262	3.121569461	-8.14077E-31	0	0	1.009777539	0.095542785	2.842128101
1348	0.106771172	-2.42096E-15	1.590845117	1.953194195	0.171326652	3.437047292	0.837951181	0	2.262982274	0.496061397	0.178792852	1.017513363	0.612495162	0.017197866	3.121829001	-8.14077E-31	0	0	1.010376893	0.095701844	2.843137151
1349	0.106626968	-2.42096E-15	1.584401904	1.951917208	0.171005919	3.43518575	0.838570424	0	2.263934987	0.49607733	0.179239122	1.017513366	0.612682319	0.017203466	3.12208817	-8.14077E-31	0	0	1.01097575	0.095768743	2.844145119
1350	0.10648318	-2.42096E-15	1.577968356	1.950640846	0.170685781	3.433848287	0.839189291	0	2.265016422	0.496093219	0.179615577	1.017513368	0.612869354	0.017209064	3.122346968	-8.14077E-31	0	0	1.01157411	0.09583561	2.845152008
1351	0.106339805	-2.42096E-15	1.57141103	1.949365111	0.170366238	3.432512425	0.839807781	0	2.266440759	0.496109063	0.179615577	1.01751337	0.613056266	0.017214659	3.122605395	-8.14077E-31	0	0	1.012171974	0.095902447	2.846157819
1352	0.106196844	-2.42096E-15	1.564835379	1.948089999	0.170047288	3.430815597	0.840425899	0	2.267863816	0.496124863	0.179615577	1.017513372	0.613243054	0.017220251	3.123695848	-8.14077E-31	0	0	1.012769341	0.095969252	2.847162552
1353	0.106054295	-2.42096E-15	1.558269881	1.946815507	0.169728929	3.429665243	0.841043648	0	2.269285594	0.496140617	0.179615577	1.017513374	0.613429718	0.01722584	3.124015772	-8.14077E-31	0	0	1.013366213	0.096032385	2.848166209
1354	0.105912158	-2.42096E-15	1.551714649	1.94554183	0.169411162	3.42853786	0.841661032	0	2.270706095	0.496156328	0.179615577	1.017513375	0.613616063	0.017231426	3.124303273	-8.14077E-31	0	0	1.01396259	0.096093064	2.84907192
1355	0.105770432	-2.42096E-15	1.545169793	1.944268929	0.169165	3.427222278	0.842278004	0	2.272031275	0.496171994	0.179615577	1.017513377	0.613802171	0.017237009	3.12459046	-8.14077E-31	0	0	1.014558471	0.096153707	2.849833495
1356	0.105629115	-2.42096E-15	1.538635426	1.942997149	0.168924796	3.425891562	0.842894334	0	2.273137432	0.496187615	0.179617897	1.017513379	0.613987928	0.017242589	3.124877335	-8.14077E-31	0	0	1.015153859	0.096214315	2.850593719
1357	0.105488207	-2.42096E-15	1.532111656	1.941726389	0.168684934	3.424553832	0.843510007	0	2.274242613	0.496203192	0.179628972	1.01751338	0.614173451	0.017248171	3.125163897	-8.14077E-31	0	0	1.015748753	0.096274888	2.851352593
1358	0.105347706	-2.42096E-15	1.525008966	1.940456404	0.168445413	3.423262037	0.844125172	0	2.275336749	0.496218726	0.179640064	1.017513382	0.614358839	0.017253775	3.125450146	-8.14077E-31	0	0	1.016343153	0.096335426	2.852110119
1359	0.105207613	-2.42096E-15	1.517087688	1.939187347	0.168206232	3.421880798	0.844739793	0	2.276429613	0.496234215	0.179770387	1.017513383	0.614543971	0.017259377	3.125736084	-8.14077E-31	0	0	1.016937061	0.096395929	2.852866301
1360	0.105067927	-2.42096E-15	1.510904353	1.937919474	0.167967391	3.420550974	0.845353782	0	2.277510325	0.49624966	0.17981147	1.017513385	0.614728681	0.017264975	3.12602171	-8.14077E-31	0	0	1.017530477	0.096456396	2.853682394
1361	0.104928645	-2.42096E-15	1.506300638	1.936652759	0.167728889	3.419220555	0.845967173	0	2.278217865	0.496265061	0.180286889	1.017513386	0.614912961	0.017270571	3.126307025	-8.14077E-31	0	0	1.018123401	0.096518983	2.85459091
1362	0.104789768	-2.42096E-15	1.499963051	1.935386916	0.167490726	3.417889554	0.846580087	0	2.279548014	0.496280419	0.180669253	1.017513387	0.615096976	0.017276164	3.126592029	-8.14077E-31	0	0	1.018715833	0.096582686	2.855498153
1363	0.104651295	-2.42096E-15	1.493636486	1.934122015	0.167252901	3.416557988	0.847192567	0	2.280787692	0.496295733	0.180669253	1.017513388	0.615280615	0.017281753	3.126876722	-8.14077E-31	0	0	1.019307775	0.096646344	2.856404126
1364	0.104513225	-2.42096E-15	1.487321044	1.93285786	0.167015415	3.415907516	0.847804626	0	2.281879457	0.496311003	0.180669253	1.01751339	0.615464059	0.01728734	3.127161105	-8.14077E-31	0	0	1.019899227	0.096709956	2.857308829
1365	0.104375557	-2.42096E-15	1.481016825	1.931594346	0.166778266	3.4147145	0.848416296	0	2.282966537	0.49632623	0.180669253	1.017513391	0.615647382	0.017292924	3.127445178	-8.14077E-31	0	0	1.020490189	0.096773521	2.858212265
1366	0.10423829	-2.42096E-15	1.474723926	1.93033146	0.166541454	3.413513281	0.84902759	0	2.284034777	0.496341414	0.180669253	1.017513392	0.615830585	0.017298505	3.127728942	-8.14077E-31	0	0	1.021080662	0.096837041	2.859114436
1367	0.104101425	-2.42096E-15	1.468350685	1.929069198	0.166304978	3.413156548	0.849638511	0	2.285037031	0.496356554	0.180669253	1.017513393	0.616013667	0.017304083	3.128012396	-8.14077E-31	0	0	1.021670645	0.096930357	2.860321385
1368	0.103964959	-2.42096E-15	1.461950466	1.927807594	0.166068839	3.411288986	0.850249063	0	2.28603834	0.49637165	0.180669253	1.017513394	0.616196593	0.017309658	3.128295541	-8.14077E-31	0	0	1.02226014	0.09718194	2.861719983
1369	0.103828893	-2.42096E-15	1.455561842	1.926546838	0.165437169	3.409950823	0.850859212	0	2.287038706	0.496386704	0.180669253	1.017513395	0.616379206	0.01731523	3.128494613	-8.14077E-31	0	0	1.022849147	0.097465193	2.8631169
1370	0.103693226	-2.42096E-15	1.449184914	1.925286768	0.164412557	3.410798532	0.851468943	0	2.288038129	0.496401714	0.180671096	1.017513396	0.616561683	0.017320799	3.128570232	-8.14077E-31	0	0	1.023437666	0.097749007	2.864512136
1371	0.103557956	-2.42096E-15	1.442819786	1.92402734	0.164048057	3.409461521	0.852078286	0	2.289085577	0.496416682	0.180677306	1.017513396	0.616744039	0.017326365	3.129188337	-8.14077E-31	0	0	1.024025697	0.097950592	2.865905695
1372	0.103423084	-2.42096E-15	1.436466557	1.922768636	0.163720814	3.407271903	0.852687247	0	2.290240217	0.496431606	0.180683519	1.017513397	0.616926186	0.017331928	3.129517759	-8.14077E-31	0	0	1.024613241	0.098026259	2.867153825
1373	0.103288608	-2.42096E-15	1.430125328	1.921510813	0.162863058	3.405760786	0.853295764	0	2.291393906	0.496446488	0.180689735	1.017513398	0.617108028	0.017337488	3.129801829	-8.14077E-31	0	0	1.025200299	0.098101873	2.868152933
1374	0.103154528	-2.42096E-15	1.4237962	1.920253956	0.16183826	3.404703426	0.853903826	0	2.292546645	0.496461327	0.180990061	1.017513399	0.617289493	0.017343045	3.130085587	-8.14077E-31	0	0	1.02578687	0.098177432	2.869148537
1375	0.103020844	-2.42096E-15	1.417479272	1.91899778	0.160830311	3.403646397	0.854511481	0	2.293698435	0.496476123	0.181461843	1.017513399	0.617470817	0.017348599	3.130611541	-8.14077E-31	0	0	1.026372956	0.098252937	2.870128817
1376	0.102887553	-2.42096E-15	1.411174642	1.917742528	0.160510254	3.403781743	0.85511871	0	2.294849276	0.496490877	0.181934203	1.0175134	0.617651776	0.017354151	3.131189695	-8.14077E-31	0	0	1.026958556	0.098328388	2.871108042
1377	0.102754657	-2.42096E-15	1.404882409	1.916487979	0.160363936	3.402110214	0.855725519	0	2.295758899	0.496505588	0.182010916	1.017513401	0.617832587	0.017359699	3.131767414	-8.14077E-31	0	0	1.027543671	0.098403784	2.872086213
1378	0.102622153	-2.42096E-15	1.398602671	1.915234094	0.160235042	3.400679002	0.856331938	0	2.296600711	0.496520256	0.18201715	1.017513401	0.618013257	0.017365245	3.133441442	-8.14077E-31	0	0	1.028128302	0.098479126	2.872913297
1379	0.102490042	-2.42096E-15	1.392335525	1.913981069	0.16011614	3.399771589	0.856937946	0	2.297441318	0.496534882	0.182086124	1.017513402	0.618193614	0.017370787	3.133869413	-8.14077E-31	0	0	1.028712448	0.098554414	2.873642593
1380	0.102358322	-2.42096E-15	1.386081066	1.912729027	0.159997297	3.398864418	0.857543464	0	2.298280723	0.496549466	0.182329494	1.017513403	0.618373611	0.017376327	3.137220085	-8.14077E-31	0	0	1.02929611	0.098635992	2.874370392
1381	0.102226993	-2.42096E-15	1.379839392	1.911477821	0.159878511	3.397957491	0.858148471	0	2.299118927	0.496564008	0.182362599	1.017513403	0.618553417	0.017381863	3.139373882	-8.14077E-31	0	0	1.029879289	0.098762378	2.875096698
1382	0.102096054	-2.42096E-15	1.372913024	1.910227716	0.159759783	3.397018128	0.858753057	0	2.299957998	0.496578508	0.182412721	1.017513404	0.618732679	0.017387397	3.139733003	-8.14077E-31	0	0	1.030461986	0.098888281	2.875821513
1383	0.101965505	-2.42096E-15	1.365306389	1.90897825	0.159641113	3.396123507	0.859357257	0	2.300945247	0.496592966	0.182412721	1.017513404	0.618911823	0.01739275	3.140068681	-8.14077E-31	0	0	1.0310442	0.099001404	2.87654484
1384	0.101835344	-2.42096E-15	1.35771168	1.90772941	0.159150373	3.395229121	0.859961084	0	2.301931566	0.496607382	0.182412721	1.017513405	0.619090848	0.017397391	3.140403779	-8.14077E-31	0	0	1.031625931	0.099046723	2.877266683
1385	0.101705572	-2.42096E-15	1.35012911	1.9064813	0.158958438	3.394330664	0.860564526	0	2.302916955	0.496621756	0.182412721	1.017513405	0.619269665	0.017402029	3.140738297	-8.14077E-31	0	0	1.032207182	0.099092565	2.877987044
1386	0.101576186	-2.42096E-15	1.342558892	1.905233884	0.158784798	3.393426491	0.861167564	0	2.303901415	0.496636088	0.182412721	1.017513405	0.619448327	0.017406664	3.141072237	-8.14077E-31	0	0	1.032787951	0.099303427	2.878705927
1387	0.101447187	-2.42096E-15	1.335001241	1.90398711	0.158840278	3.392407448	0.861770216	0	2.304884948	0.496650378	0.182412721	1.017513406	0.61962687	0.017411295	3.1414056	-8.14077E-31	0	0	1.033368239	0.099511473	2.879423335
1388	0.101318574	-2.42096E-15	1.327456368	1.90274107	0.15886477	3.391221368	0.862372486	0	2.305867554	0.496664628	0.182412721	1.017513406	0.619805196	0.017415923	3.141738386	-8.14077E-31	0	0	1.033948046	0.099633733	2.880139271
1389	0.101190346	-2.42096E-15	1.319924488	1.901495804	0.158560977	3.390029839	0.862974371	0	2.306849234	0.496678835	0.182412721	1.017513407	0.61998327	0.017420548	3.142070597	-8.14077E-31	0	0	1.034527373	0.099756011	2.880853737
1390	0.101062502	-2.42096E-15	1.312405814	1.900251177	0.158259218	3.388817583	0.863575875	0	2.307829989	0.496693001	0.18251539	1.017513407	0.620161223	0.01742517	3.142402234	-8.14077E-31	0	0	1.035106221	0.099878021	2.881566738
1391	0.100935042	-2.42096E-15	1.304900558	1.899007308	0.157958031	3.387153889	0.864176885	0	2.30880982	0.496707126	0.182535056	1.017513407	0.620339049	0.017429788	3.142733298	-8.14077E-31	0	0	1.035684589	0.099999541	2.882278275
1392	0.100807965	-2.42096E-15	1.297408934	1.897764389	0.157657415	3.385966084	0.864777411	0	2.309788727	0.49672121	0.182571355	1.017513408	0.620516547	0.017433046	3.143805193	-8.14077E-31	0	0	1.036262478	0.100125088	2.882988065
1393	0.100681269	-2.42096E-15	1.289931154	1.896522202	0.157357367	3.384926974	0.86537751	0	2.310879582	0.496735253	0.18263751	1.017513408	0.620693876	0.017435122	3.144044915	-8.14077E-31	0	0	1.036839889	0.100250726	2.883693951
1394	0.100554955	-2.42096E-15	1.282467431	1.895280812	0.15639418	3.383888184	0.865977199	0	2.312100932	0.496749255	0.18263751	1.017513408	0.620870958	0.017437194	3.144284154	-8.14077E-31	0	0	1.037416822	0.10037589	2.884398378
1395	0.100429021	-2.42096E-15	1.275017977	1.894040285	0.155198439	3.382734192	0.866576455	0	2.313321367	0.496763216	0.182680608	1.017513409	0.621047747	0.017439263	3.144522912	-8.14077E-31	0	0	1.037993277	0.100526487	2.885101352
1396	0.100303467	-2.42096E-15	1.267583004	1.892800605	0.154687196	3.380912554	0.867175283	0	2.314655715	0.496777136	0.183121558	1.017513409	0.621224255	0.017441328	3.14476119	-8.14077E-31	0	0	1.038569254	0.100801787	2.885802874
1397	0.100178291	-2.42096E-15	1.260162723	1.891561582	0.154264773	3.379090297	0.867773713	0	2.316047892	0.496791015	0.183121603	1.017513409	0.621400644	0.017444171	3.144998989	-8.14077E-31	0	0	1.039144755	0.10099653	2.886950605
1398	0.100053493	-2.42096E-15	1.252757346	1.8903232	0.153853392	3.377267931	0.868371759	0	2.317438577	0.496804854	0.183121648	1.017513409	0.621576915	0.017447269	3.145236548	-8.14077E-31	0	0	1.039719779	0.101062836	2.88844578
1399	0.099929072	-2.42096E-15	1.245367085	1.889085453	0.15345538	3.378125581	0.868969427	0	2.318827772	0.496818653	0.183121692	1.01751341	0.621753068	0.017468415	3.145595149	-8.14077E-31	0	0	1.040294327	0.101129093	2.889938529
1400	0.099805027	-2.42096E-15	1.237992149	1.887848342	0.153058399	3.376924323	0.869566719	0	2.320215477	0.496832411	0.183121736	1.01751341	0.621929102	0.017472922	3.145953001	-8.14077E-31	0	0	1.040868399	0.101195301	2.891428856
1401	0.099681358	-2.42096E-15	1.231917878	1.886611867	0.152662447	3.375322294	0.870163634	0	2.321546059	0.496846128	0.183121779	1.01751341	0.622105017	0.017477427	3.146310107	-8.14077E-31	0	0	1.041441996	0.101261458	2.892916765
1402	0.099558063	-2.42096E-15	1.226892648	1.88537603	0.151938788	3.3745553	0.87076017	0	2.322608786	0.496859806	0.183121821	1.01751341	0.622280814	0.017481928	3.146666468	-8.14077E-31	0	0	1.042015117	0.101330871	2.89440226
1403	0.099435141	-2.42096E-15	1.221881772	1.884140831	0.151033792	3.37337009	0.871356328	0	2.323670569	0.496873444	0.183121863	1.017513411	0.622456492	0.017486426	3.147211792	-8.14077E-31	0	0	1.042587764	0.101446271	2.895885345
1404	0.099312592	-2.42096E-15	1.216885291	1.882906274	0.150189666	3.371949497	0.871952106	0	2.324731408	0.496887041	0.183121904	1.017513411	0.62263205	0.017490921	3.147810217	-8.14077E-31	0	0	1.043159936	0.101561177	2.896956859
1405	0.099190415	-2.42096E-15	1.211903243	1.881672389	0.149875135	3.370117201	0.872547503	0	2.325781406	0.496900599	0.183121944	1.017513411	0.622807459	0.017495412	3.148408037	-8.14077E-31	0	0	1.043731635	0.101675587	2.897818025
1406	0.099068608	-2.42096E-15	1.206935667	1.880439466	0.149561318	3.3689331	0.87314252	0	2.326828882	0.496914117	0.183130902	1.017513411	0.62298243	0.0174999	3.148979352	-8.14077E-31	0	0	1.044302859	0.101759435	2.898673683
1407	0.098947171	-2.42096E-15	1.2019826	1.879207442	0.149248215	3.36812512	0.873737147	0	2.327914714	0.496927596	0.183441135	1.017513411	0.623157035	0.017504385	3.149549042	-8.14077E-31	0	0	1.04487361	0.101859777	2.899519114
1408	0.098826102	-2.42096E-15	1.19704408	1.877976224	0.148935821	3.367437207	0.874331334	0	2.329120249	0.496941035	0.183617814	1.017513412	0.623331417	0.017508866	3.150118308	-8.14077E-31	0	0	1.045443889	0.101959202	2.900363411
1409	0.098705401	-2.42096E-15	1.192120141	1.876745681	0.148300698	3.366392022	0.874925108	0	2.330324876	0.496954434	0.183617815	1.017513412	0.62350568	0.017513345	3.150687149	-8.14077E-31	0	0	1.046013695	0.102013981	2.901206577
1410	0.098585067	-2.42096E-15	1.18721082	1.875515813	0.147494142	3.365077057	0.875518494	0	2.33154695	0.496967795	0.183617816	1.017513412	0.623679803	0.01751782	3.151255567	-8.14077E-31	0	0	1.046583029	0.102068716	2.902048612
1411	0.098465098	-2.42096E-15	1.182316152	1.874286599	0.146690981	3.363902863	0.876111496	0	2.332777162	0.496981116	0.183617817	1.017513412	0.6238538	0.017522292	3.151823562	-8.14077E-31	0	0	1.047151891	0.102123406	2.902889519
1412	0.098345493	-2.42096E-15	1.17743617	1.873058072	0.145897569	3.363155594	0.876704118	0	2.333980973	0.496994398	0.183617818	1.017513412	0.624027636	0.01752676	3.152391134	-8.14077E-31	0	0	1.047720282	0.102178052	2.903729299
1413	0.098226251	-2.42096E-15	1.172570907	1.871830249	0.145124491	3.36285526	0.87729635	0	2.335183866	0.497007642	0.183617819	1.017513412	0.624201305	0.017531225	3.152958283	-8.14077E-31	0	0	1.048288202	0.102232653	2.904567954
1414	0.098107372	-2.42096E-15	1.167720396	1.870603206	0.144357974	3.361433018	0.877888135	0	2.336385842	0.497020847	0.18361782	1.017513412	0.624374789	0.017535688	3.15352501	-8.14077E-31	0	0	1.048855652	0.102287211	2.905405484
1415	0.097988853	-2.42096E-15	1.162884668	1.869377034	0.143709689	3.359986189	0.878479395	0	2.337586901	0.497034013	0.183617821	1.017513413	0.624548073	0.017540146	3.154091315	-8.14077E-31	0	0	1.049422632	0.102407302	2.906795856
1416	0.097870694	-2.42096E-15	1.158063755	1.868151617	0.143881791	3.358219118	0.879070169	0	2.338787045	0.49704714	0.183617822	1.017513413	0.624721237	0.017544602	3.154657199	-8.14077E-31	0	0	1.049989142	0.102603047	2.908286035
1417	0.097752894	-2.42096E-15	1.153257687	1.866926937	0.144054184	3.356790778	0.879660513	0	2.339986275	0.49706023	0.183617823	1.017513413	0.624894244	0.017549054	3.15522266	-8.14077E-31	0	0	1.050555182	0.102784434	2.909769345
1418	0.097635451	-2.42096E-15	1.148466494	1.865703078	0.144237995	3.355603619	0.880250394	0	2.341110959	0.497073281	0.183626417	1.017513413	0.625067042	0.017553503	3.155787701	-8.14077E-31	0	0	1.051120754	0.102791461	2.910745374
1419	0.097518364	-2.42096E-15	1.143690203	1.864479996	0.144423865	3.354261293	0.88083981	0	2.342103829	0.497086294	0.183921526	1.017513413	0.625239679	0.017557986	3.156352321	-8.14077E-31	0	0	1.051685858	0.102798444	2.911063232
1420	0.097401632	-2.42096E-15	1.138928844	1.863257971	0.144609956	3.352840825	0.881428752	0	2.343617404	0.497099269	0.184018793	1.017513413	0.625411883	0.017562525	3.156916521	-8.14077E-31	0	0	1.052250493	0.102805384	2.911372293
1421	0.097285254	-2.42096E-15	1.134182443	1.862036709	0.144798756	3.351419079	0.882017227	0	2.344816139	0.497112206	0.184025764	1.017513413	0.625583944	0.01756706	3.1574803	-8.14077E-31	0	0	1.052814661	0.102812281	2.911680516
1422	0.097169227	-2.42096E-15	1.129451027	1.860816135	0.144488525	3.349997932	0.882605284	0	2.346013978	0.497125105	0.184093918	1.017513413	0.625755887	0.017571593	3.15804366	-8.14077E-31	0	0	1.053378361	0.102819136	2.912065441
1423	0.097053552	-2.42096E-15	1.124734623	1.859596243	0.144126883	3.348577385	0.883192942	0	2.34721092	0.497137967	0.184093988	1.017513413	0.625927701	0.017576122	3.1586066	-8.14077E-31	0	0	1.053941595	0.102881885	2.912892922
1424	0.096938226	-2.42096E-15	1.120033254	1.858377028	0.143766202	3.347157437	0.883780205	0	2.348406967	0.497150792	0.184094058	1.017513413	0.626099387	0.017579382	3.159169121	-8.14077E-31	0	0	1.054504362	0.10316554	2.913719294
1425	0.096823248	-2.42096E-15	1.115346946	1.857158498	0.14340648	3.345738088	0.884367074	0	2.349329268	0.497163579	0.184094127	1.017513414	0.626270938	0.017580252	3.159731223	-8.14077E-31	0	0	1.055066663	0.103176263	2.914544559
1426	0.096708618	-2.42096E-15	1.110675722	1.855940668	0.143047714	3.344317098	0.884953534	0	2.349457113	0.497176329	0.184094195	1.017513414	0.626442352	0.01758112	3.160292906	-8.14077E-31	0	0	1.055628499	0.103177732	2.915368718
1427	0.096594332	-2.42096E-15	1.106019605	1.854723593	0.142689902	3.342893355	0.885539526	0	2.349993461	0.497189042	0.184094262	1.017513414	0.626613637	0.017581986	3.160854172	-8.14077E-31	0	0	1.056189869	0.103182027	2.916191772
1428	0.096480391	-2.42096E-15	1.101378618	1.853507527	0.142455078	3.341470211	0.88612508	0	2.350973032	0.497201718	0.184377947	1.017513414	0.62678451	0.01758285	3.161415019	-8.14077E-31	0	0	1.056750774	0.103421065	2.917013723
1429	0.096366792	-2.42096E-15	1.096752781	1.852292331	0.142647599	3.340047665	0.886710185	0	2.351951137	0.497214358	0.184381358	1.017513414	0.626955119	0.017583713	3.161975449	-8.14077E-31	0	0	1.057311215	0.103720996	2.917834572
1430	0.096253535	-2.42096E-15	1.092142116	1.851077825	0.142495966	3.338625718	0.887294879	0	2.352927778	0.497226961	0.184383645	1.017513414	0.627125609	0.017584573	3.162535461	-8.14077E-31	0	0	1.057871191	0.103950736	2.918654321
1431	0.096140617	-2.42096E-15	1.087546643	1.849863991	0.142100473	3.33720437	0.887879179	0	2.353902957	0.497239527	0.18443928	1.017513414	0.627295981	0.017585431	3.163095056	-8.14077E-31	0	0	1.058430704	0.103986111	2.919472972
1432	0.096028037	-2.42096E-15	1.082326964	1.848650903	0.141706078	3.336506898	0.888463094	0	2.354875796	0.497252058	0.184685939	1.017513414	0.627466155	0.017586288	3.163654235	-8.14077E-31	0	0	1.058989753	0.104021465	2.920290525
1433	0.095915794	-2.42096E-15	1.07692053	1.847438542	0.141312778	3.336323324	0.889046637	0	2.355845798	0.497264552	0.184697202	1.017513414	0.627636135	0.017587142	3.164212997	-8.14077E-31	0	0	1.05954834	0.104056778	2.921106982
1434	0.095803887	-2.42096E-15	1.071530722	1.846226964	0.140920569	3.334906956	0.889629699	0	2.356812874	0.49727701	0.184697202	1.017513414	0.627805977	0.017587994	3.164771343	-8.14077E-31	0	0	1.060106463	0.104092049	2.921922346
1435	0.095692313	-2.42096E-15	1.066157589	1.845016134	0.140471954	3.333491062	0.890212295	0	2.361070943	0.497289432	0.184699425	1.017513414	0.627975701	0.017588845	3.165329274	-8.14077E-31	0	0	1.060664124	0.104127277	2.922736616
1436	0.095581071	-2.42096E-15	1.06080118	1.843806001	0.139747716	3.331506961	0.890794479	0	2.362089716	0.497301819	0.184713307	1.017513414	0.628145307	0.017604289	3.165886788	-8.14077E-31	0	0	1.061221324	0.104162464	2.923549795
1437	0.09547016	-2.42096E-15	1.055461542	1.842596546	0.139031117	3.329368052	0.891376269	0	2.363106766	0.49731417	0.184713307	1.017513414	0.628314793	0.017636743	3.166443888	-8.14077E-31	0	0	1.061778062	0.104197609	2.924361884
1438	0.095359577	-2.42096E-15	1.050138721	1.841387795	0.138660252	3.327572717	0.891957643	0	2.364122095	0.497326486	0.184825393	1.017513414	0.62848416	0.017643673	3.167000573	-8.14077E-31	0	0	1.062334338	0.104232712	2.925566833
1439	0.095249323	-2.42096E-15	1.044832762	1.840179733	0.138290397	3.326274244	0.892538615	0	2.365135707	0.497338766	0.184941968	1.017513414	0.628653409	0.017648151	3.167556844	-8.14077E-31	0	0	1.062890154	0.104267773	2.927431583
1440	0.095139394	-2.42096E-15	1.03954371	1.838972348	0.13792155	3.324942361	0.893119199	0	2.366147603	0.497351011	0.184941968	1.017513414	0.628822538	0.017652626	3.1681127	-8.14077E-31	0	0	1.063445509	0.104309513	2.929293583
1441	0.09502979	-2.42096E-15	1.034271608	1.837765856	0.137553708	3.323611009	0.893699368	0	2.367157788	0.497363222	0.184941968	1.017513415	0.62899136	0.017657098	3.168668142	-8.14077E-31	0	0	1.064000404	0.104370158	2.931152839
1442	0.094920508	-2.42096E-15	1.0290165	1.836560156	0.137194757	3.322323668	0.894279093	0	2.368166263	0.497375397	0.185086767	1.017513415	0.629160006	0.017661566	3.169223171	-8.14077E-31	0	0	1.06455484	0.104647572	2.933009352
1443	0.094811547	-2.42096E-15	1.023765017	1.835355161	0.136851288	3.321175197	0.894858406	0	2.369173033	0.497387538	0.185467881	1.017513415	0.629328531	0.017666031	3.169777786	-8.14077E-31	0	0	1.065108816	0.10469315	2.934821507
1444	0.094702906	-2.42096E-15	1.018491191	1.83415085	0.136508731	3.320027122	0.895437328	0	2.370178099	0.497399645	0.185699209	1.017513415	0.629496938	0.017670494	3.170331988	-8.14077E-31	0	0	1.065662333	0.104738708	2.935762729
1445	0.094594583	-2.42096E-15	1.013234566	1.832947217	0.136308603	3.318863886	0.896015866	0	2.371181465	0.497411717	0.185706647	1.017513415	0.629665225	0.017674953	3.170885778	-8.14077E-31	0	0	1.066215392	0.104785313	2.936702936
1446	0.094486577	-2.42096E-15	1.007995187	1.831744258	0.136298124	3.317002703	0.896594026	0	2.372183133	0.497423755	0.185713993	1.017513415	0.629833393	0.017679408	3.171727289	-8.14077E-31	0	0	1.066767992	0.104852894	2.937642129
1447	0.094378885	-2.42096E-15	1.002773095	1.830542028	0.135919861	3.315926514	0.897171797	0	2.373183107	0.497435759	0.18572125	1.017513415	0.630001396	0.017683861	3.173927528	-8.14077E-31	0	0	1.067320135	0.105169221	2.93858031
1448	0.094271506	-2.42096E-15	0.998117771	1.829340478	0.135553149	3.314848761	0.897749187	0	2.374181389	0.497447729	0.185728418	1.017513415	0.630169281	0.017688311	3.176120088	-8.14077E-31	0	0	1.06787182	0.105486344	2.939500421
1449	0.094164439	-2.42096E-15	0.99469019	1.82813975	0.135583298	3.313766998	0.898326205	0	2.375177983	0.497459665	0.185736192	1.017513415	0.630336894	0.017692757	3.17830498	-8.14077E-31	0	0	1.068423047	0.105804264	2.940411915
1450	0.094057682	-2.42096E-15	0.989800763	1.826939751	0.135640307	3.312585794	0.898902859	0	2.376172891	0.497471567	0.185750571	1.017513415	0.630504321	0.0176972	3.178958972	-8.14077E-31	0	0	1.068973819	0.10612298	2.94132243
1451	0.093951234	-2.42096E-15	0.985703372	1.825740424	0.135697081	3.311203949	0.899479142	0	2.377166115	0.497483436	0.185764862	1.017513415	0.63067163	0.01770164	3.179343568	-8.14077E-31	0	0	1.069524133	0.106421327	2.94223197
1452	0.093845092	-2.42096E-15	0.981621261	1.824541895	0.135656025	3.31054693	0.900055048	0	2.37815766	0.497495272	0.185776918	1.017513415	0.6308387	0.017706077	3.179727678	-8.14077E-31	0	0	1.070073992	0.106512349	2.943140533
1453	0.093739256	-2.42096E-15	0.977554429	1.823344499	0.135263664	3.309476709	0.90063053	0	2.379147527	0.497507075	0.185783658	1.017513415	0.631005245	0.017710511	3.1801113	-8.14077E-31	0	0	1.070623395	0.106602899	2.944048123
1454	0.093633723	-2.42096E-15	0.976461165	1.822147803	0.134883333	3.308715702	0.901205614	0	2.38013572	0.497518844	0.185790315	1.017513415	0.631171671	0.017714942	3.180494436	-8.14077E-31	0	0	1.071172343	0.106692979	2.944954739
1455	0.093528493	-2.42096E-15	0.976173424	1.820951786	0.13450725	3.307587511	0.901780323	0	2.381122241	0.497530581	0.185796891	1.017513415	0.63133798	0.017719369	3.180877087	-8.14077E-31	0	0	1.071720836	0.106782589	2.945860382
1456	0.093423563	-2.42096E-15	0.975887509	1.819756447	0.134132276	3.306600115	0.902354658	0	2.382145389	0.497542285	0.185803387	1.017513415	0.631504171	0.017723794	3.181259253	-8.14077E-31	0	0	1.072268875	0.106871732	2.946765055
1457	0.093318933	-2.42096E-15	0.97128197	1.818561794	0.134300591	3.30576362	0.90292862	0	2.38331482	0.497553956	0.185809803	1.017513415	0.631670237	0.017728215	3.181604158	-8.14077E-31	0	0	1.07281646	0.106960408	2.947668757
1458	0.0932146	-2.42096E-15	0.962965624	1.817367831	0.134476836	3.304922122	0.903502206	0	2.384480106	0.497565595	0.185816141	1.017513415	0.631836177	0.017732633	3.181944354	-8.14077E-31	0	0	1.073363591	0.107048617	2.94857149
1459	0.093110564	-2.42096E-15	0.95467475	1.816175061	0.134546141	3.304073159	0.904075344	0	2.385638137	0.497577201	0.185822402	1.017513415	0.63200156	0.017737048	3.18228425	-8.14077E-31	0	0	1.073910269	0.107136362	2.949473255
1460	0.093006822	-2.42096E-15	0.94908662	1.81498335	0.134275046	3.303224421	0.904647968	0	2.386795304	0.497588776	0.185878664	1.017513415	0.63216659	0.01774146	3.182623846	-8.14077E-31	0	0	1.074456495	0.107223644	2.950374053
1461	0.092903373	-2.42096E-15	0.943797217	1.81379238	0.1340045	3.302375908	0.905220176	0	2.387951608	0.497600318	0.185955897	1.017513415	0.632331486	0.017745869	3.182963144	-8.14077E-31	0	0	1.075002268	0.107311627	2.951273885
1462	0.092800216	-2.42096E-15	0.936771414	1.812602383	0.133536499	3.300833365	0.905791998	0	2.388841688	0.497611828	0.185960494	1.017513415	0.632495985	0.017750274	3.183302142	-8.14077E-31	0	0	1.07554759	0.10739936	2.952172752
1463	0.092697349	-2.42096E-15	0.927500482	1.81141356	0.132892714	3.299008358	0.906363443	0	2.389539204	0.497623307	0.185965066	1.017513415	0.63265988	0.017754677	3.183640842	-8.14077E-31	0	0	1.076092461	0.107487772	2.953070655
1464	0.092594772	-2.42096E-15	0.918253471	1.810225511	0.132251446	3.297261475	0.906934468	0	2.390235721	0.497634753	0.185969611	1.017513415	0.632823616	0.017759076	3.183979244	-8.14077E-31	0	0	1.07663688	0.107579723	2.953967595
1465	0.092492482	-2.42096E-15	0.912303161	1.809038194	0.131612693	3.296643399	0.90750507	0	2.39093124	0.497646169	0.185974131	1.017513415	0.632987236	0.017763472	3.184317348	-8.14077E-31	0	0	1.07718085	0.107671236	2.955155644
1466	0.092390478	-2.42096E-15	0.907397314	1.807851578	0.13097645	3.295589915	0.908075281	0	2.391838792	0.497657552	0.185978626	1.017513415	0.633150741	0.017767866	3.184655153	-8.14077E-31	0	0	1.077724369	0.107762314	2.956519618
1467	0.092288759	-2.42096E-15	0.902509469	1.806665651	0.130345778	3.294507378	0.908645115	0	2.392807816	0.497668905	0.185983095	1.017513415	0.63331413	0.017772256	3.184992661	-8.14077E-31	0	0	1.078267439	0.107852957	2.957880805
1468	0.092187324	-2.42096E-15	0.896050255	1.805480753	0.130210218	3.293425178	0.909214574	0	2.393775206	0.497680226	0.186029196	1.017513415	0.633477062	0.017776643	3.185329872	-8.14077E-31	0	0	1.07881006	0.107943167	2.95923921
1469	0.092086171	-2.42096E-15	0.889374841	1.804296954	0.130370676	3.291793272	0.909783656	0	2.394740964	0.497691517	0.186241356	1.017513415	0.633639469	0.017781027	3.185660548	-8.14077E-31	0	0	1.079352232	0.108032946	2.960594838
1470	0.0919853	-2.42096E-15	0.882724554	1.803113912	0.130536766	3.290473481	0.9103523	0	2.395705094	0.497702776	0.18633483	1.017513415	0.633801757	0.017785407	3.1859896	-8.14077E-31	0	0	1.079893956	0.108122294	2.961947697
1471	0.091884707	-2.42096E-15	0.87609958	1.801931604	0.130705423	3.289329285	0.910920522	0	2.396667598	0.497714004	0.18633483	1.017513415	0.63396393	0.017790481	3.18631836	-8.14077E-31	0	0	1.080435232	0.108283468	2.963272547
1472	0.091784394	-2.42096E-15	0.872471666	1.800750278	0.130338013	3.287914168	0.911488354	0	2.397628478	0.497725202	0.18633483	1.017513415	0.63412571	0.017833262	3.186646827	-8.14077E-31	0	0	1.080976061	0.108590117	2.964105648
1473	0.091684358	-2.42096E-15	0.872353363	1.79956977	0.129933235	3.286279319	0.912055797	0	2.398587738	0.49773637	0.18633483	1.017513415	0.634287262	0.017876141	3.187701995	-8.14077E-31	0	0	1.081516443	0.108897552	2.964925549
1474	0.091584598	-2.42096E-15	0.869207163	1.79839058	0.12952972	3.284620285	0.91262281	0	2.399545381	0.497747506	0.18633483	1.017513415	0.634448128	0.017885192	3.192688113	-8.14077E-31	0	0	1.082056379	0.109083264	2.965743733
1475	0.091485113	-2.42096E-15	0.864628361	1.797212402	0.129127463	3.282495599	0.913189409	0	2.400501408	0.497758613	0.18633483	1.017513415	0.634608595	0.017890442	3.197666424	-8.14077E-31	0	0	1.082595868	0.109096133	2.966560202
1476	0.091385902	-2.42096E-15	0.860067089	1.796034941	0.128726461	3.281306012	0.913755612	0	2.401452201	0.497769689	0.18633483	1.017513415	0.634768944	0.017895715	3.201906044	-8.14077E-31	0	0	1.083134912	0.109189106	2.96737496
1477	0.091286963	-2.42096E-15	0.855523358	1.794858319	0.128329	3.28010054	0.914321394	0	2.402398171	0.497780735	0.186379885	1.017513415	0.634929078	0.017900992	3.202166284	-8.14077E-31	0	0	1.083673511	0.109487861	2.96818801
1478	0.091188296	-2.42096E-15	0.850997179	1.793682591	0.127940431	3.27895113	0.914886675	0	2.403342527	0.497791751	0.186484327	1.017513415	0.635089022	0.017906265	3.202386398	-8.14077E-31	0	0	1.084211665	0.109610144	2.968999356
1479	0.091089899	-2.42096E-15	0.846488563	1.792507613	0.127623554	3.277777158	0.915451522	0	2.404285271	0.497802737	0.186484327	1.017513415	0.635248854	0.017911536	3.202606265	-8.14077E-31	0	0	1.084749374	0.109647256	2.969809002
1480	0.090991773	-2.42096E-15	0.841996211	1.791333348	0.127774838	3.276603606	0.916015973	0	2.405226405	0.497813693	0.186484327	1.017513415	0.635408574	0.017916804	3.202825884	-8.14077E-31	0	0	1.08528664	0.109684329	2.970616951
1481	0.090893914	-2.42096E-15	0.837430741	1.790159837	0.12792634	3.275430474	0.916580017	0	2.406165933	0.497824619	0.186484327	1.017513415	0.63556815	0.017922069	3.206109715	-8.14077E-31	0	0	1.085823462	0.109721361	2.971423207
1482	0.090796323	-2.42096E-15	0.832883234	1.788987305	0.128078059	3.274257762	0.917143501	0	2.407103857	0.497835516	0.186484327	1.017513415	0.635727514	0.017927331	3.206790469	-8.14077E-31	0	0	1.086359841	0.109758354	2.972227773
1483	0.090698998	-2.42096E-15	0.828353697	1.787815644	0.128229996	3.27308547	0.917706493	0	2.408066972	0.497846383	0.186484327	1.017513415	0.635886703	0.017932591	3.207017159	-8.14077E-31	0	0	1.086895778	0.109798748	2.973030653
1484	0.090601939	-2.42096E-15	0.823842136	1.786644743	0.127978694	3.271913598	0.918269064	0	2.409217335	0.497857221	0.186484327	1.017513415	0.63604576	0.017937847	3.207237655	-8.14077E-31	0	0	1.087431272	0.109841093	2.973831851
1485	0.090505145	-2.42096E-15	0.819348555	1.785474551	0.127724207	3.271477312	0.918831245	0	2.410365552	0.49786803	0.186484327	1.017513415	0.636204705	0.017943101	3.207454867	-8.14077E-31	0	0	1.087966325	0.109883394	2.974631369
1486	0.090408614	-2.42096E-15	0.814836927	1.784305058	0.127470225	3.269986565	0.919393046	0	2.411511626	0.497878809	0.186484327	1.017513415	0.636363538	0.017948352	3.208473146	-8.14077E-31	0	0	1.088500935	0.109937081	2.975429212
1487	0.090312345	-2.42096E-15	0.810306816	1.783136261	0.127126708	3.268400498	0.919954471	0	2.41265556	0.497889559	0.186484327	1.017513415	0.636522259	0.017953601	3.208645043	-8.14077E-31	0	0	1.089035105	0.109962073	2.976404385
1488	0.090216338	-2.42096E-15	0.805795007	1.781968162	0.126755123	3.267230303	0.92051552	0	2.413797359	0.49790028	0.186484327	1.017513415	0.636680866	0.01795842	3.208816707	-8.14077E-31	0	0	1.089568834	0.109998712	2.977386404
1489	0.090120592	-2.42096E-15	0.801301506	1.780800846	0.126384627	3.266060527	0.921076195	0	2.414937028	0.497910972	0.186484327	1.017513415	0.636839273	0.017962652	3.20898814	-8.14077E-31	0	0	1.090102123	0.110035312	2.978195227
1490	0.090025106	-2.42096E-15	0.796826319	1.779634227	0.126015649	3.264891171	0.921636494	0	2.416074569	0.497921635	0.186484327	1.017513415	0.636997567	0.017966881	3.209159342	-8.14077E-31	0	0	1.090634971	0.11007394	2.979016842
1491	0.089929879	-2.42096E-15	0.792369451	1.778468303	0.125656966	3.263722232	0.922196421	0	2.417209987	0.497932269	0.186484327	1.017513415	0.63715575	0.017971106	3.209330312	-8.14077E-31	0	0	1.09116738	0.110241775	2.979839452
1492	0.089834909	-2.42096E-15	0.787930904	1.777303356	0.125299357	3.262553712	0.922755989	0	2.418343286	0.497942874	0.186484327	1.017513415	0.637313522	0.017975327	3.209501052	-8.14077E-31	0	0	1.091699349	0.110465318	2.980660662
1493	0.089740197	-2.42096E-15	0.78351068	1.776139107	0.12494282	3.262569013	0.923315205	0	2.419474469	0.497953451	0.186484327	1.017513415	0.637471161	0.017979543	3.209671561	-8.14077E-31	0	0	1.092230879	0.110688923	2.981480474
1494	0.089645741	-2.42096E-15	0.779108783	1.774975547	0.124861628	3.261101777	0.923874054	0	2.420603541	0.497964	0.186484327	1.017513415	0.637628687	0.017983756	3.20984184	-8.14077E-31	0	0	1.092761971	0.11091259	2.98229889
1495	0.089551541	-2.42096E-15	0.774725213	1.773812738	0.124484364	3.259629962	0.924432529	0	2.421730505	0.497974519	0.186484327	1.017513415	0.637786048	0.017987965	3.210011889	-8.14077E-31	0	0	1.093292625	0.111136317	2.983115913
1496	0.089457595	-2.42096E-15	0.770359969	1.772650797	0.123833612	3.258158682	0.924990629	0	2.422633546	0.497985011	0.186487939	1.017513415	0.637943128	0.017992169	3.210523505	-8.14077E-31	0	0	1.093822841	0.111360104	2.983926863
1497	0.089363903	-2.42096E-15	0.766013052	1.771489862	0.123461975	3.256783524	0.925548247	0	2.423498425	0.497995474	0.186767023	1.017513415	0.638099895	0.01799637	3.213609287	-8.14077E-31	0	0	1.094352619	0.111583948	2.984725989
1498	0.089270463	-2.42096E-15	0.761684459	1.77032974	0.12310718	3.256784151	0.926105378	0	2.424362139	0.498005909	0.186767023	1.017513415	0.63825655	0.018000567	3.215506685	-8.14077E-31	0	0	1.09488196	0.111804336	2.985523753
1499	0.089177276	-2.42096E-15	0.757374188	1.769170352	0.122767993	3.25657512	0.926662098	0	2.425224689	0.498016316	0.186767023	1.017513415	0.638413093	0.018004759	3.21607811	-8.14077E-31	0	0	1.095410865	0.11202317	2.986320158
1500	0.08908434	-2.42096E-15	0.753082236	1.768011671	0.12277519	3.255504505	0.927218436	0	2.426076699	0.498026695	0.186767023	1.017513415	0.638569525	0.018008948	3.216628932	-8.14077E-31	0	0	1.095939333	0.112242046	2.987115206
1501	0.088991654	-2.42096E-15	0.748808599	1.766853685	0.122782082	3.254434243	0.927774404	0	2.426922882	0.498037046	0.186767023	1.017876097	0.638725845	0.018013132	3.217130324	-8.14077E-31	0	0	1.096467365	0.112460965	2.988006218
1502	0.088899218	-2.42096E-15	0.744553272	1.765696429	0.122797883	3.253326531	0.928330004	0	2.427767949	0.498047369	0.186768289	1.017876097	0.638882017	0.018017313	3.217631279	-8.14077E-31	0	0	1.096994962	0.112650075	2.98915313
1503	0.088807031	-2.42096E-15	0.74249458	1.764540108	0.122816702	3.251961794	0.928885219	0	2.428611901	0.498057664	0.18677116	1.017876097	0.639037853	0.01802149	3.218131797	-8.14077E-31	0	0	1.097522124	0.112705287	2.990655021
1504	0.088715092	-2.42096E-15	0.741700915	1.763384692	0.122835191	3.250597631	0.929440057	0	2.429232542	0.498067932	0.186774022	1.018658031	0.639193377	0.018025662	3.218631879	-8.14077E-31	0	0	1.098048851	0.112760449	2.991990513
1505	0.0886234	-2.42096E-15	0.741685331	1.762230086	0.122779698	3.24923404	0.929994517	0	2.429797608	0.498078172	0.186824416	1.018844654	0.639348682	0.018029831	3.219131526	-8.14077E-31	0	0	1.098575143	0.112815561	2.993324153
1506	0.088531955	-2.42096E-15	0.741669892	1.761076306	0.122607334	3.248241747	0.930548602	5.69831E-28	2.43036226	0.498088384	0.186824416	1.018844654	0.639503751	0.018033996	3.219630738	-8.14077E-31	0	0	1.099101002	0.112870622	2.994638437
1507	0.088440756	-2.42096E-15	0.741654599	1.759923298	0.122740639	3.247880972	0.931102312	9.99629E-28	2.430926498	0.498098569	0.18687454	1.018844654	0.639658638	0.018038157	3.220129515	-8.14077E-31	0	0	1.099626427	0.112925634	2.995832766
1508	0.088349802	-2.42096E-15	0.739151279	1.75877098	0.122860906	3.247018293	0.931655658	1.62083E-27	2.431490323	0.498108726	0.18687454	1.018844654	0.639813415	0.018042313	3.22062786	-8.14077E-31	0	0	1.100151419	0.112980596	2.99654669
1509	0.088259092	-2.42096E-15	0.732749253	1.757619349	0.122547142	3.24595716	0.932208643	1.86064E-27	2.432053734	0.498118856	0.18687454	1.018844654	0.639968081	0.018046476	3.221125771	-8.16773E-31	0	0	1.100675979	0.113038004	2.997259566
1510	0.088168625	-2.42096E-15	0.726378269	1.756468428	0.12223418	3.2450886	0.932761267	2.17112E-27	2.432725615	0.498128959	0.18687454	1.018844654	0.640122615	0.018051701	3.221623251	-8.26885E-31	0	0	1.101200106	0.113097956	2.99796242
1511	0.088078402	-2.42096E-15	0.72003852	1.755318317	0.121922019	3.244295463	0.933313545	2.20792E-27	2.433618204	0.498139035	0.18687454	1.018844654	0.6402769	0.018068128	3.222120298	-8.26978E-31	0	0	1.1017238	0.113157871	2.998660761
1512	0.087988421	-2.42096E-15	0.71367275	1.754168883	0.121610655	3.24328176	0.933865473	2.19701E-27	2.43450927	0.498149083	0.186891746	1.018871086	0.640431075	0.018072537	3.222616915	-8.26937E-31	0	0	1.102247064	0.113217748	2.999358077
1513	0.087898681	-2.42096E-15	0.707258628	1.753020134	0.121300088	3.242175003	0.934417044	1.00676E-15	2.435484494	0.498159105	0.187119664	1.018881476	0.64058514	0.018074969	3.223113102	-8.26774E-31	0	0	1.102769896	0.113277588	3.00005437
1514	0.087809182	-2.42096E-15	0.700876949	1.751872104	0.120990315	3.241064002	0.934968245	1.00676E-15	2.436508103	0.4981691	0.187119664	1.018881476	0.640739072	0.018077325	3.223608859	-8.27679E-31	0	0	1.103292297	0.113417392	3.000749642
1515	0.087719924	-2.42096E-15	0.694527895	1.750724929	0.120681334	3.239935725	0.935519057	8.03995E-09	2.437530712	0.498179067	0.187119664	1.018881476	0.640892755	0.018079678	3.224104188	-8.29682E-31	0	0	1.103814267	0.113656734	3.001443894
1516	0.087630904	-2.42096E-15	0.688211641	1.749578596	0.120373143	3.238538937	0.936069486	8.80687E-07	2.43855232	0.498189008	0.187119664	1.018881476	0.641046197	0.018082028	3.224599087	-8.29446E-31	0	0	1.104335808	0.113901777	3.002137128
1517	0.087542123	-2.42096E-15	0.684184249	1.748432955	0.12006574	3.237480576	0.936619551	8.80687E-07	2.439572929	0.498198922	0.187125552	1.018881476	0.64119953	0.018084374	3.22509356	-8.2948E-31	0	0	1.104856919	0.113979462	3.002829345
1518	0.087453581	-2.42096E-15	0.680225518	1.747288018	0.119759124	3.23642256	0.937169256	8.92689E-07	2.440592541	0.49820881	0.187245973	1.018881476	0.641352735	0.018086717	3.225587605	-8.29699E-31	0	0	1.1053776	0.11424559	3.003520546
1519	0.087365275	-2.42096E-15	0.676284778	1.746143895	0.119453291	3.235364891	0.937718592	4.75767E-06	2.441611155	0.498218671	0.187245973	1.018881476	0.641505714	0.018089056	3.226081223	-8.29699E-31	0	0	1.105897853	0.114472185	3.004210733
1520	0.087277206	-2.42096E-15	0.672339196	1.745000608	0.119167998	3.234307567	0.938267563	7.80492E-06	2.442628773	0.498228505	0.187245973	1.018881476	0.641658441	0.018092762	3.226574416	-8.29578E-31	0	0	1.106417676	0.114564026	3.004899908
1521	0.087189373	-2.42096E-15	0.668380811	1.743858212	0.118928832	3.233250589	0.93881617	8.4195E-06	2.443645396	0.498238313	0.187281117	1.018881476	0.64181086	0.018096788	3.227067184	-8.29326E-31	0	0	1.106937072	0.114666228	3.005588072
1522	0.087101775	-2.42096E-15	0.664440638	1.742716634	0.118690147	3.232144286	0.939364368	8.4195E-06	2.444573486	0.498248095	0.187493468	1.018881476	0.641963088	0.01810081	3.227559527	-8.29326E-31	0	0	1.10745604	0.114900346	3.006275226
1523	0.087014411	-2.42096E-15	0.660518665	1.741575836	0.118452183	3.231034501	0.93991218	8.4195E-06	2.44540716	0.49825785	0.187629683	1.018881476	0.642115141	0.018104827	3.228051446	-8.29226E-31	0	0	1.107974581	0.115134905	3.006961373
1524	0.086927282	-2.42096E-15	0.656604737	1.740435789	0.118377089	3.229925097	0.940459613	8.4195E-06	2.446239735	0.498267579	0.187629711	1.018881476	0.642267043	0.01810811	3.228542942	-8.29041E-31	0	0	1.108492695	0.115369905	3.007646513
1525	0.086840385	-2.42096E-15	0.652681845	1.739296432	0.118507153	3.228816073	0.941006682	8.4195E-06	2.447071212	0.498277281	0.187629738	1.018881476	0.642418837	0.018110725	3.229034014	-8.28687E-31	0	0	1.109010383	0.115542432	3.008330648
1526	0.086753721	-2.42096E-15	0.64753143	1.738157886	0.118639632	3.227923977	0.941553339	8.4195E-06	2.447901592	0.498286958	0.187629765	1.018881476	0.642570452	0.018113336	3.229524665	-8.28373E-31	0	0	1.109527644	0.115599466	3.009187329
1527	0.086667289	-2.42096E-15	0.638925992	1.737020151	0.118776465	3.226825186	0.942099545	8.4195E-06	2.448730877	0.498296609	0.187629792	1.018881476	0.642721927	0.018115943	3.230014894	-8.28108E-31	0	0	1.110044479	0.115656472	3.010520422
1528	0.086581089	-2.42096E-15	0.630353554	1.735883134	0.118913423	3.225871148	0.942645361	1.44439E-05	2.449559068	0.498306233	0.187629818	1.018881476	0.642873295	0.018118547	3.231292558	-8.27805E-31	0	0	1.110560889	0.115715003	3.011850843
1529	0.086495118	-2.42096E-15	0.628467601	1.73474692	0.118563454	3.224820881	0.943190805	1.44439E-05	2.450386167	0.498315832	0.187632037	1.018881476	0.643024451	0.018121147	3.231880939	-8.29913E-31	0	0	1.111076874	0.115777904	3.013179435
1530	0.086409378	-2.42096E-15	0.62240253	1.733611624	0.118093905	3.223770957	0.943735835	1.44439E-05	2.451212176	0.498325405	0.187700632	1.018881476	0.643175323	0.018123744	3.232236844	-8.37654E-31	0	0	1.111592434	0.115901381	3.014506198
1531	0.086323867	-2.42096E-15	0.615489737	1.73247729	0.117953301	3.222721374	0.94428048	1.44861E-05	2.452037095	0.498334952	0.187700632	1.018881476	0.64332584	0.018126341	3.232590667	-8.37354E-31	0	0	1.11210757	0.115925023	3.015831136
1532	0.086238585	-2.42096E-15	0.608621657	1.731343714	0.117963902	3.221672134	0.944824768	2.25731E-05	2.452860926	0.498344474	0.187700633	1.018881476	0.643476177	0.018129011	3.235025102	-8.37149E-31	0	0	1.112622283	0.115949217	3.016666162
1533	0.086153531	-2.42096E-15	0.608578086	1.730210819	0.117974249	3.220498926	0.945368702	3.2588E-05	2.45368367	0.498353969	0.187700633	1.018881476	0.643626407	0.018131677	3.238260519	-8.3704E-31	0	0	1.113136572	0.116004425	3.017357938
1534	0.086068704	-2.42096E-15	0.608519112	1.72907861	0.117984341	3.218851985	0.945912281	3.29514E-05	2.45450533	0.498363439	0.187700634	1.018953738	0.643776528	0.01813434	3.241463139	-8.38583E-31	0	0	1.113650437	0.116059604	3.018046396
1535	0.085984104	-2.42096E-15	0.60842787	1.72794724	0.11799418	3.217746764	0.946455388	3.32307E-05	2.455325905	0.498372884	0.187723191	1.019772625	0.643926503	0.018138258	3.241844747	-8.42294E-31	0	0	1.114163881	0.116114754	3.018733725
1536	0.08589973	-2.42096E-15	0.60833707	1.726816829	0.11800863	3.216641923	0.946998016	3.32307E-05	2.456145399	0.498382303	0.187986945	1.019772625	0.64407622	0.018143631	3.242225728	-8.41938E-31	0	0	1.114676902	0.116169875	3.019419929
1537	0.085815582	-2.42096E-15	0.606094457	1.725687345	0.118024045	3.215537461	0.947540186	3.32307E-05	2.456963812	0.498391697	0.187986945	1.019772625	0.644225689	0.018149	3.242606082	-8.41485E-31	0	0	1.115189501	0.116224968	3.020105007
1538	0.085731659	-2.42096E-15	0.59877416	1.724558586	0.11784389	3.214433378	0.94808196	3.32307E-05	2.458304906	0.498401066	0.188110053	1.019772625	0.644375052	0.018154368	3.242930943	-8.41435E-31	0	0	1.115701678	0.116281635	3.020788963
1539	0.08564796	-2.42096E-15	0.593807241	1.723430515	0.117540575	3.213329674	0.948623373	3.926E-05	2.459783109	0.498410409	0.188237073	1.019772625	0.644524308	0.018159732	3.243239207	-8.41002E-31	0	0	1.116213435	0.116340838	3.021471797
1540	0.085564485	-2.42096E-15	0.59276155	1.722303128	0.117237433	3.212226349	0.949164431	3.926E-05	2.461259676	0.498419727	0.188269897	1.019772625	0.644673459	0.018165095	3.243543929	-8.40655E-31	0	0	1.11672477	0.11666234	3.02242148
1541	0.085481233	-2.42096E-15	0.590273013	1.721176426	0.116773227	3.211123403	0.949705133	3.926E-05	2.462727356	0.49842902	0.188269897	1.019772625	0.644822503	0.018170454	3.243844215	-8.40451E-31	0	0	1.117235686	0.11675673	3.023619445
1542	0.085398203	-2.42096E-15	0.585632215	1.720050436	0.116063143	3.210020836	0.950245478	3.926E-05	2.464038724	0.498438287	0.188269897	1.019772625	0.644971414	0.018175811	3.24414414	-8.40282E-31	0	0	1.117746181	0.116783715	3.024815697
1543	0.085315396	-2.42096E-15	0.580957536	1.718925204	0.115357399	3.209059886	0.950785456	3.94027E-05	2.464515406	0.49844753	0.188269897	1.019772625	0.645120158	0.018181166	3.244443704	-8.40415E-31	0	0	1.118256256	0.116811217	3.025923577
1544	0.08523281	-2.42096E-15	0.576309797	1.717800665	0.11465597	3.208263139	0.95132507	4.49353E-05	2.464979487	0.498456748	0.188269897	1.019772625	0.645268795	0.018186518	3.244742907	-8.39863E-31	0	0	1.118765912	0.116838921	3.026715816
1545	0.085150445	-2.42096E-15	0.571688993	1.716676815	0.11395883	3.207413092	0.951864325	4.49353E-05	2.465442803	0.498465941	0.188273835	1.019772625	0.645417326	0.018190606	3.245041749	-8.39229E-31	0	0	1.119275149	0.116866589	3.027721872
1546	0.0850683	-2.42096E-15	0.571450896	1.715553653	0.113265952	3.205823785	0.952403222	4.49353E-05	2.465905355	0.498475109	0.18830704	1.019772625	0.64556575	0.018193595	3.245340231	-8.38991E-31	0	0	1.119783967	0.116894221	3.028954511
1547	0.084986374	-2.42096E-15	0.57135515	1.714431178	0.112911832	3.204488311	0.952941761	4.49353E-05	2.466367145	0.498484252	0.188307287	1.019772625	0.645714068	0.01819658	3.245638354	-8.38642E-31	0	0	1.120292367	0.116935357	3.030185676
1548	0.084904668	-2.42096E-15	0.570061573	1.713309393	0.112381215	3.203376236	0.953479941	4.49353E-05	2.466986079	0.49849337	0.188307531	1.019772625	0.645862279	0.018199561	3.245936118	-8.38097E-31	0	0	1.120800349	0.117021131	3.03141537
1549	0.084823181	-2.42096E-15	0.566761898	1.712188296	0.111761793	3.201282675	0.954017763	4.49353E-05	2.467904598	0.498502464	0.188578052	1.019772625	0.646010384	0.018202539	3.246233523	-8.38303E-31	0	0	1.121307913	0.117058929	3.032641925
1550	0.084741911	-2.42096E-15	0.56347864	1.711067971	0.111304244	3.199425194	0.954555186	4.49353E-05	2.4688223	0.498511533	0.188679313	1.019772625	0.646158339	0.018205513	3.24653057	-8.38366E-31	0	0	1.12181506	0.117060227	3.033726557
1551	0.084660859	-2.42096E-15	0.560211761	1.709948512	0.111090473	3.198860101	0.955092104	4.49353E-05	2.469739184	0.498520578	0.188748008	1.019772625	0.646306158	0.018208483	3.246827259	-8.38307E-31	0	0	1.122321789	0.117061517	3.034324688
1552	0.084580023	-2.42096E-15	0.556961224	1.708829835	0.11087714	3.197342475	0.955628597	4.49353E-05	2.470655253	0.498529598	0.188748008	1.019772625	0.646453845	0.01821145	3.247123591	-8.37863E-31	0	0	1.122828103	0.117191705	3.034908997
1553	0.084499404	-2.42096E-15	0.553726989	1.70771209	0.110668247	3.195818761	0.9561647	4.66201E-05	2.471570506	0.498538593	0.188748008	1.019772625	0.646601213	0.018214412	3.247419566	-8.37227E-31	0	0	1.123334	0.117422706	3.035483138
1554	0.084419	-2.42096E-15	0.550509018	1.706595182	0.110464033	3.194288335	0.956700402	6.64271E-05	2.472229914	0.498547565	0.188748008	1.019772625	0.646748371	0.018217372	3.247715184	-8.36851E-31	0	0	1.123839481	0.117536979	3.036056295
1555	0.084338812	-2.42096E-15	0.54730727	1.705479074	0.110261028	3.192885814	0.957235731	6.64271E-05	2.472861823	0.498556512	0.188748008	1.020001798	0.646895325	0.018220327	3.248010446	-8.36756E-31	0	0	1.124344547	0.117623291	3.036628472
1556	0.084258838	-2.42096E-15	0.544121707	1.704363734	0.110067378	3.192024357	0.957770728	6.64271E-05	2.473638728	0.498565434	0.188748008	1.020010375	0.647042068	0.018223279	3.248305353	-8.36877E-31	0	0	1.124849198	0.117709573	3.037167067
1557	0.084179077	-2.42096E-15	0.542165099	1.703249198	0.109874089	3.190676734	0.958305277	6.64271E-05	2.474921937	0.498574333	0.188748008	1.020016985	0.647188681	0.018226227	3.248599904	-8.37027E-31	0	0	1.125353434	0.117795827	3.037513976
1558	0.084099531	-2.42096E-15	0.541495516	1.702135436	0.10968116	3.189234978	0.958839382	6.64271E-05	2.475672325	0.498583207	0.188748008	1.020016985	0.647335188	0.018229171	3.248894101	-8.37109E-31	0	0	1.125857256	0.117886159	3.037860167
1559	0.084020196	-2.42096E-15	0.540830167	1.701022401	0.10948859	3.18779335	0.9593731	6.64271E-05	2.47630719	0.498592057	0.188748008	1.020016985	0.647481582	0.018232128	3.249187943	-8.36972E-31	0	0	1.126360664	0.117977246	3.038321681
1560	0.083941075	-2.42096E-15	0.540169028	1.699910063	0.109485337	3.186352078	0.959906451	7.02675E-05	2.476941141	0.498600884	0.188748008	1.020016985	0.64762787	0.018235137	3.249481432	-8.36878E-31	0	0	1.126863658	0.118068315	3.039082329
1561	0.083862164	-2.42096E-15	0.539512076	1.698798409	0.109590583	3.18491125	0.960439449	7.02675E-05	2.477574178	0.498609686	0.188957038	1.020016985	0.647774052	0.018238141	3.249774567	-8.3681E-31	0	0	1.127366239	0.118311418	3.039841974
1562	0.083783465	-2.42096E-15	0.538859287	1.697687428	0.109574756	3.183470904	0.960972107	7.65938E-05	2.478206304	0.498618464	0.189309572	1.020016985	0.647920128	0.018241142	3.250128544	-8.36642E-31	0	0	1.127868408	0.118559565	3.040600618
1563	0.083704977	-2.42096E-15	0.53821064	1.696577116	0.109359999	3.184773221	0.961504428	8.16136E-05	2.478837519	0.498627218	0.189309572	1.020016985	0.648066097	0.01824414	3.251362258	-8.44474E-31	0	0	1.128370163	0.11878053	3.04121636
1564	0.083626698	-2.42096E-15	0.537566112	1.695467475	0.109150524	3.183701378	0.96203641	8.16136E-05	2.479467825	0.498635949	0.189309572	1.020016985	0.64821196	0.018247134	3.252591128	-8.53016E-31	0	0	1.128871507	0.118841414	3.041790418
1565	0.08354863	-2.42096E-15	0.535140775	1.694358505	0.109056751	3.182313398	0.962568054	8.16136E-05	2.480097223	0.498644656	0.189315953	1.020016985	0.648357717	0.018250124	3.253815167	-8.52554E-31	0	0	1.129372439	0.118902245	3.042363505
1566	0.08347077	-2.42096E-15	0.535124662	1.693250204	0.109169046	3.180751382	0.963099361	8.16136E-05	2.480933279	0.498653339	0.189358518	1.020016985	0.648503368	0.01825311	3.255034391	-8.52133E-31	0	0	1.129872959	0.118963023	3.042935621
1567	0.083393118	-2.42096E-15	0.535108657	1.692142576	0.109131825	3.179189993	0.963630329	8.16136E-05	2.481925032	0.498661998	0.189559912	1.020016985	0.648648911	0.018256093	3.256248814	-8.51804E-31	0	0	1.130373067	0.119023748	3.043506769
1568	0.083315675	-2.42096E-15	0.53509276	1.691035618	0.108835061	3.177865632	0.964160959	8.16136E-05	2.482923994	0.498670634	0.189559912	1.020016985	0.648794349	0.018259072	3.256438888	-8.51396E-31	0	0	1.130872765	0.119084421	3.044072594
1569	0.083238439	-2.42096E-15	0.534836407	1.689929332	0.108538577	3.176651243	0.96469125	8.16136E-05	2.483930615	0.498679247	0.189559912	1.020016985	0.64893968	0.018262047	3.25850709	-8.51175E-31	0	0	1.131372053	0.11914504	3.044636761
1570	0.083161409	-2.42096E-15	0.533269708	1.688823718	0.108242377	3.174535589	0.965221203	8.16136E-05	2.484922475	0.498687835	0.189562177	1.020016985	0.649084905	0.018265019	3.259986451	-8.50758E-31	0	0	1.13187093	0.119205606	3.045199968
1571	0.083084586	-2.42096E-15	0.528448861	1.687718778	0.107833444	3.17323535	0.965750816	8.16136E-05	2.485701182	0.498696401	0.189632465	1.020016985	0.649230023	0.018267987	3.261255249	-8.50349E-31	0	0	1.132369397	0.11926612	3.045762214
1572	0.083007969	-2.42096E-15	0.523529134	1.686614657	0.107427606	3.172206531	0.96628009	8.16136E-05	2.486304078	0.498704943	0.189632465	1.020016985	0.649374888	0.018270952	3.262482122	-8.49955E-31	0	0	1.132867454	0.11932658	3.046323504
1573	0.082931556	-2.42096E-15	0.518635093	1.685511408	0.107335799	3.171869181	0.966809011	8.16136E-05	2.48690588	0.498713462	0.189632465	1.020016985	0.649519461	0.018273913	3.263675151	-8.49645E-31	0	0	1.133365103	0.119386988	3.046883837
1574	0.082855349	-2.42096E-15	0.513773305	1.684408917	0.107060483	3.170441008	0.967337531	8.16136E-05	2.487505554	0.498721957	0.189632465	1.020016985	0.649663903	0.018278717	3.264863478	-8.49148E-31	0	0	1.133862342	0.119447342	3.047443215
1575	0.082779345	-2.42096E-15	0.508943789	1.683307132	0.106786567	3.169186622	0.96786568	8.16136E-05	2.488092524	0.498730429	0.189769903	1.020016985	0.64980824	0.018283964	3.266047118	-8.48736E-31	0	0	1.134359173	0.11956851	3.048001641
1576	0.082703545	-2.42096E-15	0.504146559	1.682206031	0.106571691	3.168163039	0.968393479	8.16136E-05	2.488678413	0.498738878	0.190167637	1.020016985	0.649952471	0.018289208	3.267226087	-8.48553E-31	0	0	1.134855596	0.11986278	3.048704153
1577	0.082627947	-2.42096E-15	0.498711337	1.681105609	0.106357236	3.168282201	0.968920933	8.16136E-05	2.489325739	0.498747304	0.190238091	1.020016985	0.650096595	0.018294449	3.268176741	-8.48425E-31	0	0	1.135351611	0.120157721	3.049494823
1578	0.082552553	-2.42096E-15	0.492992142	1.680005863	0.106143202	3.166314395	0.969448046	8.16136E-05	2.490114651	0.498755707	0.190238091	1.020016985	0.650240613	0.018299686	3.268593331	-8.48247E-31	0	0	1.135847219	0.120350916	3.050284649
1579	0.082477359	-2.42096E-15	0.48731443	1.678906793	0.105930376	3.166102411	0.969974816	8.16136E-05	2.490902213	0.498764087	0.190238091	1.020016985	0.650384525	0.01830492	3.269009416	-8.47739E-31	0	0	1.136342419	0.120427485	3.051036674
1580	0.082402368	-2.42096E-15	0.481678329	1.6778084	0.105725218	3.164938978	0.970501246	8.16136E-05	2.491688428	0.498772444	0.190238091	1.020016985	0.65052833	0.01831015	3.269424997	-8.47353E-31	0	0	1.136837212	0.120504022	3.051587661
1581	0.082327576	-2.42096E-15	0.476083963	1.676710683	0.105661043	3.163051632	0.971027333	8.16136E-05	2.492253052	0.498780779	0.190238091	1.020016985	0.650672029	0.018315377	3.269840075	-8.47251E-31	0	0	1.137331599	0.12058103	3.052137768
1582	0.082252986	-2.42096E-15	0.470531446	1.675613642	0.105680917	3.162026837	0.971553081	8.16136E-05	2.492742492	0.49878909	0.190238091	1.020016985	0.650815621	0.0183206	3.270254649	-8.47115E-31	0	0	1.13782558	0.12065818	3.052686998
1583	0.082178594	-2.42096E-15	0.46502089	1.674517277	0.105700576	3.161002375	0.972078488	8.71655E-05	2.493231236	0.498797378	0.190242737	1.020016985	0.650959108	0.01832582	3.270668669	-8.46221E-31	0	0	1.138319155	0.120739712	3.053235352
1584	0.082104402	-2.42096E-15	0.459552395	1.673421588	0.10572002	3.159675215	0.972603554	8.71655E-05	2.493956514	0.498805644	0.190252807	1.020016985	0.651102487	0.018331037	3.271059591	-8.45499E-31	0	0	1.138812324	0.120822314	3.053782831
1585	0.082030408	-2.42096E-15	0.455878576	1.672326576	0.10556394	3.158277665	0.973128279	8.71655E-05	2.494755328	0.498813888	0.190277525	1.020016985	0.651245761	0.01833625	3.271450122	-8.45887E-31	0	0	1.139305088	0.12090126	3.054329437
1586	0.081956613	-2.42096E-15	0.453046997	1.671232242	0.105289955	3.157297047	0.973652662	8.71655E-05	2.496045379	0.498822108	0.190277525	1.020016985	0.651388928	0.01834146	3.271840262	-8.46298E-31	0	0	1.139797447	0.120982517	3.054875171
1587	0.081883014	-2.42096E-15	0.450230982	1.670138588	0.105016683	3.156963595	0.974176701	9.14919E-05	2.497209645	0.498830306	0.190277525	1.020016985	0.651531988	0.018346684	3.272230012	-8.46733E-31	0	0	1.140289402	0.121058823	3.055420035
1588	0.081809613	-2.42096E-15	0.449299394	1.66904585	0.10474412	3.155933942	0.974700398	9.14919E-05	2.498005743	0.498838482	0.190277525	1.020016985	0.651674705	0.018351935	3.272619371	-8.47398E-31	0	0	1.140780953	0.121285823	3.055964029
1589	0.081736407	-2.42096E-15	0.445140606	1.667953941	0.104472266	3.154097405	0.975223689	9.14919E-05	2.498800505	0.498846635	0.190277525	1.020016985	0.651817228	0.018357864	3.275102989	-8.47701E-31	0	0	1.141272099	0.121400379	3.056507156
1590	0.081663398	-2.42096E-15	0.442090405	1.6668628	0.104201119	3.152200768	0.97574655	9.14919E-05	2.499593934	0.498854766	0.190277525	1.020016985	0.651959643	0.018368255	3.277259979	-8.48137E-31	0	0	1.141762843	0.121461656	3.057091355
1591	0.081590583	-2.42096E-15	0.439443381	1.665772367	0.103856174	3.150991996	0.97626904	0.000103487	2.500386032	0.498862874	0.190277525	1.020016985	0.652101953	0.018372094	3.277570022	-8.48461E-31	0	0	1.142253183	0.121523762	3.057995196
1592	0.081517963	-2.42096E-15	0.43681087	1.664682646	0.103382734	3.150214372	0.976791181	0.000107223	2.501176802	0.498870961	0.190277525	1.020016985	0.652244128	0.018375929	3.277879494	-8.48938E-31	0	0	1.142743121	0.12168417	3.058897892
1593	0.081445536	-2.42096E-15	0.436036666	1.6635938	0.103018407	3.149449179	0.977312969	0.000116377	2.501966244	0.498879025	0.190277525	1.020016985	0.652386014	0.018379761	3.278188397	-8.49988E-31	0	0	1.143232656	0.121964739	3.059799444
1594	0.081373304	-2.42096E-15	0.436012186	1.662505634	0.102701195	3.149188606	0.977834411	0.00011693	2.502754363	0.498887067	0.190277525	1.020016985	0.652527794	0.018384254	3.27844818	-8.50102E-31	0	0	1.14372179	0.12224592	3.060699855
1595	0.081301263	-2.42096E-15	0.435987893	1.661418143	0.102502983	3.147920739	0.978355516	0.00016596	2.503534056	0.498895086	0.190277525	1.020016985	0.65266947	0.018389457	3.278699821	-8.49891E-31	0	0	1.144210522	0.12252935	3.061599125
1596	0.081229416	-2.42096E-15	0.435963784	1.660331452	0.102307243	3.146893836	0.978876285	0.000195138	2.504304875	0.498903084	0.190277525	1.020016985	0.65281091	0.018394657	3.278951177	-8.49762E-31	0	0	1.144698853	0.122812979	3.062497256
1597	0.081157759	-2.42096E-15	0.435939859	1.659245601	0.102113226	3.14569322	0.979396713	0.000195138	2.505074379	0.49891106	0.190277525	1.020016985	0.652952084	0.018399854	3.279202247	-8.49891E-31	0	0	1.145186782	0.123096806	3.063394249
1598	0.081086294	-2.42096E-15	0.435916116	1.658160461	0.101919596	3.144817231	0.979916784	0.000195138	2.505842572	0.498919014	0.190277525	1.020016985	0.653093135	0.018405047	3.279453032	-8.50273E-31	0	0	1.145674312	0.123380828	3.064290106
1599	0.08101502	-2.42096E-15	0.435892554	1.657076003	0.101726352	3.143834311	0.980436509	0.000195138	2.506609455	0.498926946	0.190277525	1.020016985	0.653234081	0.018410236	3.279703531	-8.50504E-31	0	0	1.146161441	0.123665041	3.065184827
1600	0.080943935	-2.42096E-15	0.435836134	1.655992222	0.101478851	3.143062894	0.980955894	0.000195138	2.50737503	0.498934856	0.190390578	1.020016985	0.653374923	0.01841456	3.279953747	-8.50438E-31	0	0	1.14664817	0.123842189	3.066078416
1601	0.08087304	-2.42096E-15	0.43571593	1.654909133	0.101208917	3.142183116	0.981474939	0.000195138	2.5081393	0.498942745	0.190791989	1.020016985	0.653515644	0.0184172	3.280203677	-8.50119E-31	0	0	1.147134499	0.123899585	3.066970873
1602	0.080802333	-2.42096E-15	0.435596585	1.653826831	0.100943967	3.141303584	0.981993639	0.000195138	2.508902267	0.498950612	0.190792999	1.020016985	0.653656156	0.018419837	3.280453324	-8.49766E-31	0	0	1.147620429	0.123956894	3.067862199
1603	0.080731815	-2.42096E-15	0.435478097	1.652745378	0.100679699	3.140792542	0.982511996	0.000195138	2.509663934	0.498958457	0.190793996	1.020016985	0.653796393	0.018422472	3.280702687	-8.50243E-31	0	0	1.14810596	0.124014114	3.068752396
1604	0.080661485	-2.42096E-15	0.432675464	1.651664734	0.100416113	3.139801581	0.983029993	0.000195138	2.510424302	0.498966281	0.190794979	1.020016985	0.653936414	0.018436232	3.280951767	-8.5091E-31	0	0	1.148591093	0.124028068	3.069641465
1605	0.080591341	-2.42096E-15	0.428997217	1.650585027	0.100153205	3.138784802	0.983547559	0.000212204	2.511183373	0.498974083	0.19079595	1.020016985	0.654076161	0.018441372	3.281200564	-8.50979E-31	0	0	1.149075828	0.124034803	3.070529408
1606	0.080521384	-2.42096E-15	0.425345349	1.649506052	0.099890975	3.137794959	0.984064731	0.000230156	2.511941151	0.498981864	0.190796909	1.020016985	0.654215804	0.01844651	3.281448451	-8.50717E-31	0	0	1.149560165	0.124041505	3.071416226
1607	0.080451613	-2.42096E-15	0.421719793	1.648427773	0.09962942	3.136751426	0.984581542	0.000230156	2.512697637	0.498989623	0.190797855	1.020016985	0.654355343	0.018451643	3.281694063	-8.50616E-31	0	0	1.150044105	0.124048174	3.072301921
1608	0.080382028	-2.42096E-15	0.41812048	1.647350178	0.099372486	3.135572423	0.985098007	0.000230156	2.513452833	0.498997361	0.190798788	1.020016985	0.654494778	0.018456791	3.281939397	-8.50817E-31	0	0	1.150527647	0.12405481	3.073186494
1609	0.080312627	-2.42096E-15	0.416451039	1.646273262	0.099116687	3.134200108	0.98561413	0.00023466	2.514195357	0.499005078	0.190799709	1.020016985	0.654634109	0.018461947	3.282184453	-8.50674E-31	0	0	1.151010793	0.124066169	3.074069946
1610	0.08024341	-2.42096E-15	0.41644665	1.645197097	0.098861552	3.132711372	0.986129886	0.000234705	2.516931054	0.499012774	0.190800619	1.020016985	0.65477329	0.018467099	3.282429233	-8.49566E-31	0	0	1.151493543	0.124215916	3.07495228
1611	0.080174377	-2.42096E-15	0.416442298	1.644121715	0.098607079	3.130869008	0.986645221	0.000238728	2.517094218	0.499020448	0.190801516	1.020016985	0.654912342	0.018472248	3.282673735	-8.4957E-31	0	0	1.151975897	0.124370177	3.075833495
1612	0.080105527	-2.42096E-15	0.416437983	1.643047044	0.098353266	3.129045129	0.987160182	0.000238728	2.517240117	0.499028101	0.190802402	1.020016985	0.65505129	0.018477394	3.282917961	-8.49331E-31	0	0	1.152457855	0.124524365	3.076713594
1613	0.08003686	-2.42096E-15	0.416433705	1.641973116	0.098100112	3.128304265	0.987674793	0.000238785	2.517385796	0.499035734	0.190803276	1.020016985	0.655190079	0.018482537	3.283161911	-8.48926E-31	0	0	1.152939418	0.124577659	3.077592579
1614	0.079968374	-2.42096E-15	0.416429464	1.640899911	0.097847613	3.127319574	0.988189069	0.000245242	2.517957048	0.499043345	0.190807298	1.020016985	0.655328715	0.018487676	3.283405586	-8.49062E-31	0	0	1.153420587	0.124630873	3.078386317
1615	0.07990007	-2.42096E-15	0.416425259	1.639827486	0.09759577	3.125962092	0.988703011	0.000245242	2.518703278	0.499050936	0.190814213	1.020016985	0.655467136	0.018492811	3.283648984	-8.49453E-31	0	0	1.153901361	0.124684006	3.079154682
1616	0.079831947	-2.42096E-15	0.416344361	1.638755757	0.09734458	3.124873025	0.989216619	0.000245242	2.519448235	0.499058505	0.190920236	1.020016985	0.655605431	0.018497944	3.283892107	-8.49346E-31	0	0	1.154381741	0.12473706	3.079922231
1617	0.079764004	-2.42096E-15	0.416208844	1.637684789	0.097094041	3.123995967	0.989729876	0.000245242	2.520191923	0.499066054	0.19122085	1.020016985	0.65574355	0.018503073	3.284134956	-8.49636E-31	0	0	1.154861727	0.124773299	3.080688341
1618	0.07969624	-2.42096E-15	0.41607442	1.636614499	0.096844152	3.122443461	0.990242793	0.000245242	2.520934343	0.499073582	0.191369767	1.020016985	0.655881567	0.018508198	3.28437753	-8.4973E-31	0	0	1.155341319	0.124787622	3.081448612
1619	0.079628656	-2.42096E-15	0.415941091	1.635544902	0.096594911	3.120535327	0.990755367	0.000245242	2.521675497	0.499081089	0.191481536	1.020016985	0.656019467	0.01851332	3.284635048	-8.49808E-31	0	0	1.155820519	0.124801923	3.082240595
1620	0.07956125	-2.42096E-15	0.411363174	1.634476023	0.096346317	3.119137723	0.991267593	0.000245242	2.522415387	0.499088576	0.191481536	1.020016985	0.656157232	0.018518439	3.285008991	-8.4968E-31	0	0	1.156299326	0.124816202	3.08284262
1621	0.079494023	-2.42096E-15	0.406384748	1.633407833	0.096098367	3.117982516	0.991779471	0.00024837	2.523154017	0.499096042	0.191481536	1.020016985	0.65629489	0.018523555	3.285382559	-8.49558E-31	0	0	1.15677774	0.124830459	3.083370714
1622	0.079426973	-2.42096E-15	0.401448043	1.632340355	0.095915127	3.117227714	0.992290997	0.00024837	2.523891387	0.499103488	0.191481536	1.020016985	0.656432425	0.018528667	3.285755753	-8.49561E-31	0	0	1.157255763	0.124844694	3.084017785
1623	0.079360099	-2.42096E-15	0.400532747	1.631273567	0.096013244	3.116473095	0.99280217	0.000262211	2.5246275	0.499110913	0.191481536	1.020016985	0.656569856	0.018533776	3.286128572	-8.48977E-31	0	0	1.157733393	0.124858907	3.08503291
1624	0.079293403	-2.42096E-15	0.400528025	1.630207466	0.095913785	3.115702218	0.993312997	0.000269416	2.525362358	0.499118318	0.191481536	1.020016985	0.656707184	0.018538882	3.286501019	-8.29667E-31	0	0	1.158210632	0.124873099	3.086003578
1625	0.079226882	-2.42096E-15	0.400523344	1.62914205	0.095663186	3.114921141	0.993823477	0.000269416	2.526095963	0.499125703	0.191481536	1.020016985	0.656844407	0.018543984	3.286873092	-8.32801E-31	0	0	1.158687481	0.124890133	3.086732875
1626	0.079160536	-2.42096E-15	0.400518704	1.62807732	0.095413248	3.113419298	0.994333611	0.000269416	2.526828318	0.499133067	0.191481536	1.020016985	0.656981527	0.018549083	3.28783294	-8.34291E-31	0	0	1.159163938	0.124908176	3.087107021
1627	0.079094365	-2.42096E-15	0.400514104	1.627013277	0.09527002	3.112359894	0.994843399	0.000269416	2.527559424	0.499140411	0.191481536	1.020047175	0.657118542	0.018554178	3.288795231	-8.35464E-31	0	0	1.159640005	0.124949476	3.088061883
1628	0.079028368	-2.42096E-15	0.400509545	1.625950165	0.095159936	3.111591594	0.995352787	0.000269416	2.528289284	0.499147735	0.191481536	1.020719991	0.657255262	0.01855927	3.289752866	-8.33382E-31	0	0	1.160115682	0.124979087	3.088839891
1629	0.078962545	-2.42096E-15	0.400505026	1.624888009	0.095049974	3.110816424	0.995861702	0.000269416	2.5290179	0.499155039	0.191481536	1.020719991	0.657391735	0.018564359	3.290705864	-8.35223E-31	0	0	1.16059097	0.125008659	3.089540654
1630	0.078896894	-2.42096E-15	0.400500546	1.623826593	0.094941276	3.110035879	0.996370217	0.000269416	2.529745274	0.499162323	0.191481536	1.020719991	0.657528104	0.018569447	3.291281309	-8.36695E-31	0	0	1.161065868	0.125010449	3.090240311
1631	0.078831417	-2.42096E-15	0.400496105	1.622765883	0.094538536	3.109153467	0.996878365	0.000269416	2.530471407	0.499169587	0.191485201	1.020719991	0.65766437	0.018575119	3.29142054	-8.37903E-31	0	0	1.161540377	0.12501079	3.090939055
1632	0.078766111	-2.42096E-15	0.400471333	1.621705893	0.094611193	3.108378611	0.997386151	0.000269416	2.531192513	0.499176831	0.191557683	1.020719991	0.657800516	0.018583675	3.293604522	-8.3607E-31	0	0	1.162014498	0.12501113	3.091636888
1633	0.078700977	-2.42096E-15	0.400335499	1.620646629	0.094452797	3.107603949	0.997893559	0.000269416	2.531903628	0.499184055	0.191869429	1.020719991	0.657936549	0.018587802	3.294423008	-8.37867E-31	0	0	1.162488231	0.12501147	3.09233381
1634	0.078636013	-2.42096E-15	0.400200802	1.619588065	0.094037887	3.10682948	0.998400607	0.000269416	2.532613518	0.49919126	0.191932672	1.020719991	0.658072479	0.018591927	3.294659139	-8.38749E-31	0	0	1.162961576	0.125011809	3.093027512
1635	0.07857122	-2.42096E-15	0.399432715	1.618530227	0.093624786	3.106055203	0.998907278	0.000269416	2.533322186	0.499198445	0.192115955	1.020719991	0.658208296	0.018596326	3.294894837	-8.42105E-31	0	0	1.163434533	0.125087508	3.0937176
1636	0.078506597	-2.42096E-15	0.3943001	1.617473121	0.093213487	3.10542178	0.999413559	0.000269713	2.533554621	0.49920561	0.192299151	1.020719991	0.658344009	0.018601403	3.295130102	-8.43552E-31	0	0	1.163907104	0.125101938	3.094406779
1637	0.078442143	-2.42096E-15	0.38888143	1.616416719	0.092803983	3.104662347	0.999919476	0.000293359	2.533739724	0.499212755	0.192434345	1.020719991	0.658479619	0.018606477	3.295364937	-8.45665E-31	0	0	1.164379288	0.125245425	3.095092933
1638	0.078377858	-2.42096E-15	0.382986783	1.615361056	0.092554403	3.103902546	1.000425028	0.000293359	2.533924352	0.499219881	0.192434345	1.020719991	0.658615093	0.018611547	3.29559934	-8.46339E-31	0	0	1.164851085	0.125274597	3.095642696
1639	0.078313741	-2.42096E-15	0.378728111	1.614306253	0.092615678	3.103142383	1.000930124	0.000293359	2.534594096	0.499226987	0.192434345	1.020719991	0.658750399	0.018616615	3.295833315	-8.49192E-31	0	0	1.165322496	0.125303729	3.096191573
1640	0.078249791	-2.42096E-15	0.374321882	1.613252197	0.092676957	3.102380498	1.001434813	0.000293359	2.535394963	0.499234074	0.192434345	1.020719991	0.658885603	0.018621679	3.296066861	-8.51951E-31	0	0	1.165793521	0.125332823	3.096739565
1641	0.078186009	-2.42096E-15	0.373144895	1.612198849	0.092738237	3.101605725	1.001939135	0.000293359	2.536194744	0.499241142	0.192434345	1.020719991	0.659020704	0.018626739	3.296299979	-8.53036E-31	0	0	1.166264161	0.125361877	3.097286672
1642	0.078122394	-2.42096E-15	0.373050119	1.611146194	0.092573549	3.100640669	1.002443104	0.000293359	2.53699344	0.49924819	0.192434345	1.020719991	0.659155702	0.018631796	3.29652592	-8.54596E-31	0	0	1.166734416	0.125392401	3.097832898
1643	0.078058945	-2.42096E-15	0.372955883	1.610094227	0.092320191	3.099867935	1.002946725	0.000293359	2.537791053	0.499255219	0.192434345	1.020719991	0.659290598	0.018636851	3.296743636	-8.16714E-31	0	0	1.167204286	0.125422963	3.098378243
1644	0.077995661	-2.42096E-15	0.372862183	1.609043064	0.092067527	3.098869149	1.00344993	0.000293359	2.538587584	0.499262229	0.192434345	1.020719991	0.659425344	0.018641901	3.29696103	-5.9628E-31	0	0	1.167673771	0.125453486	3.098922708
1645	0.077932543	-2.42096E-15	0.372769015	1.607992725	0.091815555	3.097486999	1.003952663	0.000293359	2.539382997	0.49926922	0.192434345	1.020719991	0.659559976	0.018646949	3.297178103	-2.9594E-31	0	0	1.168142873	0.12548397	3.099466295
1646	0.07786959	-2.42096E-15	0.372676378	1.606943175	0.091564272	3.096105467	1.004454988	0.000293359	2.540168226	0.499276191	0.192434345	1.020719991	0.659694465	0.018651993	3.297394855	1.08686E-31	0	0	1.168611591	0.125533304	3.100009005
1647	0.0778068	-2.42096E-15	0.372584268	1.605894376	0.091313677	3.094724551	1.004956918	0.00029349	2.541076172	0.499283144	0.192434345	1.020719991	0.659828836	0.018657034	3.297611287	1.5838E-31	0	0	1.169079926	0.125607072	3.10055084
1648	0.077744174	-2.42096E-15	0.372492681	1.604846439	0.091063768	3.094577222	1.005458486	0.000317453	2.541753182	0.499290078	0.192434345	1.020719991	0.659962946	0.018662072	3.297827399	-3.60592E-31	0	0	1.169547877	0.125681727	3.101091802
1649	0.077681711	-2.42096E-15	0.372401615	1.603799404	0.090814543	3.093474799	1.005959702	0.00031901	2.542554067	0.499296992	0.192434345	1.020719991	0.660096744	0.018667106	3.298043192	-4.30637E-31	0	0	1.170015446	0.125756815	3.101631891
1650	0.077619411	-2.42096E-15	0.372311067	1.602753155	0.090566	3.09237277	1.00646057	0.00031901	2.543344139	0.499303888	0.192434345	1.020719991	0.660230343	0.018672138	3.298258667	-6.30628E-31	0	0	1.170482633	0.125831872	3.102171109
1651	0.077557273	-2.42096E-15	0.372221033	1.601707591	0.090318137	3.090473324	1.006961092	0.000319174	2.54413314	0.499310765	0.192434345	1.020719991	0.66036384	0.018677166	3.298473823	-3.96965E-31	0	0	1.170949438	0.125906899	3.102709457
1652	0.077495297	-2.42096E-15	0.372062689	1.600662725	0.090070953	3.088871745	1.007461271	0.000328214	2.54492107	0.499317624	0.192434345	1.020719991	0.660497223	0.01868219	3.298688661	-3.49643E-31	0	0	1.171415862	0.125981896	3.103246937
1653	0.077433481	-2.42096E-15	0.371904407	1.599618746	0.089826913	3.088042816	1.007961104	0.000328214	2.545707933	0.499324463	0.192435349	1.020719991	0.660630301	0.018687212	3.298903182	-4.81111E-31	0	0	1.171881904	0.126056862	3.103783551
1654	0.077371827	-2.42096E-15	0.371451431	1.598575451	0.089588765	3.08721411	1.008460593	0.000328214	2.546493728	0.499331285	0.192444746	1.020719991	0.660763279	0.01869223	3.299117385	-5.35136E-31	0	0	1.172347565	0.126131798	3.104319299
1655	0.077310332	-2.42096E-15	0.371403163	1.597532865	0.089351274	3.086385627	1.008959735	0.000328214	2.547278457	0.499338087	0.19265961	1.020719991	0.660896135	0.018697245	3.299331273	-8.64988E-31	0	0	1.172812846	0.126206704	3.104854183
1656	0.077248997	-2.42096E-15	0.371355187	1.596490996	0.089129224	3.085557366	1.009458523	0.000328214	2.548062122	0.499344871	0.192816531	1.020719991	0.661028866	0.018702257	3.299544844	-6.95085E-31	0	0	1.173277747	0.12628374	3.105388204
1657	0.077187821	-2.42096E-15	0.371307501	1.595449894	0.088868199	3.08466415	1.009956961	0.000328214	2.548844725	0.499351637	0.192816531	1.020719991	0.661161419	0.018707265	3.299758101	-5.73062E-31	0	0	1.173742268	0.126367709	3.105921365
1658	0.077126804	-2.42096E-15	0.371260103	1.59440954	0.088622108	3.083570652	1.010455053	0.000328214	2.549599469	0.499358384	0.192816531	1.020719991	0.66129381	0.018712271	3.299971042	-6.48347E-31	0	0	1.174206409	0.126451649	3.106450544
1659	0.077065945	-2.42096E-15	0.368380234	1.593369927	0.088376702	3.082472151	1.010952793	0.000328214	2.550294955	0.499365113	0.192816531	1.020719991	0.661426051	0.018717273	3.300183668	-6.82723E-31	0	0	1.174670171	0.126535562	3.106977617
1660	0.077005243	-2.42096E-15	0.365005894	1.592331023	0.088064088	3.081374041	1.011450187	0.000328214	2.550989255	0.499371824	0.192816531	1.020719991	0.661558169	0.018722271	3.30039598	-7.85411E-31	0	0	1.175133554	0.126619447	3.107503831
1661	0.076944699	-2.42096E-15	0.361643826	1.59129301	0.087458324	3.080276321	1.011947148	0.000328236	2.55168237	0.499378516	0.192816531	1.020719991	0.661690067	0.018727267	3.300607979	-6.97869E-31	0	0	1.175596559	0.126703304	3.108029189
1662	0.076884312	-2.42096E-15	0.359336537	1.59025575	0.087055345	3.079178994	1.012443697	0.00034062	2.552374304	0.499385191	0.192821463	1.020719991	0.661821865	0.018732259	3.302672175	-5.86527E-31	0	0	1.176059186	0.126787133	3.108553692
1663	0.07682408	-2.42096E-15	0.359292849	1.589219197	0.086711211	3.078241033	1.012939878	0.00034062	2.553065057	0.499391847	0.192868507	1.020719991	0.661953562	0.018737248	3.305576544	-4.10292E-31	0	0	1.176521435	0.126870977	3.109077341
1664	0.076764005	-2.42096E-15	0.359249496	1.588183337	0.086371731	3.077355264	1.013435707	0.00034062	2.553751877	0.499398485	0.192916559	1.020719991	0.662085159	0.018742234	3.308463887	-4.0924E-31	0	0	1.176983306	0.127060689	3.109600137
1665	0.076704085	-2.42096E-15	0.359206476	1.587148164	0.086033574	3.076246274	1.013931189	0.00034062	2.554437089	0.499405106	0.192916559	1.020719991	0.662216656	0.018747217	3.310136685	-4.07856E-31	0	0	1.177444801	0.127265646	3.110122083
1666	0.076644319	-2.42096E-15	0.359163784	1.586113675	0.085799676	3.075196838	1.014426328	0.00034062	2.555121133	0.499411708	0.192916559	1.020719991	0.662348052	0.018752196	3.310453043	-4.06152E-31	0	0	1.177905919	0.127316238	3.110643179
1667	0.076584708	-2.42096E-15	0.35912142	1.585079976	0.085569446	3.074119697	1.014921049	0.00034062	2.55580401	0.499418293	0.192916559	1.020719991	0.662479314	0.018757172	3.310769077	-4.03686E-31	0	0	1.17836666	0.127366756	3.111163427
1668	0.076525251	-2.42096E-15	0.358647937	1.584047337	0.085339836	3.073042933	1.015415082	0.00034062	2.556485724	0.499424859	0.193001626	1.020719991	0.662610445	0.018761268	3.311038649	-4.02245E-31	0	0	1.178827025	0.1274172	3.111682827
1669	0.076465947	-2.42096E-15	0.357277637	1.58301554	0.085113017	3.071962391	1.015908613	0.00034062	2.557166276	0.499431409	0.193043634	1.020719991	0.662741477	0.018765006	3.31120482	-4.00931E-31	0	0	1.179287015	0.12746757	3.112201383
1670	0.076406796	-2.42096E-15	0.355917498	1.58198448	0.084887469	3.070871221	1.016401746	0.00034062	2.557845668	0.49943794	0.193043634	1.020719991	0.662872407	0.018768741	3.311368229	-4.05005E-31	0	0	1.17974663	0.127517868	3.112719094
1671	0.076347798	-2.42096E-15	0.354567453	1.580954121	0.08466252	3.069520521	1.01689452	0.00034062	2.558562222	0.499444454	0.193043634	1.020719991	0.663003238	0.018772474	3.311813466	-4.90983E-31	0	0	1.18020587	0.127568091	3.113235962
1672	0.076288951	-2.42096E-15	0.353284854	1.579924447	0.084438167	3.068222424	1.017386948	0.00034062	2.559367211	0.49945095	0.193043634	1.020719991	0.663133969	0.018776205	3.312021755	-4.94752E-31	0	0	1.180664735	0.127826494	3.113751989
1673	0.076230256	-2.42096E-15	0.353281688	1.578895499	0.084214408	3.067027424	1.017879034	0.00034062	2.560014774	0.499457429	0.193043634	1.020719991	0.663264555	0.018779933	3.312229741	-4.9707E-31	0	0	1.181123227	0.128113739	3.114267177
1674	0.076171712	-2.42096E-15	0.353278552	1.577867396	0.083991242	3.065262892	1.018370781	0.000340783	2.560661546	0.49946389	0.193043634	1.020719991	0.663394877	0.01878366	3.312437426	-5.00213E-31	0	0	1.181581344	0.128401277	3.114781525
1675	0.076113318	-2.42096E-15	0.353275448	1.576840324	0.083768668	3.064174675	1.018862106	0.000347602	2.561307529	0.499470334	0.193043634	1.020719991	0.66352483	0.018787384	3.312644809	-4.98286E-31	0	0	1.182039089	0.12843567	3.115430538
1676	0.076055075	-2.42096E-15	0.353272374	1.575814007	0.083546683	3.0634104	1.019353014	0.000347602	2.561952723	0.49947676	0.193043634	1.020719991	0.663654684	0.018791105	3.31285189	-4.96454E-31	0	0	1.18249646	0.128437871	3.116165393
1677	0.07599698	-2.42096E-15	0.353269331	1.574788396	0.083325287	3.062444116	1.019843556	0.000349816	2.562597129	0.49948317	0.193043634	1.020719991	0.663784439	0.018794824	3.313058671	-4.90432E-31	0	0	1.182953459	0.12844007	3.116899407
1678	0.075939035	-2.42096E-15	0.353189269	1.57376347	0.083104812	3.061302488	1.020333752	0.000349816	2.563270254	0.499489562	0.193043634	1.020719991	0.663914096	0.018798541	3.313265152	-4.89145E-31	0	0	1.183410085	0.128442268	3.117632582
1679	0.075881239	-2.42096E-15	0.350031298	1.572739259	0.082853002	3.060158781	1.020823607	0.000349816	2.563944312	0.499495937	0.193043634	1.020719991	0.664043618	0.018802326	3.313471333	-4.90817E-31	0	0	1.183866339	0.128444465	3.118364918
1680	0.075823591	-2.42096E-15	0.3442475	1.571715859	0.082456529	3.059015501	1.021313082	0.000349816	2.564617231	0.499502295	0.193043634	1.020719991	0.664172951	0.018806126	3.313677215	-4.85605E-31	0	0	1.184322222	0.128446659	3.119096416
1681	0.07576609	-2.42096E-15	0.341459806	1.57069318	0.082279023	3.057872646	1.021802192	0.000366912	2.565289013	0.499508636	0.193043634	1.020719991	0.664302169	0.018809923	3.313882798	-4.8419E-31	0	0	1.184777733	0.128448853	3.119827077
1682	0.075708737	-2.42096E-15	0.340216416	1.569671355	0.082101629	3.057031517	1.022290941	0.000388329	2.56595966	0.49951496	0.193043634	1.020719991	0.664431133	0.018813719	3.314088082	-4.81577E-31	0	0	1.185232874	0.128463846	3.120556902
1683	0.075651531	-2.42096E-15	0.338982316	1.568650212	0.08192435	3.056225194	1.022779348	0.000388329	2.566629173	0.499521267	0.193043634	1.020719991	0.664559999	0.018817511	3.314293069	-4.76894E-31	0	0	1.185687644	0.128545248	3.121285892
1684	0.075594471	-2.42096E-15	0.337757442	1.56762987	0.081747186	3.055136434	1.023267397	0.000388329	2.567297554	0.499527557	0.193043634	1.020719991	0.664688662	0.018821302	3.314497757	-4.73989E-31	0	0	1.186142043	0.128626623	3.121932889
1685	0.075537557	-2.42096E-15	0.336539246	1.566610302	0.081570138	3.054048062	1.023755057	0.000404932	2.568067442	0.499533831	0.193043634	1.020719991	0.664817181	0.01882509	3.314702149	-4.73077E-31	0	0	1.186596073	0.128707971	3.122410779
1686	0.075480788	-2.42096E-15	0.335278918	1.565591426	0.081360197	3.052960078	1.024242363	0.000404932	2.569107638	0.499540087	0.193043634	1.020719991	0.664945602	0.01882895	3.314906244	-4.71314E-31	0	0	1.187049734	0.128790677	3.122882611
1687	0.075424164	-2.42096E-15	0.334027935	1.564573225	0.08118679	3.051080833	1.024729333	0.000404932	2.570145249	0.499546327	0.193043634	1.020719991	0.665073925	0.018836319	3.315110042	-4.68355E-31	0	0	1.187503025	0.128873811	3.123353573
1688	0.075367685	-2.42096E-15	0.332786234	1.563555693	0.081046532	3.050079128	1.025215973	0.000404932	2.571181604	0.499552551	0.193043634	1.020719991	0.665202151	0.018843687	3.315313545	-4.67679E-31	0	0	1.187955947	0.128956917	3.123823665
1689	0.07531135	-2.42096E-15	0.331553747	1.562538829	0.080869867	3.049077752	1.025702284	0.000404932	2.572217022	0.499558758	0.193043634	1.020719991	0.665330278	0.018851052	3.315516752	-4.67132E-31	0	0	1.188408501	0.129039996	3.12429289
1690	0.075255159	-2.42096E-15	0.330330412	1.561522633	0.080693327	3.048067279	1.026188266	0.000404932	2.573251505	0.499564948	0.193043634	1.020719991	0.665458308	0.018858416	3.315719665	-4.67443E-31	0	0	1.188860686	0.129123047	3.124732119
1691	0.075199111	-2.42096E-15	0.329116164	1.560507103	0.080556349	3.046572682	1.026673921	0.000404932	2.574285052	0.499571122	0.193043634	1.020719991	0.66558624	0.018865777	3.315922282	-4.6897E-31	0	0	1.189312504	0.12920607	3.125148901
1692	0.075143205	-2.42096E-15	0.327910938	1.55949224	0.080610441	3.045306659	1.027159247	0.000404932	2.575317666	0.49957728	0.193043634	1.020719991	0.665714074	0.018873137	3.316124606	-4.67744E-31	0	0	1.189763953	0.129289066	3.125564964
1693	0.075087442	-2.42096E-15	0.327145855	1.558478045	0.08050577	3.043585431	1.027644245	0.000404932	2.576349347	0.499583421	0.193043634	1.020719991	0.66584181	0.018880494	3.316326636	-4.66683E-31	0	0	1.190215036	0.129372034	3.125980308
1694	0.075031821	-2.42096E-15	0.327083939	1.557464517	0.080286377	3.041655552	1.028128915	0.000404932	2.577156084	0.499589546	0.193043634	1.020719991	0.665969449	0.01888785	3.316528372	-4.65556E-31	0	0	1.190665751	0.129454974	3.126394936
1695	0.074976341	-2.42096E-15	0.327022408	1.556451658	0.080067576	3.039911771	1.028613256	0.000404932	2.57790899	0.499595655	0.193043634	1.020719991	0.66609699	0.018895203	3.316729816	-4.64694E-31	0	0	1.1911161	0.129537887	3.127067206
1696	0.074921002	-2.42096E-15	0.326961259	1.555439466	0.079849366	3.038003001	1.029097268	0.000404932	2.578660135	0.499601748	0.193043634	1.020719991	0.666224433	0.0189007	3.316930967	-4.65859E-31	0	0	1.191566082	0.129620772	3.127688792
1697	0.074865804	-2.42096E-15	0.32690049	1.554427944	0.079631744	3.035888109	1.029580951	0.000404932	2.579398044	0.499607825	0.193043634	1.020719991	0.666351778	0.018905574	3.317131826	-4.65588E-31	0	0	1.192015698	0.129703629	3.128378866
1698	0.074810746	-2.42096E-15	0.326022803	1.55341709	0.079414709	3.034385712	1.030064304	0.000404932	2.580132972	0.499613886	0.193043634	1.020719991	0.666479026	0.018910444	3.317332394	-4.65247E-31	0	0	1.192464949	0.129786459	3.128912759
1699	0.074755827	-2.42096E-15	0.324080525	1.552406948	0.07919826	3.032787265	1.030547321	0.000404932	2.580816053	0.49961993	0.193043634	1.020719991	0.66660614	0.018915312	3.31753267	-4.27654E-31	0	0	1.192913834	0.129869262	3.129325744
1700	0.074701047	-2.42096E-15	0.322126896	1.551397499	0.078982395	3.031294681	1.031029995	0.000411174	2.581257924	0.499625959	0.193043634	1.020719991	0.666733147	0.018920176	3.317732656	-3.89242E-31	0	0	1.193362354	0.129952037	3.129737943
1701	0.074646406	-2.42096E-15	0.32015972	1.550388792	0.078774402	3.029826605	1.03151233	0.000415512	2.581699186	0.499631972	0.193043634	1.020719991	0.666859991	0.018925037	3.317932351	-3.92471E-31	0	0	1.193810509	0.130034784	3.130384072
1702	0.074591903	-2.42096E-15	0.318159478	1.549380828	0.078672157	3.028152165	1.031994322	0.000415512	2.582139841	0.49963797	0.193043634	1.020719991	0.666986677	0.018929895	3.318131757	-3.9261E-31	0	0	1.1942583	0.130117504	3.13150152
1703	0.074537538	-2.42096E-15	0.316192971	1.548373744	0.078670214	3.026474855	1.032475945	0.000415512	2.582579889	0.499643951	0.193043634	1.020719991	0.667113095	0.018934749	3.318330873	-3.94414E-31	0	0	1.194705726	0.130200196	3.131708712
1704	0.07448331	-2.42096E-15	0.314307807	1.547367428	0.078668143	3.024784386	1.032957176	0.000417566	2.58318688	0.499649917	0.193043634	1.020719991	0.66723938	0.018939601	3.3185297	-3.963E-31	0	0	1.195152789	0.13028286	3.13187179
1705	0.074429219	-2.42096E-15	0.313137486	1.546361797	0.078665945	3.023116911	1.03343806	0.000417566	2.584407853	0.499655868	0.193043634	1.020719991	0.667365568	0.018944449	3.318728238	-3.97963E-31	0	0	1.195599489	0.130365498	3.132034434
1706	0.074375263	-2.42096E-15	0.312052886	1.545356835	0.078651689	3.022334097	1.033918613	0.000417566	2.585795435	0.499661803	0.193043634	1.020719991	0.66749166	0.018949295	3.318926488	-4.0061E-31	0	0	1.196045826	0.130448107	3.132196644
1707	0.074321444	-2.42096E-15	0.310976363	1.544352543	0.078331129	3.021551447	1.034398836	0.000417566	2.586775902	0.499667722	0.193043634	1.020719991	0.667617656	0.018954137	3.319124451	-4.01314E-31	0	0	1.196491799	0.130531834	3.132558558
1708	0.07426776	-2.42096E-15	0.309907859	1.543348919	0.078011868	3.020301069	1.034878728	0.000417566	2.587525274	0.499673626	0.193043634	1.020719991	0.667743557	0.018958976	3.319512787	-4.0334E-31	0	0	1.196937411	0.130615882	3.13293448
1709	0.07421421	-2.42096E-15	0.308847315	1.542346027	0.077693902	3.019406284	1.03535829	0.000417566	2.588273643	0.499679515	0.193043634	1.020719991	0.667869298	0.018963812	3.320074504	-4.05923E-31	0	0	1.19738266	0.130699897	3.133333843
1710	0.074160795	-2.42096E-15	0.307128012	1.541343923	0.077377225	3.018511764	1.035837527	0.000417566	2.589009136	0.499685389	0.193043634	1.020719991	0.667994819	0.018968645	3.320635777	-4.10665E-31	0	0	1.197827548	0.130783878	3.133732435
1711	0.074107514	-2.42096E-15	0.305023543	1.540342485	0.077061832	3.01761751	1.036316437	0.000417566	2.58974097	0.499691247	0.193043634	1.020719991	0.668120244	0.018973474	3.321196607	-4.26008E-31	0	0	1.198272074	0.130867827	3.13413026
1712	0.074054366	-2.42096E-15	0.302311952	1.539341713	0.076743401	3.017044435	1.036795019	0.000417566	2.590471826	0.49969709	0.193045845	1.020719991	0.668245574	0.018978301	3.321756994	-4.26092E-31	0	0	1.198716238	0.1308724	3.134527317
1713	0.07400135	-2.42096E-15	0.299621004	1.538341624	0.076423428	3.017005265	1.037273269	0.000425812	2.591201707	0.499702918	0.193415701	1.020719991	0.668370796	0.018983124	3.322316939	-4.2427E-31	0	0	1.199160042	0.130886566	3.134923608
1714	0.073948468	-2.42096E-15	0.296950607	1.537342338	0.076110462	3.016254073	1.037751118	0.000428618	2.591930614	0.499708732	0.193567354	1.020719991	0.668495858	0.018987944	3.322876441	-4.2414E-31	0	0	1.199603486	0.130961086	3.135319136
1715	0.073895717	-2.42096E-15	0.294300664	1.536343775	0.075803556	3.015485176	1.038228583	0.000428618	2.592819841	0.49971453	0.193567354	1.020719991	0.668620826	0.018992762	3.323435501	-4.2431E-31	0	0	1.200046569	0.130967226	3.1357139
1716	0.073843098	-2.42096E-15	0.292027499	1.535345899	0.075589468	3.014485864	1.038705699	0.000428618	2.593765176	0.499720313	0.193567354	1.020719991	0.668745698	0.018997576	3.323994119	-4.26388E-31	0	0	1.200489293	0.130973333	3.136107904
1717	0.073790609	-2.42096E-15	0.29024119	1.534348755	0.075379815	3.012868471	1.039182472	0.000428618	2.594709639	0.499726082	0.193567354	1.020719991	0.668870425	0.019002386	3.324552296	-4.2783E-31	0	0	1.200931657	0.130979406	3.136501147
1718	0.073738251	-2.42096E-15	0.288465715	1.533352349	0.075170748	3.011365145	1.039658887	0.000429722	2.595653232	0.499731836	0.193567354	1.020719991	0.668995015	0.019007194	3.325110032	-4.291E-31	0	0	1.201373661	0.130985446	3.136893633
1719	0.073686023	-2.42096E-15	0.288140328	1.532356623	0.074962264	3.010469505	1.04013496	0.000440515	2.596595954	0.499737575	0.193567354	1.020719991	0.669119511	0.019011999	3.325667328	-4.27765E-31	0	0	1.201815307	0.130992641	3.137285361
1720	0.073633925	-2.42096E-15	0.288096623	1.531361572	0.074756733	3.011309782	1.040610699	0.000441653	2.59753396	0.4997433	0.193567354	1.020719991	0.66924391	0.019016801	3.326224183	-4.28817E-31	0	0	1.202256594	0.131000432	3.137676335
1721	0.073581956	-2.42096E-15	0.287623574	1.53036719	0.074552138	3.010319762	1.041086106	0.000441653	2.598465027	0.49974901	0.193567354	1.020719991	0.669368215	0.019021599	3.326780598	-4.3078E-31	0	0	1.202697523	0.131080222	3.138066554
1722	0.073530115	-2.42096E-15	0.285953706	1.529373597	0.074352802	3.009330068	1.041561183	0.000441653	2.59939523	0.499754705	0.193567354	1.020719991	0.669492306	0.019026394	3.327336574	-4.31247E-31	0	0	1.203138094	0.131224343	3.138510303
1723	0.073478402	-2.42096E-15	0.284293387	1.528380883	0.074194965	3.0083407	1.042035925	0.000443537	2.600117275	0.499760387	0.193567354	1.020719991	0.669616096	0.019031187	3.327892111	-4.31564E-31	0	0	1.203578308	0.131368422	3.138985189
1724	0.073426817	-2.42096E-15	0.282642572	1.527388835	0.07424608	3.007351657	1.042510339	0.000443537	2.600540028	0.499766053	0.193570546	1.020719991	0.669739791	0.019035976	3.328447209	-4.3298E-31	0	0	1.204018164	0.13151246	3.139459303
1725	0.07337536	-2.42096E-15	0.281001099	1.526397452	0.074297242	3.00636294	1.042984428	0.000443537	2.601198322	0.499771706	0.193578975	1.020719991	0.669863391	0.019040762	3.328780137	-4.31868E-31	0	0	1.204457663	0.131658455	3.139932644
1726	0.073324028	-2.42096E-15	0.279316066	1.525406729	0.074083224	3.005366365	1.043458194	0.000443537	2.602046576	0.499777344	0.193605432	1.020719991	0.669986897	0.019045558	3.329087818	-4.32883E-31	0	0	1.204896806	0.131807681	3.140405216
1727	0.073272823	-2.42096E-15	0.277640764	1.524416669	0.073817232	3.004369088	1.043931638	0.00045662	2.602350384	0.499782968	0.19360544	1.020719991	0.670110308	0.019050413	3.329395188	-4.32881E-31	0	0	1.205335593	0.132004834	3.140877018
1728	0.073221744	-2.42096E-15	0.275975146	1.52342727	0.073554268	3.003372142	1.044404759	0.000469149	2.603022352	0.499788578	0.193605449	1.020719991	0.670233625	0.019055264	3.329702246	-4.33578E-31	0	0	1.205774024	0.1322717	3.141348052
1729	0.07317079	-2.42096E-15	0.274319165	1.522438533	0.073292251	3.002375527	1.044877557	0.000469156	2.60383934	0.499794174	0.193605458	1.020719991	0.670356847	0.019060112	3.330008993	-4.34598E-31	0	0	1.206212099	0.13235551	3.141818319
